force,slug,fy,offence_group,closed_oocd,closed_charge,recorded_oocd,recorded_charge
Avon and Somerset,avon-and-somerset,2014/15,Criminal damage and arson,1029,1226,1035,1238
Avon and Somerset,avon-and-somerset,2014/15,Drug offences,2351,1603,2354,1564
Avon and Somerset,avon-and-somerset,2014/15,Fraud offences to 2012/13,0,0,0,0
Avon and Somerset,avon-and-somerset,2014/15,Miscellaneous crimes against society,188,521,187,491
Avon and Somerset,avon-and-somerset,2014/15,Possession of weapons offences,59,294,58,298
Avon and Somerset,avon-and-somerset,2014/15,Public order offences,786,1487,765,1480
Avon and Somerset,avon-and-somerset,2014/15,Robbery,3,168,3,174
Avon and Somerset,avon-and-somerset,2014/15,Sexual offences,59,414,58,349
Avon and Somerset,avon-and-somerset,2014/15,Theft offences,2680,5541,2669,5500
Avon and Somerset,avon-and-somerset,2014/15,Violence against the person,2016,4800,1989,4820
Avon and Somerset,avon-and-somerset,2015/16,Criminal damage and arson,606,1069,639,1264
Avon and Somerset,avon-and-somerset,2015/16,Drug offences,1535,1189,1652,1257
Avon and Somerset,avon-and-somerset,2015/16,Fraud offences to 2012/13,0,0,0,0
Avon and Somerset,avon-and-somerset,2015/16,Miscellaneous crimes against society,93,332,113,370
Avon and Somerset,avon-and-somerset,2015/16,Possession of weapons offences,39,212,51,220
Avon and Somerset,avon-and-somerset,2015/16,Public order offences,440,1057,486,1243
Avon and Somerset,avon-and-somerset,2015/16,Robbery,2,88,6,135
Avon and Somerset,avon-and-somerset,2015/16,Sexual offences,33,234,48,340
Avon and Somerset,avon-and-somerset,2015/16,Theft offences,1728,3857,1890,4457
Avon and Somerset,avon-and-somerset,2015/16,Violence against the person,1388,3596,1654,4410
Avon and Somerset,avon-and-somerset,2016/17,Criminal damage and arson,671,1258,613,1124
Avon and Somerset,avon-and-somerset,2016/17,Drug offences,1458,1189,1405,1395
Avon and Somerset,avon-and-somerset,2016/17,Fraud offences to 2012/13,0,0,0,0
Avon and Somerset,avon-and-somerset,2016/17,Miscellaneous crimes against society,110,386,104,425
Avon and Somerset,avon-and-somerset,2016/17,Possession of weapons offences,60,265,53,282
Avon and Somerset,avon-and-somerset,2016/17,Public order offences,584,1487,560,1392
Avon and Somerset,avon-and-somerset,2016/17,Robbery,14,171,9,140
Avon and Somerset,avon-and-somerset,2016/17,Sexual offences,54,351,47,413
Avon and Somerset,avon-and-somerset,2016/17,Theft offences,1617,4784,1435,4489
Avon and Somerset,avon-and-somerset,2016/17,Violence against the person,1808,4848,1584,4291
Avon and Somerset,avon-and-somerset,2017/18,Criminal damage and arson,494,1000,546,1017
Avon and Somerset,avon-and-somerset,2017/18,Drug offences,1197,1069,1227,1034
Avon and Somerset,avon-and-somerset,2017/18,Fraud offences to 2012/13,0,0,0,0
Avon and Somerset,avon-and-somerset,2017/18,Miscellaneous crimes against society,112,344,108,381
Avon and Somerset,avon-and-somerset,2017/18,Possession of weapons offences,56,307,64,328
Avon and Somerset,avon-and-somerset,2017/18,Public order offences,432,1361,456,1462
Avon and Somerset,avon-and-somerset,2017/18,Robbery,10,156,14,162
Avon and Somerset,avon-and-somerset,2017/18,Sexual offences,37,384,48,364
Avon and Somerset,avon-and-somerset,2017/18,Theft offences,923,3473,967,3441
Avon and Somerset,avon-and-somerset,2017/18,Violence against the person,1303,4172,1419,4503
Avon and Somerset,avon-and-somerset,2018/19,Criminal damage and arson,522,925,572,1057
Avon and Somerset,avon-and-somerset,2018/19,Drug offences,864,943,902,1066
Avon and Somerset,avon-and-somerset,2018/19,Fraud offences to 2012/13,0,0,0,0
Avon and Somerset,avon-and-somerset,2018/19,Miscellaneous crimes against society,69,293,73,316
Avon and Somerset,avon-and-somerset,2018/19,Possession of weapons offences,57,336,65,390
Avon and Somerset,avon-and-somerset,2018/19,Public order offences,427,1374,449,1531
Avon and Somerset,avon-and-somerset,2018/19,Robbery,6,124,8,149
Avon and Somerset,avon-and-somerset,2018/19,Sexual offences,43,269,39,336
Avon and Somerset,avon-and-somerset,2018/19,Theft offences,754,3007,797,3475
Avon and Somerset,avon-and-somerset,2018/19,Violence against the person,1304,4140,1413,4500
Avon and Somerset,avon-and-somerset,2019/20,Criminal damage and arson,622,1021,521,900
Avon and Somerset,avon-and-somerset,2019/20,Drug offences,1314,1155,1448,1167
Avon and Somerset,avon-and-somerset,2019/20,Fraud offences to 2012/13,0,0,0,0
Avon and Somerset,avon-and-somerset,2019/20,Miscellaneous crimes against society,86,357,84,322
Avon and Somerset,avon-and-somerset,2019/20,Possession of weapons offences,119,421,118,376
Avon and Somerset,avon-and-somerset,2019/20,Public order offences,519,1667,482,1502
Avon and Somerset,avon-and-somerset,2019/20,Robbery,21,189,23,194
Avon and Somerset,avon-and-somerset,2019/20,Sexual offences,67,273,65,304
Avon and Somerset,avon-and-somerset,2019/20,Theft offences,766,3693,641,3238
Avon and Somerset,avon-and-somerset,2019/20,Violence against the person,1660,4295,1541,3928
Avon and Somerset,avon-and-somerset,2020/21,Criminal damage and arson,495,894,508,896
Avon and Somerset,avon-and-somerset,2020/21,Drug offences,1755,1116,1709,1100
Avon and Somerset,avon-and-somerset,2020/21,Fraud offences to 2012/13,0,0,0,0
Avon and Somerset,avon-and-somerset,2020/21,Miscellaneous crimes against society,75,260,74,308
Avon and Somerset,avon-and-somerset,2020/21,Possession of weapons offences,107,366,115,366
Avon and Somerset,avon-and-somerset,2020/21,Public order offences,507,1667,526,1701
Avon and Somerset,avon-and-somerset,2020/21,Robbery,25,190,23,171
Avon and Somerset,avon-and-somerset,2020/21,Sexual offences,44,241,46,336
Avon and Somerset,avon-and-somerset,2020/21,Theft offences,432,2289,414,1903
Avon and Somerset,avon-and-somerset,2020/21,Violence against the person,1693,3895,1718,3835
Avon and Somerset,avon-and-somerset,2021/22,Criminal damage and arson,546,817,578,872
Avon and Somerset,avon-and-somerset,2021/22,Drug offences,1304,962,1187,872
Avon and Somerset,avon-and-somerset,2021/22,Fraud offences to 2012/13,0,0,0,0
Avon and Somerset,avon-and-somerset,2021/22,Miscellaneous crimes against society,94,267,112,309
Avon and Somerset,avon-and-somerset,2021/22,Possession of weapons offences,138,278,139,278
Avon and Somerset,avon-and-somerset,2021/22,Public order offences,614,1633,615,1684
Avon and Somerset,avon-and-somerset,2021/22,Robbery,25,128,29,116
Avon and Somerset,avon-and-somerset,2021/22,Sexual offences,70,336,79,504
Avon and Somerset,avon-and-somerset,2021/22,Theft offences,514,1786,537,1809
Avon and Somerset,avon-and-somerset,2021/22,Violence against the person,2069,3884,2148,4156
Avon and Somerset,avon-and-somerset,2022/23,Criminal damage and arson,597,852,559,797
Avon and Somerset,avon-and-somerset,2022/23,Drug offences,1081,888,1055,880
Avon and Somerset,avon-and-somerset,2022/23,Fraud offences to 2012/13,0,0,0,0
Avon and Somerset,avon-and-somerset,2022/23,Miscellaneous crimes against society,145,294,138,287
Avon and Somerset,avon-and-somerset,2022/23,Possession of weapons offences,157,337,156,357
Avon and Somerset,avon-and-somerset,2022/23,Public order offences,682,1576,698,1663
Avon and Somerset,avon-and-somerset,2022/23,Robbery,25,153,19,184
Avon and Somerset,avon-and-somerset,2022/23,Sexual offences,90,440,72,491
Avon and Somerset,avon-and-somerset,2022/23,Theft offences,637,2187,658,2349
Avon and Somerset,avon-and-somerset,2022/23,Violence against the person,2123,4113,2111,4303
Avon and Somerset,avon-and-somerset,2023/24,Criminal damage and arson,438,793,409,814
Avon and Somerset,avon-and-somerset,2023/24,Drug offences,877,866,854,918
Avon and Somerset,avon-and-somerset,2023/24,Fraud offences to 2012/13,0,0,0,0
Avon and Somerset,avon-and-somerset,2023/24,Miscellaneous crimes against society,137,238,147,232
Avon and Somerset,avon-and-somerset,2023/24,Possession of weapons offences,128,324,129,339
Avon and Somerset,avon-and-somerset,2023/24,Public order offences,469,1447,436,1446
Avon and Somerset,avon-and-somerset,2023/24,Robbery,21,172,27,217
Avon and Somerset,avon-and-somerset,2023/24,Sexual offences,71,451,73,428
Avon and Somerset,avon-and-somerset,2023/24,Theft offences,717,2506,683,2650
Avon and Somerset,avon-and-somerset,2023/24,Violence against the person,1933,4094,1923,4378
Avon and Somerset,avon-and-somerset,2024/25,Criminal damage and arson,332,741,336,738
Avon and Somerset,avon-and-somerset,2024/25,Drug offences,666,947,670,813
Avon and Somerset,avon-and-somerset,2024/25,Fraud offences to 2012/13,0,0,0,0
Avon and Somerset,avon-and-somerset,2024/25,Miscellaneous crimes against society,165,293,155,236
Avon and Somerset,avon-and-somerset,2024/25,Possession of weapons offences,112,318,94,312
Avon and Somerset,avon-and-somerset,2024/25,Public order offences,450,1568,436,1563
Avon and Somerset,avon-and-somerset,2024/25,Robbery,24,265,22,239
Avon and Somerset,avon-and-somerset,2024/25,Sexual offences,96,543,111,299
Avon and Somerset,avon-and-somerset,2024/25,Theft offences,531,3215,524,3251
Avon and Somerset,avon-and-somerset,2024/25,Violence against the person,1793,4428,1745,4328
Avon and Somerset,avon-and-somerset,2025/26,Criminal damage and arson,325,782,279,611
Avon and Somerset,avon-and-somerset,2025/26,Drug offences,731,989,611,691
Avon and Somerset,avon-and-somerset,2025/26,Fraud offences to 2012/13,0,0,0,0
Avon and Somerset,avon-and-somerset,2025/26,Miscellaneous crimes against society,132,469,110,277
Avon and Somerset,avon-and-somerset,2025/26,Possession of weapons offences,94,317,84,240
Avon and Somerset,avon-and-somerset,2025/26,Public order offences,400,1972,361,1667
Avon and Somerset,avon-and-somerset,2025/26,Robbery,33,374,25,292
Avon and Somerset,avon-and-somerset,2025/26,Sexual offences,76,699,51,202
Avon and Somerset,avon-and-somerset,2025/26,Theft offences,630,4397,609,3983
Avon and Somerset,avon-and-somerset,2025/26,Violence against the person,1477,4844,1309,3481
Bedfordshire,bedfordshire,2014/15,Criminal damage and arson,360,395,261,284
Bedfordshire,bedfordshire,2014/15,Drug offences,700,513,515,365
Bedfordshire,bedfordshire,2014/15,Fraud offences to 2012/13,0,2,0,0
Bedfordshire,bedfordshire,2014/15,Miscellaneous crimes against society,75,310,56,238
Bedfordshire,bedfordshire,2014/15,Possession of weapons offences,57,168,37,134
Bedfordshire,bedfordshire,2014/15,Public order offences,252,392,211,285
Bedfordshire,bedfordshire,2014/15,Robbery,5,119,4,88
Bedfordshire,bedfordshire,2014/15,Sexual offences,5,128,4,109
Bedfordshire,bedfordshire,2014/15,Theft offences,1048,1812,763,1268
Bedfordshire,bedfordshire,2014/15,Violence against the person,1219,1551,886,1166
Bedfordshire,bedfordshire,2015/16,Criminal damage and arson,375,404,389,445
Bedfordshire,bedfordshire,2015/16,Drug offences,564,424,569,430
Bedfordshire,bedfordshire,2015/16,Fraud offences to 2012/13,0,0,0,0
Bedfordshire,bedfordshire,2015/16,Miscellaneous crimes against society,52,269,52,268
Bedfordshire,bedfordshire,2015/16,Possession of weapons offences,77,147,74,149
Bedfordshire,bedfordshire,2015/16,Public order offences,235,329,226,328
Bedfordshire,bedfordshire,2015/16,Robbery,4,93,5,96
Bedfordshire,bedfordshire,2015/16,Sexual offences,15,184,14,171
Bedfordshire,bedfordshire,2015/16,Theft offences,930,1569,935,1591
Bedfordshire,bedfordshire,2015/16,Violence against the person,1130,1526,1101,1534
Bedfordshire,bedfordshire,2016/17,Criminal damage and arson,329,400,318,355
Bedfordshire,bedfordshire,2016/17,Drug offences,572,463,553,474
Bedfordshire,bedfordshire,2016/17,Fraud offences to 2012/13,0,0,0,0
Bedfordshire,bedfordshire,2016/17,Miscellaneous crimes against society,34,195,39,204
Bedfordshire,bedfordshire,2016/17,Possession of weapons offences,48,216,50,226
Bedfordshire,bedfordshire,2016/17,Public order offences,184,367,187,367
Bedfordshire,bedfordshire,2016/17,Robbery,6,93,7,99
Bedfordshire,bedfordshire,2016/17,Sexual offences,11,130,17,101
Bedfordshire,bedfordshire,2016/17,Theft offences,983,1699,976,1689
Bedfordshire,bedfordshire,2016/17,Violence against the person,964,1498,993,1491
Bedfordshire,bedfordshire,2017/18,Criminal damage and arson,272,289,274,298
Bedfordshire,bedfordshire,2017/18,Drug offences,508,407,548,408
Bedfordshire,bedfordshire,2017/18,Fraud offences to 2012/13,0,0,0,0
Bedfordshire,bedfordshire,2017/18,Miscellaneous crimes against society,38,177,37,152
Bedfordshire,bedfordshire,2017/18,Possession of weapons offences,65,241,67,242
Bedfordshire,bedfordshire,2017/18,Public order offences,175,346,183,359
Bedfordshire,bedfordshire,2017/18,Robbery,4,93,3,90
Bedfordshire,bedfordshire,2017/18,Sexual offences,18,96,15,85
Bedfordshire,bedfordshire,2017/18,Theft offences,587,1317,591,1322
Bedfordshire,bedfordshire,2017/18,Violence against the person,846,1394,893,1440
Bedfordshire,bedfordshire,2018/19,Criminal damage and arson,225,270,231,274
Bedfordshire,bedfordshire,2018/19,Drug offences,570,453,596,550
Bedfordshire,bedfordshire,2018/19,Fraud offences to 2012/13,0,0,0,0
Bedfordshire,bedfordshire,2018/19,Miscellaneous crimes against society,39,164,38,238
Bedfordshire,bedfordshire,2018/19,Possession of weapons offences,47,214,49,216
Bedfordshire,bedfordshire,2018/19,Public order offences,201,325,200,345
Bedfordshire,bedfordshire,2018/19,Robbery,7,88,8,103
Bedfordshire,bedfordshire,2018/19,Sexual offences,21,75,24,193
Bedfordshire,bedfordshire,2018/19,Theft offences,504,1270,508,1241
Bedfordshire,bedfordshire,2018/19,Violence against the person,766,1246,754,1244
Bedfordshire,bedfordshire,2019/20,Criminal damage and arson,242,230,236,239
Bedfordshire,bedfordshire,2019/20,Drug offences,818,546,789,596
Bedfordshire,bedfordshire,2019/20,Fraud offences to 2012/13,0,0,0,0
Bedfordshire,bedfordshire,2019/20,Miscellaneous crimes against society,28,210,27,201
Bedfordshire,bedfordshire,2019/20,Possession of weapons offences,44,201,41,221
Bedfordshire,bedfordshire,2019/20,Public order offences,201,335,196,349
Bedfordshire,bedfordshire,2019/20,Robbery,8,84,6,90
Bedfordshire,bedfordshire,2019/20,Sexual offences,19,98,20,136
Bedfordshire,bedfordshire,2019/20,Theft offences,434,892,400,851
Bedfordshire,bedfordshire,2019/20,Violence against the person,719,1024,671,1062
Bedfordshire,bedfordshire,2020/21,Criminal damage and arson,230,204,228,209
Bedfordshire,bedfordshire,2020/21,Drug offences,1119,582,1103,584
Bedfordshire,bedfordshire,2020/21,Fraud offences to 2012/13,0,0,0,0
Bedfordshire,bedfordshire,2020/21,Miscellaneous crimes against society,36,200,30,225
Bedfordshire,bedfordshire,2020/21,Possession of weapons offences,37,195,38,189
Bedfordshire,bedfordshire,2020/21,Public order offences,199,342,200,331
Bedfordshire,bedfordshire,2020/21,Robbery,6,71,6,54
Bedfordshire,bedfordshire,2020/21,Sexual offences,20,155,16,126
Bedfordshire,bedfordshire,2020/21,Theft offences,263,577,258,560
Bedfordshire,bedfordshire,2020/21,Violence against the person,759,992,785,1008
Bedfordshire,bedfordshire,2021/22,Criminal damage and arson,213,181,221,176
Bedfordshire,bedfordshire,2021/22,Drug offences,786,440,820,525
Bedfordshire,bedfordshire,2021/22,Fraud offences to 2012/13,0,0,0,0
Bedfordshire,bedfordshire,2021/22,Miscellaneous crimes against society,30,148,41,171
Bedfordshire,bedfordshire,2021/22,Possession of weapons offences,49,161,55,169
Bedfordshire,bedfordshire,2021/22,Public order offences,201,325,205,366
Bedfordshire,bedfordshire,2021/22,Robbery,1,34,1,41
Bedfordshire,bedfordshire,2021/22,Sexual offences,12,132,10,148
Bedfordshire,bedfordshire,2021/22,Theft offences,211,666,224,726
Bedfordshire,bedfordshire,2021/22,Violence against the person,948,1045,943,1164
Bedfordshire,bedfordshire,2022/23,Criminal damage and arson,137,189,121,200
Bedfordshire,bedfordshire,2022/23,Drug offences,735,543,729,537
Bedfordshire,bedfordshire,2022/23,Fraud offences to 2012/13,0,0,0,0
Bedfordshire,bedfordshire,2022/23,Miscellaneous crimes against society,37,179,34,182
Bedfordshire,bedfordshire,2022/23,Possession of weapons offences,42,189,36,200
Bedfordshire,bedfordshire,2022/23,Public order offences,125,326,123,335
Bedfordshire,bedfordshire,2022/23,Robbery,0,54,0,55
Bedfordshire,bedfordshire,2022/23,Sexual offences,7,138,10,150
Bedfordshire,bedfordshire,2022/23,Theft offences,257,648,256,614
Bedfordshire,bedfordshire,2022/23,Violence against the person,483,1179,463,1181
Bedfordshire,bedfordshire,2023/24,Criminal damage and arson,106,209,116,197
Bedfordshire,bedfordshire,2023/24,Drug offences,757,639,744,576
Bedfordshire,bedfordshire,2023/24,Fraud offences to 2012/13,0,0,0,0
Bedfordshire,bedfordshire,2023/24,Miscellaneous crimes against society,29,234,27,193
Bedfordshire,bedfordshire,2023/24,Possession of weapons offences,35,214,34,207
Bedfordshire,bedfordshire,2023/24,Public order offences,80,351,73,343
Bedfordshire,bedfordshire,2023/24,Robbery,2,45,4,37
Bedfordshire,bedfordshire,2023/24,Sexual offences,12,197,10,134
Bedfordshire,bedfordshire,2023/24,Theft offences,221,869,233,920
Bedfordshire,bedfordshire,2023/24,Violence against the person,480,1298,503,1313
Bedfordshire,bedfordshire,2024/25,Criminal damage and arson,109,205,106,203
Bedfordshire,bedfordshire,2024/25,Drug offences,569,590,621,544
Bedfordshire,bedfordshire,2024/25,Fraud offences to 2012/13,0,0,0,0
Bedfordshire,bedfordshire,2024/25,Miscellaneous crimes against society,24,241,27,218
Bedfordshire,bedfordshire,2024/25,Possession of weapons offences,42,195,49,169
Bedfordshire,bedfordshire,2024/25,Public order offences,95,347,105,324
Bedfordshire,bedfordshire,2024/25,Robbery,2,43,0,39
Bedfordshire,bedfordshire,2024/25,Sexual offences,14,166,14,128
Bedfordshire,bedfordshire,2024/25,Theft offences,323,1321,330,1263
Bedfordshire,bedfordshire,2024/25,Violence against the person,492,1509,513,1427
Bedfordshire,bedfordshire,2025/26,Criminal damage and arson,135,168,118,140
Bedfordshire,bedfordshire,2025/26,Drug offences,730,688,624,551
Bedfordshire,bedfordshire,2025/26,Fraud offences to 2012/13,0,0,0,0
Bedfordshire,bedfordshire,2025/26,Miscellaneous crimes against society,33,235,24,164
Bedfordshire,bedfordshire,2025/26,Possession of weapons offences,106,207,101,186
Bedfordshire,bedfordshire,2025/26,Public order offences,121,375,102,320
Bedfordshire,bedfordshire,2025/26,Robbery,3,94,4,83
Bedfordshire,bedfordshire,2025/26,Sexual offences,15,179,12,97
Bedfordshire,bedfordshire,2025/26,Theft offences,462,1177,443,1097
Bedfordshire,bedfordshire,2025/26,Violence against the person,599,1518,514,1279
British Transport Police,british-transport-police,2014/15,Criminal damage and arson,268,900,0,0
British Transport Police,british-transport-police,2014/15,Drug offences,1368,799,0,0
British Transport Police,british-transport-police,2014/15,Fraud offences to 2012/13,0,0,0,0
British Transport Police,british-transport-police,2014/15,Miscellaneous crimes against society,73,387,0,0
British Transport Police,british-transport-police,2014/15,Possession of weapons offences,44,246,0,0
British Transport Police,british-transport-police,2014/15,Public order offences,863,2258,0,0
British Transport Police,british-transport-police,2014/15,Robbery,4,153,0,0
British Transport Police,british-transport-police,2014/15,Sexual offences,44,286,0,0
British Transport Police,british-transport-police,2014/15,Theft offences,463,2695,0,0
British Transport Police,british-transport-police,2014/15,Violence against the person,517,2263,0,0
British Transport Police,british-transport-police,2015/16,Criminal damage and arson,189,408,215,457
British Transport Police,british-transport-police,2015/16,Drug offences,724,434,819,488
British Transport Police,british-transport-police,2015/16,Fraud offences to 2012/13,0,0,0,0
British Transport Police,british-transport-police,2015/16,Miscellaneous crimes against society,57,289,61,326
British Transport Police,british-transport-police,2015/16,Possession of weapons offences,39,217,43,245
British Transport Police,british-transport-police,2015/16,Public order offences,566,1782,633,1979
British Transport Police,british-transport-police,2015/16,Robbery,1,67,1,75
British Transport Police,british-transport-police,2015/16,Sexual offences,20,274,25,287
British Transport Police,british-transport-police,2015/16,Theft offences,333,2078,396,2216
British Transport Police,british-transport-police,2015/16,Violence against the person,399,1765,457,2027
British Transport Police,british-transport-police,2016/17,Criminal damage and arson,184,374,174,430
British Transport Police,british-transport-police,2016/17,Drug offences,758,424,765,482
British Transport Police,british-transport-police,2016/17,Fraud offences to 2012/13,0,0,0,0
British Transport Police,british-transport-police,2016/17,Miscellaneous crimes against society,40,198,28,237
British Transport Police,british-transport-police,2016/17,Possession of weapons offences,33,213,34,234
British Transport Police,british-transport-police,2016/17,Public order offences,418,1603,393,1818
British Transport Police,british-transport-police,2016/17,Robbery,0,64,1,57
British Transport Police,british-transport-police,2016/17,Sexual offences,14,220,8,242
British Transport Police,british-transport-police,2016/17,Theft offences,334,1630,327,2071
British Transport Police,british-transport-police,2016/17,Violence against the person,396,1648,390,1877
British Transport Police,british-transport-police,2017/18,Criminal damage and arson,129,471,131,454
British Transport Police,british-transport-police,2017/18,Drug offences,614,548,609,606
British Transport Police,british-transport-police,2017/18,Fraud offences to 2012/13,0,0,0,0
British Transport Police,british-transport-police,2017/18,Miscellaneous crimes against society,20,234,18,215
British Transport Police,british-transport-police,2017/18,Possession of weapons offences,24,327,27,387
British Transport Police,british-transport-police,2017/18,Public order offences,354,2209,341,2179
British Transport Police,british-transport-police,2017/18,Robbery,2,63,4,92
British Transport Police,british-transport-police,2017/18,Sexual offences,8,228,12,261
British Transport Police,british-transport-police,2017/18,Theft offences,196,2233,172,2060
British Transport Police,british-transport-police,2017/18,Violence against the person,292,2330,308,2303
British Transport Police,british-transport-police,2018/19,Criminal damage and arson,105,478,98,513
British Transport Police,british-transport-police,2018/19,Drug offences,937,807,1025,857
British Transport Police,british-transport-police,2018/19,Fraud offences to 2012/13,0,0,0,0
British Transport Police,british-transport-police,2018/19,Miscellaneous crimes against society,20,248,26,246
British Transport Police,british-transport-police,2018/19,Possession of weapons offences,32,520,26,524
British Transport Police,british-transport-police,2018/19,Public order offences,347,2390,338,2413
British Transport Police,british-transport-police,2018/19,Robbery,3,109,2,159
British Transport Police,british-transport-police,2018/19,Sexual offences,15,249,12,219
British Transport Police,british-transport-police,2018/19,Theft offences,155,2216,138,2133
British Transport Police,british-transport-police,2018/19,Violence against the person,316,2614,296,2699
British Transport Police,british-transport-police,2019/20,Criminal damage and arson,99,479,111,434
British Transport Police,british-transport-police,2019/20,Drug offences,972,795,1084,981
British Transport Police,british-transport-police,2019/20,Fraud offences to 2012/13,0,0,0,0
British Transport Police,british-transport-police,2019/20,Miscellaneous crimes against society,20,189,18,184
British Transport Police,british-transport-police,2019/20,Possession of weapons offences,20,456,36,506
British Transport Police,british-transport-police,2019/20,Public order offences,274,1803,297,1786
British Transport Police,british-transport-police,2019/20,Robbery,2,149,2,217
British Transport Police,british-transport-police,2019/20,Sexual offences,5,197,8,213
British Transport Police,british-transport-police,2019/20,Theft offences,109,1500,114,1293
British Transport Police,british-transport-police,2019/20,Violence against the person,308,2117,328,2393
British Transport Police,british-transport-police,2020/21,Criminal damage and arson,113,431,85,489
British Transport Police,british-transport-police,2020/21,Drug offences,1567,1198,1533,1294
British Transport Police,british-transport-police,2020/21,Fraud offences to 2012/13,0,0,0,0
British Transport Police,british-transport-police,2020/21,Miscellaneous crimes against society,16,157,16,133
British Transport Police,british-transport-police,2020/21,Possession of weapons offences,58,549,63,563
British Transport Police,british-transport-police,2020/21,Public order offences,244,1672,173,1473
British Transport Police,british-transport-police,2020/21,Robbery,3,171,3,137
British Transport Police,british-transport-police,2020/21,Sexual offences,6,161,3,159
British Transport Police,british-transport-police,2020/21,Theft offences,84,831,50,534
British Transport Police,british-transport-police,2020/21,Violence against the person,250,2137,214,1690
British Transport Police,british-transport-police,2021/22,Criminal damage and arson,90,352,104,354
British Transport Police,british-transport-police,2021/22,Drug offences,1188,799,1140,830
British Transport Police,british-transport-police,2021/22,Fraud offences to 2012/13,0,0,0,0
British Transport Police,british-transport-police,2021/22,Miscellaneous crimes against society,19,105,20,117
British Transport Police,british-transport-police,2021/22,Possession of weapons offences,48,341,43,357
British Transport Police,british-transport-police,2021/22,Public order offences,178,1176,209,1357
British Transport Police,british-transport-police,2021/22,Robbery,2,94,1,107
British Transport Police,british-transport-police,2021/22,Sexual offences,8,187,6,244
British Transport Police,british-transport-police,2021/22,Theft offences,51,382,58,505
British Transport Police,british-transport-police,2021/22,Violence against the person,239,1637,308,2112
British Transport Police,british-transport-police,2022/23,Criminal damage and arson,100,354,97,306
British Transport Police,british-transport-police,2022/23,Drug offences,1174,815,1165,700
British Transport Police,british-transport-police,2022/23,Fraud offences to 2012/13,0,0,0,0
British Transport Police,british-transport-police,2022/23,Miscellaneous crimes against society,12,123,14,117
British Transport Police,british-transport-police,2022/23,Possession of weapons offences,53,422,56,436
British Transport Police,british-transport-police,2022/23,Public order offences,198,1314,183,1251
British Transport Police,british-transport-police,2022/23,Robbery,2,118,4,152
British Transport Police,british-transport-police,2022/23,Sexual offences,3,244,6,263
British Transport Police,british-transport-police,2022/23,Theft offences,60,760,51,817
British Transport Police,british-transport-police,2022/23,Violence against the person,373,2164,338,2031
British Transport Police,british-transport-police,2023/24,Criminal damage and arson,84,502,90,356
British Transport Police,british-transport-police,2023/24,Drug offences,1293,775,1266,746
British Transport Police,british-transport-police,2023/24,Fraud offences to 2012/13,0,0,0,0
British Transport Police,british-transport-police,2023/24,Miscellaneous crimes against society,18,135,16,129
British Transport Police,british-transport-police,2023/24,Possession of weapons offences,41,542,48,528
British Transport Police,british-transport-police,2023/24,Public order offences,129,1230,125,1197
British Transport Police,british-transport-police,2023/24,Robbery,3,219,1,165
British Transport Police,british-transport-police,2023/24,Sexual offences,6,263,7,279
British Transport Police,british-transport-police,2023/24,Theft offences,102,1031,108,982
British Transport Police,british-transport-police,2023/24,Violence against the person,300,2279,312,2309
British Transport Police,british-transport-police,2024/25,Criminal damage and arson,73,364,76,361
British Transport Police,british-transport-police,2024/25,Drug offences,1065,765,1034,634
British Transport Police,british-transport-police,2024/25,Fraud offences to 2012/13,0,0,0,0
British Transport Police,british-transport-police,2024/25,Miscellaneous crimes against society,16,134,16,121
British Transport Police,british-transport-police,2024/25,Possession of weapons offences,52,587,46,553
British Transport Police,british-transport-police,2024/25,Public order offences,105,1226,108,1286
British Transport Police,british-transport-police,2024/25,Robbery,1,196,4,138
British Transport Police,british-transport-police,2024/25,Sexual offences,7,346,8,360
British Transport Police,british-transport-police,2024/25,Theft offences,106,1082,103,1025
British Transport Police,british-transport-police,2024/25,Violence against the person,334,2339,345,2263
British Transport Police,british-transport-police,2025/26,Criminal damage and arson,100,376,55,257
British Transport Police,british-transport-police,2025/26,Drug offences,974,696,810,380
British Transport Police,british-transport-police,2025/26,Fraud offences to 2012/13,0,0,0,0
British Transport Police,british-transport-police,2025/26,Miscellaneous crimes against society,12,162,4,95
British Transport Police,british-transport-police,2025/26,Possession of weapons offences,52,505,27,343
British Transport Police,british-transport-police,2025/26,Public order offences,165,1565,120,1064
British Transport Police,british-transport-police,2025/26,Robbery,4,177,0,116
British Transport Police,british-transport-police,2025/26,Sexual offences,7,409,2,198
British Transport Police,british-transport-police,2025/26,Theft offences,117,1128,96,809
British Transport Police,british-transport-police,2025/26,Violence against the person,422,2560,289,1740
Cambridgeshire,cambridgeshire,2014/15,Criminal damage and arson,377,466,370,475
Cambridgeshire,cambridgeshire,2014/15,Drug offences,1376,606,1401,616
Cambridgeshire,cambridgeshire,2014/15,Fraud offences to 2012/13,0,4,0,0
Cambridgeshire,cambridgeshire,2014/15,Miscellaneous crimes against society,48,295,43,284
Cambridgeshire,cambridgeshire,2014/15,Possession of weapons offences,39,135,39,137
Cambridgeshire,cambridgeshire,2014/15,Public order offences,189,543,191,542
Cambridgeshire,cambridgeshire,2014/15,Robbery,3,87,2,96
Cambridgeshire,cambridgeshire,2014/15,Sexual offences,23,232,21,250
Cambridgeshire,cambridgeshire,2014/15,Theft offences,1167,2033,1138,2009
Cambridgeshire,cambridgeshire,2014/15,Violence against the person,980,2077,966,2123
Cambridgeshire,cambridgeshire,2015/16,Criminal damage and arson,340,502,357,517
Cambridgeshire,cambridgeshire,2015/16,Drug offences,909,535,893,514
Cambridgeshire,cambridgeshire,2015/16,Fraud offences to 2012/13,0,0,0,0
Cambridgeshire,cambridgeshire,2015/16,Miscellaneous crimes against society,58,257,60,274
Cambridgeshire,cambridgeshire,2015/16,Possession of weapons offences,62,162,63,180
Cambridgeshire,cambridgeshire,2015/16,Public order offences,171,495,172,505
Cambridgeshire,cambridgeshire,2015/16,Robbery,6,115,5,114
Cambridgeshire,cambridgeshire,2015/16,Sexual offences,35,208,43,191
Cambridgeshire,cambridgeshire,2015/16,Theft offences,808,1757,820,1789
Cambridgeshire,cambridgeshire,2015/16,Violence against the person,930,2219,965,2283
Cambridgeshire,cambridgeshire,2016/17,Criminal damage and arson,474,546,462,529
Cambridgeshire,cambridgeshire,2016/17,Drug offences,777,568,777,559
Cambridgeshire,cambridgeshire,2016/17,Fraud offences to 2012/13,0,0,0,0
Cambridgeshire,cambridgeshire,2016/17,Miscellaneous crimes against society,69,300,70,302
Cambridgeshire,cambridgeshire,2016/17,Possession of weapons offences,54,213,57,209
Cambridgeshire,cambridgeshire,2016/17,Public order offences,278,641,287,667
Cambridgeshire,cambridgeshire,2016/17,Robbery,3,92,5,86
Cambridgeshire,cambridgeshire,2016/17,Sexual offences,43,211,39,194
Cambridgeshire,cambridgeshire,2016/17,Theft offences,912,2144,932,2185
Cambridgeshire,cambridgeshire,2016/17,Violence against the person,1392,2384,1375,2359
Cambridgeshire,cambridgeshire,2017/18,Criminal damage and arson,387,415,376,418
Cambridgeshire,cambridgeshire,2017/18,Drug offences,569,414,565,429
Cambridgeshire,cambridgeshire,2017/18,Fraud offences to 2012/13,0,0,0,0
Cambridgeshire,cambridgeshire,2017/18,Miscellaneous crimes against society,49,244,43,244
Cambridgeshire,cambridgeshire,2017/18,Possession of weapons offences,61,209,58,207
Cambridgeshire,cambridgeshire,2017/18,Public order offences,230,642,221,616
Cambridgeshire,cambridgeshire,2017/18,Robbery,6,112,5,112
Cambridgeshire,cambridgeshire,2017/18,Sexual offences,35,181,32,156
Cambridgeshire,cambridgeshire,2017/18,Theft offences,743,2210,731,2184
Cambridgeshire,cambridgeshire,2017/18,Violence against the person,996,2257,994,2299
Cambridgeshire,cambridgeshire,2018/19,Criminal damage and arson,243,354,246,350
Cambridgeshire,cambridgeshire,2018/19,Drug offences,400,419,399,478
Cambridgeshire,cambridgeshire,2018/19,Fraud offences to 2012/13,0,0,0,0
Cambridgeshire,cambridgeshire,2018/19,Miscellaneous crimes against society,39,238,49,274
Cambridgeshire,cambridgeshire,2018/19,Possession of weapons offences,41,240,52,241
Cambridgeshire,cambridgeshire,2018/19,Public order offences,124,539,113,551
Cambridgeshire,cambridgeshire,2018/19,Robbery,2,97,1,105
Cambridgeshire,cambridgeshire,2018/19,Sexual offences,16,98,20,173
Cambridgeshire,cambridgeshire,2018/19,Theft offences,445,1545,424,1465
Cambridgeshire,cambridgeshire,2018/19,Violence against the person,619,1844,608,1878
Cambridgeshire,cambridgeshire,2019/20,Criminal damage and arson,234,321,243,360
Cambridgeshire,cambridgeshire,2019/20,Drug offences,546,474,589,563
Cambridgeshire,cambridgeshire,2019/20,Fraud offences to 2012/13,0,0,0,0
Cambridgeshire,cambridgeshire,2019/20,Miscellaneous crimes against society,59,268,73,286
Cambridgeshire,cambridgeshire,2019/20,Possession of weapons offences,69,223,68,265
Cambridgeshire,cambridgeshire,2019/20,Public order offences,162,594,193,675
Cambridgeshire,cambridgeshire,2019/20,Robbery,1,98,3,93
Cambridgeshire,cambridgeshire,2019/20,Sexual offences,50,115,64,180
Cambridgeshire,cambridgeshire,2019/20,Theft offences,310,1454,328,1447
Cambridgeshire,cambridgeshire,2019/20,Violence against the person,785,1777,886,1955
Cambridgeshire,cambridgeshire,2020/21,Criminal damage and arson,279,350,268,334
Cambridgeshire,cambridgeshire,2020/21,Drug offences,885,579,908,594
Cambridgeshire,cambridgeshire,2020/21,Fraud offences to 2012/13,0,0,0,0
Cambridgeshire,cambridgeshire,2020/21,Miscellaneous crimes against society,66,318,58,326
Cambridgeshire,cambridgeshire,2020/21,Possession of weapons offences,58,228,50,214
Cambridgeshire,cambridgeshire,2020/21,Public order offences,208,663,190,624
Cambridgeshire,cambridgeshire,2020/21,Robbery,4,61,3,52
Cambridgeshire,cambridgeshire,2020/21,Sexual offences,45,244,39,181
Cambridgeshire,cambridgeshire,2020/21,Theft offences,252,927,219,858
Cambridgeshire,cambridgeshire,2020/21,Violence against the person,1198,1876,1129,1795
Cambridgeshire,cambridgeshire,2021/22,Criminal damage and arson,390,334,421,347
Cambridgeshire,cambridgeshire,2021/22,Drug offences,814,499,784,510
Cambridgeshire,cambridgeshire,2021/22,Fraud offences to 2012/13,0,0,0,0
Cambridgeshire,cambridgeshire,2021/22,Miscellaneous crimes against society,138,288,157,307
Cambridgeshire,cambridgeshire,2021/22,Possession of weapons offences,111,215,123,208
Cambridgeshire,cambridgeshire,2021/22,Public order offences,333,629,365,643
Cambridgeshire,cambridgeshire,2021/22,Robbery,7,68,9,72
Cambridgeshire,cambridgeshire,2021/22,Sexual offences,88,172,101,212
Cambridgeshire,cambridgeshire,2021/22,Theft offences,263,1021,297,1142
Cambridgeshire,cambridgeshire,2021/22,Violence against the person,1751,1756,1973,1804
Cambridgeshire,cambridgeshire,2022/23,Criminal damage and arson,480,354,462,345
Cambridgeshire,cambridgeshire,2022/23,Drug offences,812,622,790,565
Cambridgeshire,cambridgeshire,2022/23,Fraud offences to 2012/13,0,0,0,0
Cambridgeshire,cambridgeshire,2022/23,Miscellaneous crimes against society,156,317,167,375
Cambridgeshire,cambridgeshire,2022/23,Possession of weapons offences,156,234,154,243
Cambridgeshire,cambridgeshire,2022/23,Public order offences,445,671,428,680
Cambridgeshire,cambridgeshire,2022/23,Robbery,9,60,9,66
Cambridgeshire,cambridgeshire,2022/23,Sexual offences,105,189,93,218
Cambridgeshire,cambridgeshire,2022/23,Theft offences,451,1711,431,1708
Cambridgeshire,cambridgeshire,2022/23,Violence against the person,2223,1848,2142,1796
Cambridgeshire,cambridgeshire,2023/24,Criminal damage and arson,395,377,385,356
Cambridgeshire,cambridgeshire,2023/24,Drug offences,673,648,680,641
Cambridgeshire,cambridgeshire,2023/24,Fraud offences to 2012/13,0,0,0,0
Cambridgeshire,cambridgeshire,2023/24,Miscellaneous crimes against society,183,374,154,339
Cambridgeshire,cambridgeshire,2023/24,Possession of weapons offences,131,238,125,217
Cambridgeshire,cambridgeshire,2023/24,Public order offences,264,675,262,646
Cambridgeshire,cambridgeshire,2023/24,Robbery,12,57,13,52
Cambridgeshire,cambridgeshire,2023/24,Sexual offences,77,257,79,240
Cambridgeshire,cambridgeshire,2023/24,Theft offences,386,2249,382,2246
Cambridgeshire,cambridgeshire,2023/24,Violence against the person,1829,1779,1790,1759
Cambridgeshire,cambridgeshire,2024/25,Criminal damage and arson,382,352,400,370
Cambridgeshire,cambridgeshire,2024/25,Drug offences,683,524,690,483
Cambridgeshire,cambridgeshire,2024/25,Fraud offences to 2012/13,0,0,0,0
Cambridgeshire,cambridgeshire,2024/25,Miscellaneous crimes against society,101,344,102,330
Cambridgeshire,cambridgeshire,2024/25,Possession of weapons offences,111,216,123,225
Cambridgeshire,cambridgeshire,2024/25,Public order offences,232,734,233,731
Cambridgeshire,cambridgeshire,2024/25,Robbery,13,77,12,76
Cambridgeshire,cambridgeshire,2024/25,Sexual offences,68,289,67,251
Cambridgeshire,cambridgeshire,2024/25,Theft offences,425,2632,441,2613
Cambridgeshire,cambridgeshire,2024/25,Violence against the person,1611,1640,1618,1647
Cambridgeshire,cambridgeshire,2025/26,Criminal damage and arson,330,364,298,317
Cambridgeshire,cambridgeshire,2025/26,Drug offences,788,556,739,413
Cambridgeshire,cambridgeshire,2025/26,Fraud offences to 2012/13,0,0,0,0
Cambridgeshire,cambridgeshire,2025/26,Miscellaneous crimes against society,109,378,94,247
Cambridgeshire,cambridgeshire,2025/26,Possession of weapons offences,143,227,123,198
Cambridgeshire,cambridgeshire,2025/26,Public order offences,199,771,175,698
Cambridgeshire,cambridgeshire,2025/26,Robbery,10,82,7,73
Cambridgeshire,cambridgeshire,2025/26,Sexual offences,79,270,66,131
Cambridgeshire,cambridgeshire,2025/26,Theft offences,423,2942,392,2841
Cambridgeshire,cambridgeshire,2025/26,Violence against the person,1525,1845,1366,1525
Cheshire,cheshire,2014/15,Criminal damage and arson,482,812,470,783
Cheshire,cheshire,2014/15,Drug offences,1581,1102,1562,1065
Cheshire,cheshire,2014/15,Fraud offences to 2012/13,1,3,0,0
Cheshire,cheshire,2014/15,Miscellaneous crimes against society,108,550,111,524
Cheshire,cheshire,2014/15,Possession of weapons offences,36,225,37,214
Cheshire,cheshire,2014/15,Public order offences,344,968,336,908
Cheshire,cheshire,2014/15,Robbery,3,60,3,53
Cheshire,cheshire,2014/15,Sexual offences,36,255,39,322
Cheshire,cheshire,2014/15,Theft offences,1367,4038,1308,3835
Cheshire,cheshire,2014/15,Violence against the person,1079,3259,1092,3150
Cheshire,cheshire,2015/16,Criminal damage and arson,486,910,497,926
Cheshire,cheshire,2015/16,Drug offences,1069,1134,1059,1174
Cheshire,cheshire,2015/16,Fraud offences to 2012/13,0,0,0,0
Cheshire,cheshire,2015/16,Miscellaneous crimes against society,68,451,53,443
Cheshire,cheshire,2015/16,Possession of weapons offences,26,204,31,210
Cheshire,cheshire,2015/16,Public order offences,271,967,286,989
Cheshire,cheshire,2015/16,Robbery,7,87,6,83
Cheshire,cheshire,2015/16,Sexual offences,54,425,67,436
Cheshire,cheshire,2015/16,Theft offences,1152,3586,1192,3556
Cheshire,cheshire,2015/16,Violence against the person,1283,3675,1388,3725
Cheshire,cheshire,2016/17,Criminal damage and arson,533,839,535,850
Cheshire,cheshire,2016/17,Drug offences,932,1081,936,1105
Cheshire,cheshire,2016/17,Fraud offences to 2012/13,0,0,0,0
Cheshire,cheshire,2016/17,Miscellaneous crimes against society,37,469,40,508
Cheshire,cheshire,2016/17,Possession of weapons offences,33,234,29,243
Cheshire,cheshire,2016/17,Public order offences,428,1107,470,1130
Cheshire,cheshire,2016/17,Robbery,2,61,2,68
Cheshire,cheshire,2016/17,Sexual offences,73,356,67,358
Cheshire,cheshire,2016/17,Theft offences,1098,3559,1108,3637
Cheshire,cheshire,2016/17,Violence against the person,1808,3827,1866,3877
Cheshire,cheshire,2017/18,Criminal damage and arson,367,765,352,766
Cheshire,cheshire,2017/18,Drug offences,868,1125,906,1187
Cheshire,cheshire,2017/18,Fraud offences to 2012/13,0,0,0,0
Cheshire,cheshire,2017/18,Miscellaneous crimes against society,35,467,36,457
Cheshire,cheshire,2017/18,Possession of weapons offences,34,277,41,288
Cheshire,cheshire,2017/18,Public order offences,397,1391,389,1416
Cheshire,cheshire,2017/18,Robbery,0,78,0,80
Cheshire,cheshire,2017/18,Sexual offences,82,359,74,363
Cheshire,cheshire,2017/18,Theft offences,853,3454,837,3407
Cheshire,cheshire,2017/18,Violence against the person,1259,3771,1153,3882
Cheshire,cheshire,2018/19,Criminal damage and arson,228,685,215,704
Cheshire,cheshire,2018/19,Drug offences,742,936,747,1069
Cheshire,cheshire,2018/19,Fraud offences to 2012/13,0,0,0,0
Cheshire,cheshire,2018/19,Miscellaneous crimes against society,23,342,23,360
Cheshire,cheshire,2018/19,Possession of weapons offences,37,291,39,302
Cheshire,cheshire,2018/19,Public order offences,263,1223,241,1287
Cheshire,cheshire,2018/19,Robbery,1,70,6,80
Cheshire,cheshire,2018/19,Sexual offences,15,238,16,304
Cheshire,cheshire,2018/19,Theft offences,551,2894,480,2986
Cheshire,cheshire,2018/19,Violence against the person,706,3350,662,3572
Cheshire,cheshire,2019/20,Criminal damage and arson,189,568,169,558
Cheshire,cheshire,2019/20,Drug offences,676,968,653,929
Cheshire,cheshire,2019/20,Fraud offences to 2012/13,0,0,0,0
Cheshire,cheshire,2019/20,Miscellaneous crimes against society,14,232,18,261
Cheshire,cheshire,2019/20,Possession of weapons offences,27,273,20,272
Cheshire,cheshire,2019/20,Public order offences,205,1019,189,1030
Cheshire,cheshire,2019/20,Robbery,6,95,4,89
Cheshire,cheshire,2019/20,Sexual offences,15,205,16,224
Cheshire,cheshire,2019/20,Theft offences,303,2604,268,2523
Cheshire,cheshire,2019/20,Violence against the person,591,2928,536,3047
Cheshire,cheshire,2020/21,Criminal damage and arson,172,493,175,479
Cheshire,cheshire,2020/21,Drug offences,755,844,781,879
Cheshire,cheshire,2020/21,Fraud offences to 2012/13,0,0,0,0
Cheshire,cheshire,2020/21,Miscellaneous crimes against society,31,212,42,230
Cheshire,cheshire,2020/21,Possession of weapons offences,17,202,15,178
Cheshire,cheshire,2020/21,Public order offences,176,1056,173,1015
Cheshire,cheshire,2020/21,Robbery,4,60,4,58
Cheshire,cheshire,2020/21,Sexual offences,12,238,12,275
Cheshire,cheshire,2020/21,Theft offences,143,1653,154,1514
Cheshire,cheshire,2020/21,Violence against the person,544,3033,626,2966
Cheshire,cheshire,2021/22,Criminal damage and arson,200,529,215,561
Cheshire,cheshire,2021/22,Drug offences,519,888,563,880
Cheshire,cheshire,2021/22,Fraud offences to 2012/13,0,0,0,0
Cheshire,cheshire,2021/22,Miscellaneous crimes against society,42,276,48,307
Cheshire,cheshire,2021/22,Possession of weapons offences,25,196,22,195
Cheshire,cheshire,2021/22,Public order offences,231,1016,280,1010
Cheshire,cheshire,2021/22,Robbery,4,40,1,46
Cheshire,cheshire,2021/22,Sexual offences,24,347,28,392
Cheshire,cheshire,2021/22,Theft offences,158,1211,151,1216
Cheshire,cheshire,2021/22,Violence against the person,985,3531,1137,3808
Cheshire,cheshire,2022/23,Criminal damage and arson,464,497,482,466
Cheshire,cheshire,2022/23,Drug offences,1154,1007,1141,1050
Cheshire,cheshire,2022/23,Fraud offences to 2012/13,0,0,0,0
Cheshire,cheshire,2022/23,Miscellaneous crimes against society,135,364,145,371
Cheshire,cheshire,2022/23,Possession of weapons offences,52,249,59,268
Cheshire,cheshire,2022/23,Public order offences,674,1062,670,1097
Cheshire,cheshire,2022/23,Robbery,6,55,7,45
Cheshire,cheshire,2022/23,Sexual offences,51,430,52,445
Cheshire,cheshire,2022/23,Theft offences,389,1456,438,1524
Cheshire,cheshire,2022/23,Violence against the person,2461,3743,2473,3746
Cheshire,cheshire,2023/24,Criminal damage and arson,495,414,474,421
Cheshire,cheshire,2023/24,Drug offences,1970,1168,1945,1166
Cheshire,cheshire,2023/24,Fraud offences to 2012/13,0,0,0,0
Cheshire,cheshire,2023/24,Miscellaneous crimes against society,138,443,131,349
Cheshire,cheshire,2023/24,Possession of weapons offences,51,281,48,289
Cheshire,cheshire,2023/24,Public order offences,493,983,474,945
Cheshire,cheshire,2023/24,Robbery,6,34,6,36
Cheshire,cheshire,2023/24,Sexual offences,45,478,52,522
Cheshire,cheshire,2023/24,Theft offences,492,1898,485,1964
Cheshire,cheshire,2023/24,Violence against the person,2354,3575,2347,3464
Cheshire,cheshire,2024/25,Criminal damage and arson,424,471,406,453
Cheshire,cheshire,2024/25,Drug offences,1917,1293,1892,1210
Cheshire,cheshire,2024/25,Fraud offences to 2012/13,0,0,0,0
Cheshire,cheshire,2024/25,Miscellaneous crimes against society,131,430,126,433
Cheshire,cheshire,2024/25,Possession of weapons offences,33,295,39,284
Cheshire,cheshire,2024/25,Public order offences,472,984,446,971
Cheshire,cheshire,2024/25,Robbery,3,75,3,73
Cheshire,cheshire,2024/25,Sexual offences,65,514,62,447
Cheshire,cheshire,2024/25,Theft offences,526,2066,484,1962
Cheshire,cheshire,2024/25,Violence against the person,2350,3742,2222,3644
Cheshire,cheshire,2025/26,Criminal damage and arson,352,554,349,501
Cheshire,cheshire,2025/26,Drug offences,1900,1630,1864,1384
Cheshire,cheshire,2025/26,Fraud offences to 2012/13,0,0,0,0
Cheshire,cheshire,2025/26,Miscellaneous crimes against society,150,568,131,429
Cheshire,cheshire,2025/26,Possession of weapons offences,50,344,41,315
Cheshire,cheshire,2025/26,Public order offences,446,1307,442,1238
Cheshire,cheshire,2025/26,Robbery,8,103,7,94
Cheshire,cheshire,2025/26,Sexual offences,83,592,75,267
Cheshire,cheshire,2025/26,Theft offences,511,2740,509,2578
Cheshire,cheshire,2025/26,Violence against the person,2010,4500,1931,3869
City of London,city-of-london,2014/15,Criminal damage and arson,38,30,36,24
City of London,city-of-london,2014/15,Drug offences,284,107,281,112
City of London,city-of-london,2014/15,Fraud offences to 2012/13,0,1,0,0
City of London,city-of-london,2014/15,Miscellaneous crimes against society,9,112,6,114
City of London,city-of-london,2014/15,Possession of weapons offences,1,19,1,20
City of London,city-of-london,2014/15,Public order offences,17,57,20,60
City of London,city-of-london,2014/15,Robbery,0,9,0,7
City of London,city-of-london,2014/15,Sexual offences,0,18,1,13
City of London,city-of-london,2014/15,Theft offences,121,462,115,444
City of London,city-of-london,2014/15,Violence against the person,109,126,105,132
City of London,city-of-london,2015/16,Criminal damage and arson,35,24,33,26
City of London,city-of-london,2015/16,Drug offences,195,176,194,191
City of London,city-of-london,2015/16,Fraud offences to 2012/13,0,0,0,0
City of London,city-of-london,2015/16,Miscellaneous crimes against society,7,115,7,109
City of London,city-of-london,2015/16,Possession of weapons offences,8,16,8,17
City of London,city-of-london,2015/16,Public order offences,33,63,36,69
City of London,city-of-london,2015/16,Robbery,0,7,0,3
City of London,city-of-london,2015/16,Sexual offences,5,22,4,15
City of London,city-of-london,2015/16,Theft offences,118,389,122,364
City of London,city-of-london,2015/16,Violence against the person,107,140,116,143
City of London,city-of-london,2016/17,Criminal damage and arson,22,25,22,22
City of London,city-of-london,2016/17,Drug offences,155,171,153,158
City of London,city-of-london,2016/17,Fraud offences to 2012/13,0,0,0,0
City of London,city-of-london,2016/17,Miscellaneous crimes against society,6,123,8,112
City of London,city-of-london,2016/17,Possession of weapons offences,4,27,5,29
City of London,city-of-london,2016/17,Public order offences,26,49,19,42
City of London,city-of-london,2016/17,Robbery,0,1,0,3
City of London,city-of-london,2016/17,Sexual offences,3,6,3,6
City of London,city-of-london,2016/17,Theft offences,133,386,133,370
City of London,city-of-london,2016/17,Violence against the person,101,147,93,131
City of London,city-of-london,2017/18,Criminal damage and arson,33,18,37,20
City of London,city-of-london,2017/18,Drug offences,161,143,165,146
City of London,city-of-london,2017/18,Fraud offences to 2012/13,0,0,0,0
City of London,city-of-london,2017/18,Miscellaneous crimes against society,6,73,6,83
City of London,city-of-london,2017/18,Possession of weapons offences,8,21,7,23
City of London,city-of-london,2017/18,Public order offences,22,42,27,45
City of London,city-of-london,2017/18,Robbery,0,5,0,4
City of London,city-of-london,2017/18,Sexual offences,0,6,1,8
City of London,city-of-london,2017/18,Theft offences,131,296,130,314
City of London,city-of-london,2017/18,Violence against the person,90,101,106,120
City of London,city-of-london,2018/19,Criminal damage and arson,23,15,17,18
City of London,city-of-london,2018/19,Drug offences,216,164,222,227
City of London,city-of-london,2018/19,Fraud offences to 2012/13,0,0,0,0
City of London,city-of-london,2018/19,Miscellaneous crimes against society,3,65,16,76
City of London,city-of-london,2018/19,Possession of weapons offences,4,28,5,25
City of London,city-of-london,2018/19,Public order offences,19,62,18,57
City of London,city-of-london,2018/19,Robbery,0,8,0,18
City of London,city-of-london,2018/19,Sexual offences,2,7,1,11
City of London,city-of-london,2018/19,Theft offences,116,323,114,335
City of London,city-of-london,2018/19,Violence against the person,100,137,103,158
City of London,city-of-london,2019/20,Criminal damage and arson,21,31,22,38
City of London,city-of-london,2019/20,Drug offences,311,311,318,328
City of London,city-of-london,2019/20,Fraud offences to 2012/13,0,0,0,0
City of London,city-of-london,2019/20,Miscellaneous crimes against society,23,91,17,91
City of London,city-of-london,2019/20,Possession of weapons offences,5,35,4,40
City of London,city-of-london,2019/20,Public order offences,25,82,24,92
City of London,city-of-london,2019/20,Robbery,1,22,1,19
City of London,city-of-london,2019/20,Sexual offences,3,14,3,10
City of London,city-of-london,2019/20,Theft offences,115,464,116,462
City of London,city-of-london,2019/20,Violence against the person,80,153,64,159
City of London,city-of-london,2020/21,Criminal damage and arson,17,33,16,22
City of London,city-of-london,2020/21,Drug offences,318,225,324,195
City of London,city-of-london,2020/21,Fraud offences to 2012/13,0,0,0,0
City of London,city-of-london,2020/21,Miscellaneous crimes against society,30,49,13,46
City of London,city-of-london,2020/21,Possession of weapons offences,3,22,3,27
City of London,city-of-london,2020/21,Public order offences,11,66,8,60
City of London,city-of-london,2020/21,Robbery,0,8,0,3
City of London,city-of-london,2020/21,Sexual offences,1,9,1,6
City of London,city-of-london,2020/21,Theft offences,46,280,40,258
City of London,city-of-london,2020/21,Violence against the person,31,121,22,79
City of London,city-of-london,2021/22,Criminal damage and arson,8,28,8,44
City of London,city-of-london,2021/22,Drug offences,316,228,313,254
City of London,city-of-london,2021/22,Fraud offences to 2012/13,0,0,0,0
City of London,city-of-london,2021/22,Miscellaneous crimes against society,62,54,47,46
City of London,city-of-london,2021/22,Possession of weapons offences,6,28,6,22
City of London,city-of-london,2021/22,Public order offences,17,101,21,104
City of London,city-of-london,2021/22,Robbery,0,3,0,8
City of London,city-of-london,2021/22,Sexual offences,0,5,0,15
City of London,city-of-london,2021/22,Theft offences,40,304,46,363
City of London,city-of-london,2021/22,Violence against the person,43,111,48,162
City of London,city-of-london,2022/23,Criminal damage and arson,13,35,11,25
City of London,city-of-london,2022/23,Drug offences,223,248,229,268
City of London,city-of-london,2022/23,Fraud offences to 2012/13,0,0,0,0
City of London,city-of-london,2022/23,Miscellaneous crimes against society,49,31,43,44
City of London,city-of-london,2022/23,Possession of weapons offences,1,21,1,27
City of London,city-of-london,2022/23,Public order offences,25,68,22,80
City of London,city-of-london,2022/23,Robbery,0,10,1,8
City of London,city-of-london,2022/23,Sexual offences,0,14,3,15
City of London,city-of-london,2022/23,Theft offences,46,321,44,339
City of London,city-of-london,2022/23,Violence against the person,41,170,44,168
City of London,city-of-london,2023/24,Criminal damage and arson,11,40,13,42
City of London,city-of-london,2023/24,Drug offences,298,264,293,225
City of London,city-of-london,2023/24,Fraud offences to 2012/13,0,0,0,0
City of London,city-of-london,2023/24,Miscellaneous crimes against society,39,43,57,39
City of London,city-of-london,2023/24,Possession of weapons offences,6,41,8,41
City of London,city-of-london,2023/24,Public order offences,22,103,22,91
City of London,city-of-london,2023/24,Robbery,1,16,0,20
City of London,city-of-london,2023/24,Sexual offences,7,27,6,33
City of London,city-of-london,2023/24,Theft offences,58,537,55,586
City of London,city-of-london,2023/24,Violence against the person,60,215,64,209
City of London,city-of-london,2024/25,Criminal damage and arson,15,40,14,40
City of London,city-of-london,2024/25,Drug offences,228,247,219,238
City of London,city-of-london,2024/25,Fraud offences to 2012/13,0,0,0,0
City of London,city-of-london,2024/25,Miscellaneous crimes against society,62,60,40,38
City of London,city-of-london,2024/25,Possession of weapons offences,10,38,8,34
City of London,city-of-london,2024/25,Public order offences,32,124,33,120
City of London,city-of-london,2024/25,Robbery,0,22,0,15
City of London,city-of-london,2024/25,Sexual offences,5,23,3,34
City of London,city-of-london,2024/25,Theft offences,122,679,120,586
City of London,city-of-london,2024/25,Violence against the person,61,244,57,236
City of London,city-of-london,2025/26,Criminal damage and arson,15,30,15,21
City of London,city-of-london,2025/26,Drug offences,135,211,121,147
City of London,city-of-london,2025/26,Fraud offences to 2012/13,0,0,0,0
City of London,city-of-london,2025/26,Miscellaneous crimes against society,48,48,25,24
City of London,city-of-london,2025/26,Possession of weapons offences,4,27,4,18
City of London,city-of-london,2025/26,Public order offences,22,89,19,74
City of London,city-of-london,2025/26,Robbery,1,24,1,24
City of London,city-of-london,2025/26,Sexual offences,1,37,1,10
City of London,city-of-london,2025/26,Theft offences,82,639,81,604
City of London,city-of-london,2025/26,Violence against the person,38,198,28,145
Cleveland,cleveland,2014/15,Criminal damage and arson,501,697,490,734
Cleveland,cleveland,2014/15,Drug offences,716,813,744,858
Cleveland,cleveland,2014/15,Fraud offences to 2012/13,0,1,0,0
Cleveland,cleveland,2014/15,Miscellaneous crimes against society,44,290,66,308
Cleveland,cleveland,2014/15,Possession of weapons offences,33,192,35,197
Cleveland,cleveland,2014/15,Public order offences,236,943,238,969
Cleveland,cleveland,2014/15,Robbery,3,92,3,102
Cleveland,cleveland,2014/15,Sexual offences,11,157,11,193
Cleveland,cleveland,2014/15,Theft offences,1004,4425,1013,4545
Cleveland,cleveland,2014/15,Violence against the person,791,1834,808,1911
Cleveland,cleveland,2015/16,Criminal damage and arson,353,801,362,776
Cleveland,cleveland,2015/16,Drug offences,516,751,507,774
Cleveland,cleveland,2015/16,Fraud offences to 2012/13,0,0,0,0
Cleveland,cleveland,2015/16,Miscellaneous crimes against society,60,326,48,331
Cleveland,cleveland,2015/16,Possession of weapons offences,31,200,30,197
Cleveland,cleveland,2015/16,Public order offences,188,720,187,719
Cleveland,cleveland,2015/16,Robbery,1,116,1,106
Cleveland,cleveland,2015/16,Sexual offences,10,197,17,242
Cleveland,cleveland,2015/16,Theft offences,903,4831,893,4902
Cleveland,cleveland,2015/16,Violence against the person,645,1937,647,1915
Cleveland,cleveland,2016/17,Criminal damage and arson,329,691,320,694
Cleveland,cleveland,2016/17,Drug offences,428,732,434,737
Cleveland,cleveland,2016/17,Fraud offences to 2012/13,0,0,0,0
Cleveland,cleveland,2016/17,Miscellaneous crimes against society,37,322,40,354
Cleveland,cleveland,2016/17,Possession of weapons offences,34,191,34,193
Cleveland,cleveland,2016/17,Public order offences,164,589,162,581
Cleveland,cleveland,2016/17,Robbery,0,88,0,96
Cleveland,cleveland,2016/17,Sexual offences,14,222,6,180
Cleveland,cleveland,2016/17,Theft offences,437,4222,429,4166
Cleveland,cleveland,2016/17,Violence against the person,515,1882,504,1908
Cleveland,cleveland,2017/18,Criminal damage and arson,230,622,240,610
Cleveland,cleveland,2017/18,Drug offences,350,644,349,657
Cleveland,cleveland,2017/18,Fraud offences to 2012/13,0,0,0,0
Cleveland,cleveland,2017/18,Miscellaneous crimes against society,40,280,32,272
Cleveland,cleveland,2017/18,Possession of weapons offences,24,207,23,215
Cleveland,cleveland,2017/18,Public order offences,151,623,148,642
Cleveland,cleveland,2017/18,Robbery,0,123,1,134
Cleveland,cleveland,2017/18,Sexual offences,2,147,1,160
Cleveland,cleveland,2017/18,Theft offences,333,4802,335,4802
Cleveland,cleveland,2017/18,Violence against the person,395,1704,387,1735
Cleveland,cleveland,2018/19,Criminal damage and arson,201,534,195,572
Cleveland,cleveland,2018/19,Drug offences,281,549,305,606
Cleveland,cleveland,2018/19,Fraud offences to 2012/13,0,0,0,0
Cleveland,cleveland,2018/19,Miscellaneous crimes against society,32,219,39,231
Cleveland,cleveland,2018/19,Possession of weapons offences,28,187,33,208
Cleveland,cleveland,2018/19,Public order offences,122,534,134,571
Cleveland,cleveland,2018/19,Robbery,4,108,5,108
Cleveland,cleveland,2018/19,Sexual offences,6,101,6,146
Cleveland,cleveland,2018/19,Theft offences,245,3851,245,3900
Cleveland,cleveland,2018/19,Violence against the person,272,1655,303,1760
Cleveland,cleveland,2019/20,Criminal damage and arson,159,496,163,496
Cleveland,cleveland,2019/20,Drug offences,342,697,345,723
Cleveland,cleveland,2019/20,Fraud offences to 2012/13,0,0,0,0
Cleveland,cleveland,2019/20,Miscellaneous crimes against society,39,219,37,238
Cleveland,cleveland,2019/20,Possession of weapons offences,38,286,40,286
Cleveland,cleveland,2019/20,Public order offences,118,617,110,620
Cleveland,cleveland,2019/20,Robbery,3,131,1,127
Cleveland,cleveland,2019/20,Sexual offences,2,173,4,145
Cleveland,cleveland,2019/20,Theft offences,131,2264,121,2159
Cleveland,cleveland,2019/20,Violence against the person,324,1860,331,1908
Cleveland,cleveland,2020/21,Criminal damage and arson,134,521,139,513
Cleveland,cleveland,2020/21,Drug offences,531,870,549,942
Cleveland,cleveland,2020/21,Fraud offences to 2012/13,0,0,0,0
Cleveland,cleveland,2020/21,Miscellaneous crimes against society,23,320,19,319
Cleveland,cleveland,2020/21,Possession of weapons offences,43,294,49,289
Cleveland,cleveland,2020/21,Public order offences,121,734,139,745
Cleveland,cleveland,2020/21,Robbery,0,100,3,92
Cleveland,cleveland,2020/21,Sexual offences,6,193,6,185
Cleveland,cleveland,2020/21,Theft offences,75,1751,74,1675
Cleveland,cleveland,2020/21,Violence against the person,330,2343,333,2271
Cleveland,cleveland,2021/22,Criminal damage and arson,150,438,171,457
Cleveland,cleveland,2021/22,Drug offences,499,731,494,671
Cleveland,cleveland,2021/22,Fraud offences to 2012/13,0,0,0,0
Cleveland,cleveland,2021/22,Miscellaneous crimes against society,38,251,44,270
Cleveland,cleveland,2021/22,Possession of weapons offences,59,254,78,271
Cleveland,cleveland,2021/22,Public order offences,174,603,193,621
Cleveland,cleveland,2021/22,Robbery,7,78,7,98
Cleveland,cleveland,2021/22,Sexual offences,23,149,32,174
Cleveland,cleveland,2021/22,Theft offences,99,1965,108,2111
Cleveland,cleveland,2021/22,Violence against the person,492,1782,571,2062
Cleveland,cleveland,2022/23,Criminal damage and arson,145,396,123,381
Cleveland,cleveland,2022/23,Drug offences,451,776,454,768
Cleveland,cleveland,2022/23,Fraud offences to 2012/13,0,0,0,0
Cleveland,cleveland,2022/23,Miscellaneous crimes against society,53,247,50,228
Cleveland,cleveland,2022/23,Possession of weapons offences,97,275,86,280
Cleveland,cleveland,2022/23,Public order offences,154,620,128,594
Cleveland,cleveland,2022/23,Robbery,6,128,5,132
Cleveland,cleveland,2022/23,Sexual offences,36,191,34,234
Cleveland,cleveland,2022/23,Theft offences,97,2504,90,2463
Cleveland,cleveland,2022/23,Violence against the person,688,2240,666,2182
Cleveland,cleveland,2023/24,Criminal damage and arson,127,392,117,398
Cleveland,cleveland,2023/24,Drug offences,426,798,442,853
Cleveland,cleveland,2023/24,Fraud offences to 2012/13,0,0,0,0
Cleveland,cleveland,2023/24,Miscellaneous crimes against society,25,221,24,234
Cleveland,cleveland,2023/24,Possession of weapons offences,92,292,90,291
Cleveland,cleveland,2023/24,Public order offences,66,486,63,491
Cleveland,cleveland,2023/24,Robbery,3,142,3,134
Cleveland,cleveland,2023/24,Sexual offences,42,223,39,248
Cleveland,cleveland,2023/24,Theft offences,75,2702,73,2771
Cleveland,cleveland,2023/24,Violence against the person,385,2156,354,2228
Cleveland,cleveland,2024/25,Criminal damage and arson,126,469,137,450
Cleveland,cleveland,2024/25,Drug offences,677,1184,726,1159
Cleveland,cleveland,2024/25,Fraud offences to 2012/13,0,0,0,0
Cleveland,cleveland,2024/25,Miscellaneous crimes against society,28,314,56,301
Cleveland,cleveland,2024/25,Possession of weapons offences,70,383,61,368
Cleveland,cleveland,2024/25,Public order offences,53,611,57,593
Cleveland,cleveland,2024/25,Robbery,4,145,2,146
Cleveland,cleveland,2024/25,Sexual offences,36,307,42,225
Cleveland,cleveland,2024/25,Theft offences,91,3014,98,2988
Cleveland,cleveland,2024/25,Violence against the person,368,2377,355,2247
Cleveland,cleveland,2025/26,Criminal damage and arson,164,382,128,339
Cleveland,cleveland,2025/26,Drug offences,1049,1167,944,982
Cleveland,cleveland,2025/26,Fraud offences to 2012/13,0,0,0,0
Cleveland,cleveland,2025/26,Miscellaneous crimes against society,113,404,89,346
Cleveland,cleveland,2025/26,Possession of weapons offences,70,366,66,344
Cleveland,cleveland,2025/26,Public order offences,89,920,67,882
Cleveland,cleveland,2025/26,Robbery,3,225,5,207
Cleveland,cleveland,2025/26,Sexual offences,51,280,43,125
Cleveland,cleveland,2025/26,Theft offences,184,3604,165,3501
Cleveland,cleveland,2025/26,Violence against the person,426,2172,367,1794
Cumbria,cumbria,2014/15,Criminal damage and arson,402,507,0,0
Cumbria,cumbria,2014/15,Drug offences,635,617,0,0
Cumbria,cumbria,2014/15,Fraud offences to 2012/13,0,5,0,0
Cumbria,cumbria,2014/15,Miscellaneous crimes against society,27,231,0,0
Cumbria,cumbria,2014/15,Possession of weapons offences,20,100,0,0
Cumbria,cumbria,2014/15,Public order offences,271,603,0,0
Cumbria,cumbria,2014/15,Robbery,1,28,0,0
Cumbria,cumbria,2014/15,Sexual offences,23,168,0,0
Cumbria,cumbria,2014/15,Theft offences,716,1798,0,0
Cumbria,cumbria,2014/15,Violence against the person,1033,1874,0,0
Cumbria,cumbria,2015/16,Criminal damage and arson,379,458,382,462
Cumbria,cumbria,2015/16,Drug offences,480,568,468,542
Cumbria,cumbria,2015/16,Fraud offences to 2012/13,0,0,0,0
Cumbria,cumbria,2015/16,Miscellaneous crimes against society,27,173,24,182
Cumbria,cumbria,2015/16,Possession of weapons offences,23,105,24,114
Cumbria,cumbria,2015/16,Public order offences,225,510,224,535
Cumbria,cumbria,2015/16,Robbery,0,36,0,35
Cumbria,cumbria,2015/16,Sexual offences,24,132,24,156
Cumbria,cumbria,2015/16,Theft offences,576,1564,587,1583
Cumbria,cumbria,2015/16,Violence against the person,844,1708,831,1790
Cumbria,cumbria,2016/17,Criminal damage and arson,353,441,344,411
Cumbria,cumbria,2016/17,Drug offences,407,450,398,431
Cumbria,cumbria,2016/17,Fraud offences to 2012/13,0,0,0,0
Cumbria,cumbria,2016/17,Miscellaneous crimes against society,19,212,14,202
Cumbria,cumbria,2016/17,Possession of weapons offences,24,91,25,83
Cumbria,cumbria,2016/17,Public order offences,191,435,192,389
Cumbria,cumbria,2016/17,Robbery,0,29,0,29
Cumbria,cumbria,2016/17,Sexual offences,14,176,19,147
Cumbria,cumbria,2016/17,Theft offences,547,1773,511,1713
Cumbria,cumbria,2016/17,Violence against the person,733,1692,696,1593
Cumbria,cumbria,2017/18,Criminal damage and arson,330,387,322,390
Cumbria,cumbria,2017/18,Drug offences,348,430,354,427
Cumbria,cumbria,2017/18,Fraud offences to 2012/13,0,0,0,0
Cumbria,cumbria,2017/18,Miscellaneous crimes against society,9,177,12,180
Cumbria,cumbria,2017/18,Possession of weapons offences,24,126,25,129
Cumbria,cumbria,2017/18,Public order offences,134,403,130,411
Cumbria,cumbria,2017/18,Robbery,0,28,0,31
Cumbria,cumbria,2017/18,Sexual offences,20,163,19,157
Cumbria,cumbria,2017/18,Theft offences,434,1622,444,1634
Cumbria,cumbria,2017/18,Violence against the person,748,1757,783,1816
Cumbria,cumbria,2018/19,Criminal damage and arson,287,388,289,392
Cumbria,cumbria,2018/19,Drug offences,455,442,461,476
Cumbria,cumbria,2018/19,Fraud offences to 2012/13,0,0,0,0
Cumbria,cumbria,2018/19,Miscellaneous crimes against society,22,161,23,151
Cumbria,cumbria,2018/19,Possession of weapons offences,28,137,31,141
Cumbria,cumbria,2018/19,Public order offences,180,477,189,490
Cumbria,cumbria,2018/19,Robbery,0,34,0,34
Cumbria,cumbria,2018/19,Sexual offences,28,101,25,140
Cumbria,cumbria,2018/19,Theft offences,438,1403,431,1379
Cumbria,cumbria,2018/19,Violence against the person,797,1769,834,1751
Cumbria,cumbria,2019/20,Criminal damage and arson,302,295,298,287
Cumbria,cumbria,2019/20,Drug offences,418,445,413,425
Cumbria,cumbria,2019/20,Fraud offences to 2012/13,0,0,0,0
Cumbria,cumbria,2019/20,Miscellaneous crimes against society,17,134,19,147
Cumbria,cumbria,2019/20,Possession of weapons offences,25,128,29,128
Cumbria,cumbria,2019/20,Public order offences,186,440,176,454
Cumbria,cumbria,2019/20,Robbery,1,25,1,29
Cumbria,cumbria,2019/20,Sexual offences,13,125,11,96
Cumbria,cumbria,2019/20,Theft offences,382,1045,377,1003
Cumbria,cumbria,2019/20,Violence against the person,882,1483,897,1511
Cumbria,cumbria,2020/21,Criminal damage and arson,240,305,220,291
Cumbria,cumbria,2020/21,Drug offences,536,474,532,480
Cumbria,cumbria,2020/21,Fraud offences to 2012/13,0,0,0,0
Cumbria,cumbria,2020/21,Miscellaneous crimes against society,27,165,33,146
Cumbria,cumbria,2020/21,Possession of weapons offences,35,122,25,122
Cumbria,cumbria,2020/21,Public order offences,201,483,206,453
Cumbria,cumbria,2020/21,Robbery,0,28,0,24
Cumbria,cumbria,2020/21,Sexual offences,8,124,10,140
Cumbria,cumbria,2020/21,Theft offences,268,667,249,632
Cumbria,cumbria,2020/21,Violence against the person,823,1649,755,1561
Cumbria,cumbria,2021/22,Criminal damage and arson,262,226,289,238
Cumbria,cumbria,2021/22,Drug offences,338,433,348,461
Cumbria,cumbria,2021/22,Fraud offences to 2012/13,0,0,0,0
Cumbria,cumbria,2021/22,Miscellaneous crimes against society,52,121,53,149
Cumbria,cumbria,2021/22,Possession of weapons offences,29,114,41,107
Cumbria,cumbria,2021/22,Public order offences,254,387,277,418
Cumbria,cumbria,2021/22,Robbery,3,25,7,27
Cumbria,cumbria,2021/22,Sexual offences,45,97,46,161
Cumbria,cumbria,2021/22,Theft offences,227,591,258,625
Cumbria,cumbria,2021/22,Violence against the person,891,1389,1025,1524
Cumbria,cumbria,2022/23,Criminal damage and arson,275,257,289,267
Cumbria,cumbria,2022/23,Drug offences,494,394,515,397
Cumbria,cumbria,2022/23,Fraud offences to 2012/13,0,0,0,0
Cumbria,cumbria,2022/23,Miscellaneous crimes against society,43,156,43,162
Cumbria,cumbria,2022/23,Possession of weapons offences,38,148,45,168
Cumbria,cumbria,2022/23,Public order offences,265,426,259,423
Cumbria,cumbria,2022/23,Robbery,4,32,1,30
Cumbria,cumbria,2022/23,Sexual offences,43,163,48,186
Cumbria,cumbria,2022/23,Theft offences,306,757,319,783
Cumbria,cumbria,2022/23,Violence against the person,1031,1456,1058,1492
Cumbria,cumbria,2023/24,Criminal damage and arson,353,251,355,260
Cumbria,cumbria,2023/24,Drug offences,1013,387,1024,446
Cumbria,cumbria,2023/24,Fraud offences to 2012/13,0,0,0,0
Cumbria,cumbria,2023/24,Miscellaneous crimes against society,63,163,61,173
Cumbria,cumbria,2023/24,Possession of weapons offences,68,185,71,194
Cumbria,cumbria,2023/24,Public order offences,240,397,239,395
Cumbria,cumbria,2023/24,Robbery,5,43,6,48
Cumbria,cumbria,2023/24,Sexual offences,34,166,34,150
Cumbria,cumbria,2023/24,Theft offences,288,983,310,1036
Cumbria,cumbria,2023/24,Violence against the person,1292,1425,1302,1497
Cumbria,cumbria,2024/25,Criminal damage and arson,291,331,286,311
Cumbria,cumbria,2024/25,Drug offences,1077,552,1086,535
Cumbria,cumbria,2024/25,Fraud offences to 2012/13,0,0,0,0
Cumbria,cumbria,2024/25,Miscellaneous crimes against society,41,234,50,243
Cumbria,cumbria,2024/25,Possession of weapons offences,62,205,57,197
Cumbria,cumbria,2024/25,Public order offences,202,597,217,607
Cumbria,cumbria,2024/25,Robbery,4,31,2,27
Cumbria,cumbria,2024/25,Sexual offences,31,179,37,148
Cumbria,cumbria,2024/25,Theft offences,290,1134,279,1068
Cumbria,cumbria,2024/25,Violence against the person,1148,1813,1175,1716
Cumbria,cumbria,2025/26,Criminal damage and arson,297,238,259,203
Cumbria,cumbria,2025/26,Drug offences,922,542,874,433
Cumbria,cumbria,2025/26,Fraud offences to 2012/13,0,0,0,0
Cumbria,cumbria,2025/26,Miscellaneous crimes against society,62,238,45,174
Cumbria,cumbria,2025/26,Possession of weapons offences,43,198,28,174
Cumbria,cumbria,2025/26,Public order offences,255,627,215,564
Cumbria,cumbria,2025/26,Robbery,0,39,0,33
Cumbria,cumbria,2025/26,Sexual offences,41,200,33,76
Cumbria,cumbria,2025/26,Theft offences,284,1013,244,907
Cumbria,cumbria,2025/26,Violence against the person,1202,1704,976,1406
Derbyshire,derbyshire,2014/15,Criminal damage and arson,934,901,918,884
Derbyshire,derbyshire,2014/15,Drug offences,1464,990,1468,1018
Derbyshire,derbyshire,2014/15,Fraud offences to 2012/13,0,2,0,0
Derbyshire,derbyshire,2014/15,Miscellaneous crimes against society,78,421,80,418
Derbyshire,derbyshire,2014/15,Possession of weapons offences,78,230,75,230
Derbyshire,derbyshire,2014/15,Public order offences,219,647,215,654
Derbyshire,derbyshire,2014/15,Robbery,5,165,6,156
Derbyshire,derbyshire,2014/15,Sexual offences,61,280,63,298
Derbyshire,derbyshire,2014/15,Theft offences,1634,3849,1677,3830
Derbyshire,derbyshire,2014/15,Violence against the person,1784,3279,1992,3301
Derbyshire,derbyshire,2015/16,Criminal damage and arson,900,923,853,893
Derbyshire,derbyshire,2015/16,Drug offences,1176,908,1128,752
Derbyshire,derbyshire,2015/16,Fraud offences to 2012/13,0,0,0,0
Derbyshire,derbyshire,2015/16,Miscellaneous crimes against society,80,354,86,329
Derbyshire,derbyshire,2015/16,Possession of weapons offences,74,260,68,253
Derbyshire,derbyshire,2015/16,Public order offences,220,634,216,613
Derbyshire,derbyshire,2015/16,Robbery,4,140,4,133
Derbyshire,derbyshire,2015/16,Sexual offences,50,298,42,192
Derbyshire,derbyshire,2015/16,Theft offences,1523,3132,1431,2922
Derbyshire,derbyshire,2015/16,Violence against the person,2332,3537,2181,3377
Derbyshire,derbyshire,2016/17,Criminal damage and arson,744,718,562,596
Derbyshire,derbyshire,2016/17,Drug offences,983,717,879,501
Derbyshire,derbyshire,2016/17,Fraud offences to 2012/13,0,0,0,0
Derbyshire,derbyshire,2016/17,Miscellaneous crimes against society,68,322,40,262
Derbyshire,derbyshire,2016/17,Possession of weapons offences,72,197,66,174
Derbyshire,derbyshire,2016/17,Public order offences,204,519,180,456
Derbyshire,derbyshire,2016/17,Robbery,8,113,7,74
Derbyshire,derbyshire,2016/17,Sexual offences,34,282,13,118
Derbyshire,derbyshire,2016/17,Theft offences,1251,2937,1073,2533
Derbyshire,derbyshire,2016/17,Violence against the person,1895,2558,1564,2233
Derbyshire,derbyshire,2017/18,Criminal damage and arson,831,765,668,655
Derbyshire,derbyshire,2017/18,Drug offences,941,738,802,482
Derbyshire,derbyshire,2017/18,Fraud offences to 2012/13,0,0,0,0
Derbyshire,derbyshire,2017/18,Miscellaneous crimes against society,71,321,60,195
Derbyshire,derbyshire,2017/18,Possession of weapons offences,75,230,58,199
Derbyshire,derbyshire,2017/18,Public order offences,213,624,192,552
Derbyshire,derbyshire,2017/18,Robbery,13,123,8,84
Derbyshire,derbyshire,2017/18,Sexual offences,42,276,30,116
Derbyshire,derbyshire,2017/18,Theft offences,1227,3337,1047,2774
Derbyshire,derbyshire,2017/18,Violence against the person,1912,2861,1638,2435
Derbyshire,derbyshire,2018/19,Criminal damage and arson,682,784,654,770
Derbyshire,derbyshire,2018/19,Drug offences,897,808,903,836
Derbyshire,derbyshire,2018/19,Fraud offences to 2012/13,0,0,0,0
Derbyshire,derbyshire,2018/19,Miscellaneous crimes against society,59,288,54,326
Derbyshire,derbyshire,2018/19,Possession of weapons offences,77,298,82,316
Derbyshire,derbyshire,2018/19,Public order offences,305,685,319,731
Derbyshire,derbyshire,2018/19,Robbery,8,85,9,78
Derbyshire,derbyshire,2018/19,Sexual offences,36,220,52,259
Derbyshire,derbyshire,2018/19,Theft offences,864,2716,837,2625
Derbyshire,derbyshire,2018/19,Violence against the person,1796,2821,1826,2851
Derbyshire,derbyshire,2019/20,Criminal damage and arson,563,594,604,694
Derbyshire,derbyshire,2019/20,Drug offences,796,699,872,737
Derbyshire,derbyshire,2019/20,Fraud offences to 2012/13,0,0,0,0
Derbyshire,derbyshire,2019/20,Miscellaneous crimes against society,43,276,49,274
Derbyshire,derbyshire,2019/20,Possession of weapons offences,75,229,81,269
Derbyshire,derbyshire,2019/20,Public order offences,370,742,413,868
Derbyshire,derbyshire,2019/20,Robbery,10,89,12,117
Derbyshire,derbyshire,2019/20,Sexual offences,38,201,32,292
Derbyshire,derbyshire,2019/20,Theft offences,685,2262,692,2326
Derbyshire,derbyshire,2019/20,Violence against the person,1600,2518,1738,2990
Derbyshire,derbyshire,2020/21,Criminal damage and arson,555,798,501,719
Derbyshire,derbyshire,2020/21,Drug offences,1061,771,1017,658
Derbyshire,derbyshire,2020/21,Fraud offences to 2012/13,0,0,0,0
Derbyshire,derbyshire,2020/21,Miscellaneous crimes against society,71,344,65,336
Derbyshire,derbyshire,2020/21,Possession of weapons offences,100,328,88,272
Derbyshire,derbyshire,2020/21,Public order offences,525,1010,532,941
Derbyshire,derbyshire,2020/21,Robbery,6,88,6,59
Derbyshire,derbyshire,2020/21,Sexual offences,27,277,23,240
Derbyshire,derbyshire,2020/21,Theft offences,416,1640,360,1338
Derbyshire,derbyshire,2020/21,Violence against the person,1604,3363,1468,3034
Derbyshire,derbyshire,2021/22,Criminal damage and arson,534,631,551,670
Derbyshire,derbyshire,2021/22,Drug offences,828,576,769,609
Derbyshire,derbyshire,2021/22,Fraud offences to 2012/13,0,0,0,0
Derbyshire,derbyshire,2021/22,Miscellaneous crimes against society,52,243,59,313
Derbyshire,derbyshire,2021/22,Possession of weapons offences,86,278,93,291
Derbyshire,derbyshire,2021/22,Public order offences,574,917,565,941
Derbyshire,derbyshire,2021/22,Robbery,5,68,8,69
Derbyshire,derbyshire,2021/22,Sexual offences,29,278,25,324
Derbyshire,derbyshire,2021/22,Theft offences,382,1396,387,1404
Derbyshire,derbyshire,2021/22,Violence against the person,1757,2708,1781,2899
Derbyshire,derbyshire,2022/23,Criminal damage and arson,514,579,508,547
Derbyshire,derbyshire,2022/23,Drug offences,793,660,779,542
Derbyshire,derbyshire,2022/23,Fraud offences to 2012/13,0,0,0,0
Derbyshire,derbyshire,2022/23,Miscellaneous crimes against society,62,262,63,294
Derbyshire,derbyshire,2022/23,Possession of weapons offences,76,279,75,285
Derbyshire,derbyshire,2022/23,Public order offences,520,840,504,802
Derbyshire,derbyshire,2022/23,Robbery,19,71,18,64
Derbyshire,derbyshire,2022/23,Sexual offences,24,313,18,302
Derbyshire,derbyshire,2022/23,Theft offences,361,1426,355,1464
Derbyshire,derbyshire,2022/23,Violence against the person,1760,2823,1812,2816
Derbyshire,derbyshire,2023/24,Criminal damage and arson,486,652,456,612
Derbyshire,derbyshire,2023/24,Drug offences,593,659,663,712
Derbyshire,derbyshire,2023/24,Fraud offences to 2012/13,0,0,0,0
Derbyshire,derbyshire,2023/24,Miscellaneous crimes against society,83,347,75,245
Derbyshire,derbyshire,2023/24,Possession of weapons offences,90,318,93,316
Derbyshire,derbyshire,2023/24,Public order offences,510,885,531,836
Derbyshire,derbyshire,2023/24,Robbery,9,69,6,73
Derbyshire,derbyshire,2023/24,Sexual offences,29,386,33,293
Derbyshire,derbyshire,2023/24,Theft offences,418,2337,432,2510
Derbyshire,derbyshire,2023/24,Violence against the person,1950,3155,1958,2964
Derbyshire,derbyshire,2024/25,Criminal damage and arson,471,625,473,558
Derbyshire,derbyshire,2024/25,Drug offences,807,964,779,840
Derbyshire,derbyshire,2024/25,Fraud offences to 2012/13,0,0,0,0
Derbyshire,derbyshire,2024/25,Miscellaneous crimes against society,73,350,62,234
Derbyshire,derbyshire,2024/25,Possession of weapons offences,75,337,85,297
Derbyshire,derbyshire,2024/25,Public order offences,589,1180,562,1037
Derbyshire,derbyshire,2024/25,Robbery,6,94,6,87
Derbyshire,derbyshire,2024/25,Sexual offences,48,387,51,322
Derbyshire,derbyshire,2024/25,Theft offences,580,2819,564,2638
Derbyshire,derbyshire,2024/25,Violence against the person,2112,3520,2012,2694
Derbyshire,derbyshire,2025/26,Criminal damage and arson,445,530,390,467
Derbyshire,derbyshire,2025/26,Drug offences,911,1179,823,871
Derbyshire,derbyshire,2025/26,Fraud offences to 2012/13,0,0,0,0
Derbyshire,derbyshire,2025/26,Miscellaneous crimes against society,102,341,93,173
Derbyshire,derbyshire,2025/26,Possession of weapons offences,155,356,142,293
Derbyshire,derbyshire,2025/26,Public order offences,603,1173,551,994
Derbyshire,derbyshire,2025/26,Robbery,13,163,12,135
Derbyshire,derbyshire,2025/26,Sexual offences,76,446,62,146
Derbyshire,derbyshire,2025/26,Theft offences,627,2840,601,2546
Derbyshire,derbyshire,2025/26,Violence against the person,2399,3074,2184,2399
Devon and Cornwall,devon-and-cornwall,2014/15,Criminal damage and arson,1429,1003,1490,981
Devon and Cornwall,devon-and-cornwall,2014/15,Drug offences,2434,1303,2449,1260
Devon and Cornwall,devon-and-cornwall,2014/15,Fraud offences to 2012/13,1,14,0,0
Devon and Cornwall,devon-and-cornwall,2014/15,Miscellaneous crimes against society,117,495,124,504
Devon and Cornwall,devon-and-cornwall,2014/15,Possession of weapons offences,92,299,90,297
Devon and Cornwall,devon-and-cornwall,2014/15,Public order offences,1033,1119,1012,1092
Devon and Cornwall,devon-and-cornwall,2014/15,Robbery,4,99,4,97
Devon and Cornwall,devon-and-cornwall,2014/15,Sexual offences,92,413,105,435
Devon and Cornwall,devon-and-cornwall,2014/15,Theft offences,2953,3695,2985,3641
Devon and Cornwall,devon-and-cornwall,2014/15,Violence against the person,3564,3877,3598,3882
Devon and Cornwall,devon-and-cornwall,2015/16,Criminal damage and arson,1224,888,1192,882
Devon and Cornwall,devon-and-cornwall,2015/16,Drug offences,2084,1179,2094,1153
Devon and Cornwall,devon-and-cornwall,2015/16,Fraud offences to 2012/13,0,0,0,0
Devon and Cornwall,devon-and-cornwall,2015/16,Miscellaneous crimes against society,93,407,93,436
Devon and Cornwall,devon-and-cornwall,2015/16,Possession of weapons offences,94,289,92,293
Devon and Cornwall,devon-and-cornwall,2015/16,Public order offences,716,953,719,962
Devon and Cornwall,devon-and-cornwall,2015/16,Robbery,1,79,0,77
Devon and Cornwall,devon-and-cornwall,2015/16,Sexual offences,88,359,82,353
Devon and Cornwall,devon-and-cornwall,2015/16,Theft offences,2348,2975,2337,2909
Devon and Cornwall,devon-and-cornwall,2015/16,Violence against the person,2991,3811,2963,3736
Devon and Cornwall,devon-and-cornwall,2016/17,Criminal damage and arson,992,878,985,871
Devon and Cornwall,devon-and-cornwall,2016/17,Drug offences,1798,1032,1858,1077
Devon and Cornwall,devon-and-cornwall,2016/17,Fraud offences to 2012/13,0,0,0,0
Devon and Cornwall,devon-and-cornwall,2016/17,Miscellaneous crimes against society,91,504,88,476
Devon and Cornwall,devon-and-cornwall,2016/17,Possession of weapons offences,81,310,85,331
Devon and Cornwall,devon-and-cornwall,2016/17,Public order offences,472,916,478,937
Devon and Cornwall,devon-and-cornwall,2016/17,Robbery,2,78,4,76
Devon and Cornwall,devon-and-cornwall,2016/17,Sexual offences,71,397,73,379
Devon and Cornwall,devon-and-cornwall,2016/17,Theft offences,1807,2785,1789,2809
Devon and Cornwall,devon-and-cornwall,2016/17,Violence against the person,2133,3326,2136,3329
Devon and Cornwall,devon-and-cornwall,2017/18,Criminal damage and arson,809,865,839,925
Devon and Cornwall,devon-and-cornwall,2017/18,Drug offences,1607,986,1661,1140
Devon and Cornwall,devon-and-cornwall,2017/18,Fraud offences to 2012/13,0,0,0,0
Devon and Cornwall,devon-and-cornwall,2017/18,Miscellaneous crimes against society,65,345,91,417
Devon and Cornwall,devon-and-cornwall,2017/18,Possession of weapons offences,73,365,91,383
Devon and Cornwall,devon-and-cornwall,2017/18,Public order offences,408,922,417,960
Devon and Cornwall,devon-and-cornwall,2017/18,Robbery,6,87,5,97
Devon and Cornwall,devon-and-cornwall,2017/18,Sexual offences,62,274,58,317
Devon and Cornwall,devon-and-cornwall,2017/18,Theft offences,1398,2719,1414,2793
Devon and Cornwall,devon-and-cornwall,2017/18,Violence against the person,1870,3287,1978,3552
Devon and Cornwall,devon-and-cornwall,2018/19,Criminal damage and arson,746,832,770,844
Devon and Cornwall,devon-and-cornwall,2018/19,Drug offences,1654,1093,1759,1191
Devon and Cornwall,devon-and-cornwall,2018/19,Fraud offences to 2012/13,0,0,0,0
Devon and Cornwall,devon-and-cornwall,2018/19,Miscellaneous crimes against society,66,380,79,438
Devon and Cornwall,devon-and-cornwall,2018/19,Possession of weapons offences,94,339,109,363
Devon and Cornwall,devon-and-cornwall,2018/19,Public order offences,337,927,332,941
Devon and Cornwall,devon-and-cornwall,2018/19,Robbery,3,101,5,102
Devon and Cornwall,devon-and-cornwall,2018/19,Sexual offences,50,233,65,330
Devon and Cornwall,devon-and-cornwall,2018/19,Theft offences,1194,2490,1175,2432
Devon and Cornwall,devon-and-cornwall,2018/19,Violence against the person,1547,3342,1557,3364
Devon and Cornwall,devon-and-cornwall,2019/20,Criminal damage and arson,659,765,579,747
Devon and Cornwall,devon-and-cornwall,2019/20,Drug offences,1762,1069,1735,1069
Devon and Cornwall,devon-and-cornwall,2019/20,Fraud offences to 2012/13,0,0,0,0
Devon and Cornwall,devon-and-cornwall,2019/20,Miscellaneous crimes against society,81,380,74,387
Devon and Cornwall,devon-and-cornwall,2019/20,Possession of weapons offences,148,407,134,441
Devon and Cornwall,devon-and-cornwall,2019/20,Public order offences,296,938,295,969
Devon and Cornwall,devon-and-cornwall,2019/20,Robbery,5,82,6,92
Devon and Cornwall,devon-and-cornwall,2019/20,Sexual offences,70,284,62,306
Devon and Cornwall,devon-and-cornwall,2019/20,Theft offences,836,1953,741,1919
Devon and Cornwall,devon-and-cornwall,2019/20,Violence against the person,1646,3130,1680,3253
Devon and Cornwall,devon-and-cornwall,2020/21,Criminal damage and arson,577,758,583,768
Devon and Cornwall,devon-and-cornwall,2020/21,Drug offences,1936,1069,1974,1065
Devon and Cornwall,devon-and-cornwall,2020/21,Fraud offences to 2012/13,0,0,0,0
Devon and Cornwall,devon-and-cornwall,2020/21,Miscellaneous crimes against society,79,361,85,402
Devon and Cornwall,devon-and-cornwall,2020/21,Possession of weapons offences,155,408,158,388
Devon and Cornwall,devon-and-cornwall,2020/21,Public order offences,294,980,314,962
Devon and Cornwall,devon-and-cornwall,2020/21,Robbery,6,68,7,55
Devon and Cornwall,devon-and-cornwall,2020/21,Sexual offences,47,329,46,298
Devon and Cornwall,devon-and-cornwall,2020/21,Theft offences,440,1431,413,1339
Devon and Cornwall,devon-and-cornwall,2020/21,Violence against the person,1693,3109,1750,3087
Devon and Cornwall,devon-and-cornwall,2021/22,Criminal damage and arson,631,721,676,733
Devon and Cornwall,devon-and-cornwall,2021/22,Drug offences,1441,939,1371,829
Devon and Cornwall,devon-and-cornwall,2021/22,Fraud offences to 2012/13,0,0,0,0
Devon and Cornwall,devon-and-cornwall,2021/22,Miscellaneous crimes against society,83,396,105,365
Devon and Cornwall,devon-and-cornwall,2021/22,Possession of weapons offences,127,389,160,371
Devon and Cornwall,devon-and-cornwall,2021/22,Public order offences,365,876,347,869
Devon and Cornwall,devon-and-cornwall,2021/22,Robbery,8,57,6,59
Devon and Cornwall,devon-and-cornwall,2021/22,Sexual offences,103,288,104,367
Devon and Cornwall,devon-and-cornwall,2021/22,Theft offences,433,1226,429,1222
Devon and Cornwall,devon-and-cornwall,2021/22,Violence against the person,1976,2836,2048,2983
Devon and Cornwall,devon-and-cornwall,2022/23,Criminal damage and arson,601,594,634,595
Devon and Cornwall,devon-and-cornwall,2022/23,Drug offences,1269,675,1267,676
Devon and Cornwall,devon-and-cornwall,2022/23,Fraud offences to 2012/13,0,0,0,0
Devon and Cornwall,devon-and-cornwall,2022/23,Miscellaneous crimes against society,80,290,125,347
Devon and Cornwall,devon-and-cornwall,2022/23,Possession of weapons offences,159,301,145,318
Devon and Cornwall,devon-and-cornwall,2022/23,Public order offences,314,735,323,707
Devon and Cornwall,devon-and-cornwall,2022/23,Robbery,6,53,6,58
Devon and Cornwall,devon-and-cornwall,2022/23,Sexual offences,81,364,109,420
Devon and Cornwall,devon-and-cornwall,2022/23,Theft offences,505,1380,548,1576
Devon and Cornwall,devon-and-cornwall,2022/23,Violence against the person,1810,2537,1912,2606
Devon and Cornwall,devon-and-cornwall,2023/24,Criminal damage and arson,567,585,665,608
Devon and Cornwall,devon-and-cornwall,2023/24,Drug offences,1093,691,1254,636
Devon and Cornwall,devon-and-cornwall,2023/24,Fraud offences to 2012/13,0,0,0,0
Devon and Cornwall,devon-and-cornwall,2023/24,Miscellaneous crimes against society,205,337,207,355
Devon and Cornwall,devon-and-cornwall,2023/24,Possession of weapons offences,165,342,194,365
Devon and Cornwall,devon-and-cornwall,2023/24,Public order offences,250,597,276,644
Devon and Cornwall,devon-and-cornwall,2023/24,Robbery,7,68,7,73
Devon and Cornwall,devon-and-cornwall,2023/24,Sexual offences,109,348,96,368
Devon and Cornwall,devon-and-cornwall,2023/24,Theft offences,509,2042,616,2115
Devon and Cornwall,devon-and-cornwall,2023/24,Violence against the person,1897,2521,2232,2780
Devon and Cornwall,devon-and-cornwall,2024/25,Criminal damage and arson,783,647,593,603
Devon and Cornwall,devon-and-cornwall,2024/25,Drug offences,1471,815,1239,740
Devon and Cornwall,devon-and-cornwall,2024/25,Fraud offences to 2012/13,0,0,0,0
Devon and Cornwall,devon-and-cornwall,2024/25,Miscellaneous crimes against society,200,403,126,263
Devon and Cornwall,devon-and-cornwall,2024/25,Possession of weapons offences,204,412,172,358
Devon and Cornwall,devon-and-cornwall,2024/25,Public order offences,371,748,305,681
Devon and Cornwall,devon-and-cornwall,2024/25,Robbery,7,70,4,58
Devon and Cornwall,devon-and-cornwall,2024/25,Sexual offences,122,589,99,296
Devon and Cornwall,devon-and-cornwall,2024/25,Theft offences,797,2921,727,2842
Devon and Cornwall,devon-and-cornwall,2024/25,Violence against the person,2645,3384,2142,2915
Devon and Cornwall,devon-and-cornwall,2025/26,Criminal damage and arson,548,569,404,456
Devon and Cornwall,devon-and-cornwall,2025/26,Drug offences,1365,782,1082,557
Devon and Cornwall,devon-and-cornwall,2025/26,Fraud offences to 2012/13,0,0,0,0
Devon and Cornwall,devon-and-cornwall,2025/26,Miscellaneous crimes against society,178,384,117,186
Devon and Cornwall,devon-and-cornwall,2025/26,Possession of weapons offences,207,361,163,309
Devon and Cornwall,devon-and-cornwall,2025/26,Public order offences,293,660,226,555
Devon and Cornwall,devon-and-cornwall,2025/26,Robbery,6,92,6,80
Devon and Cornwall,devon-and-cornwall,2025/26,Sexual offences,120,521,97,192
Devon and Cornwall,devon-and-cornwall,2025/26,Theft offences,699,3141,478,2785
Devon and Cornwall,devon-and-cornwall,2025/26,Violence against the person,2157,3041,1664,2388
Dorset,dorset,2014/15,Criminal damage and arson,480,556,445,529
Dorset,dorset,2014/15,Drug offences,989,656,998,673
Dorset,dorset,2014/15,Fraud offences to 2012/13,1,7,0,0
Dorset,dorset,2014/15,Miscellaneous crimes against society,56,192,46,171
Dorset,dorset,2014/15,Possession of weapons offences,44,131,44,123
Dorset,dorset,2014/15,Public order offences,192,541,193,547
Dorset,dorset,2014/15,Robbery,0,54,0,47
Dorset,dorset,2014/15,Sexual offences,22,188,17,135
Dorset,dorset,2014/15,Theft offences,869,2205,841,2201
Dorset,dorset,2014/15,Violence against the person,1064,1768,1059,1767
Dorset,dorset,2015/16,Criminal damage and arson,356,521,377,529
Dorset,dorset,2015/16,Drug offences,861,604,856,667
Dorset,dorset,2015/16,Fraud offences to 2012/13,0,0,0,0
Dorset,dorset,2015/16,Miscellaneous crimes against society,40,179,42,202
Dorset,dorset,2015/16,Possession of weapons offences,29,146,40,169
Dorset,dorset,2015/16,Public order offences,148,509,162,542
Dorset,dorset,2015/16,Robbery,0,51,1,47
Dorset,dorset,2015/16,Sexual offences,16,123,18,125
Dorset,dorset,2015/16,Theft offences,599,2014,607,1946
Dorset,dorset,2015/16,Violence against the person,905,1906,945,2077
Dorset,dorset,2016/17,Criminal damage and arson,415,515,423,501
Dorset,dorset,2016/17,Drug offences,822,701,821,672
Dorset,dorset,2016/17,Fraud offences to 2012/13,0,0,0,0
Dorset,dorset,2016/17,Miscellaneous crimes against society,42,233,47,215
Dorset,dorset,2016/17,Possession of weapons offences,45,181,34,171
Dorset,dorset,2016/17,Public order offences,241,685,247,668
Dorset,dorset,2016/17,Robbery,2,60,1,70
Dorset,dorset,2016/17,Sexual offences,24,153,19,159
Dorset,dorset,2016/17,Theft offences,717,1971,710,2038
Dorset,dorset,2016/17,Violence against the person,1133,2210,1186,2128
Dorset,dorset,2017/18,Criminal damage and arson,404,480,391,490
Dorset,dorset,2017/18,Drug offences,827,597,852,629
Dorset,dorset,2017/18,Fraud offences to 2012/13,0,0,0,0
Dorset,dorset,2017/18,Miscellaneous crimes against society,31,196,23,239
Dorset,dorset,2017/18,Possession of weapons offences,35,153,39,165
Dorset,dorset,2017/18,Public order offences,254,612,252,624
Dorset,dorset,2017/18,Robbery,2,67,2,72
Dorset,dorset,2017/18,Sexual offences,8,122,15,148
Dorset,dorset,2017/18,Theft offences,565,1888,570,1883
Dorset,dorset,2017/18,Violence against the person,1252,2091,1231,2232
Dorset,dorset,2018/19,Criminal damage and arson,351,433,341,456
Dorset,dorset,2018/19,Drug offences,845,582,846,665
Dorset,dorset,2018/19,Fraud offences to 2012/13,0,0,0,0
Dorset,dorset,2018/19,Miscellaneous crimes against society,25,155,29,165
Dorset,dorset,2018/19,Possession of weapons offences,37,168,38,174
Dorset,dorset,2018/19,Public order offences,246,563,231,568
Dorset,dorset,2018/19,Robbery,2,70,3,65
Dorset,dorset,2018/19,Sexual offences,26,97,22,113
Dorset,dorset,2018/19,Theft offences,383,1561,357,1576
Dorset,dorset,2018/19,Violence against the person,951,2044,937,2089
Dorset,dorset,2019/20,Criminal damage and arson,259,438,256,411
Dorset,dorset,2019/20,Drug offences,560,676,549,633
Dorset,dorset,2019/20,Fraud offences to 2012/13,0,0,0,0
Dorset,dorset,2019/20,Miscellaneous crimes against society,26,184,29,161
Dorset,dorset,2019/20,Possession of weapons offences,34,184,41,173
Dorset,dorset,2019/20,Public order offences,159,503,171,496
Dorset,dorset,2019/20,Robbery,5,47,4,50
Dorset,dorset,2019/20,Sexual offences,13,129,12,130
Dorset,dorset,2019/20,Theft offences,252,1464,245,1377
Dorset,dorset,2019/20,Violence against the person,739,1723,726,1671
Dorset,dorset,2020/21,Criminal damage and arson,191,358,191,357
Dorset,dorset,2020/21,Drug offences,616,513,611,456
Dorset,dorset,2020/21,Fraud offences to 2012/13,0,0,0,0
Dorset,dorset,2020/21,Miscellaneous crimes against society,16,151,14,147
Dorset,dorset,2020/21,Possession of weapons offences,50,146,41,150
Dorset,dorset,2020/21,Public order offences,152,520,132,534
Dorset,dorset,2020/21,Robbery,2,61,2,66
Dorset,dorset,2020/21,Sexual offences,15,120,16,149
Dorset,dorset,2020/21,Theft offences,146,1021,128,918
Dorset,dorset,2020/21,Violence against the person,625,1664,589,1588
Dorset,dorset,2021/22,Criminal damage and arson,236,285,251,307
Dorset,dorset,2021/22,Drug offences,475,404,476,373
Dorset,dorset,2021/22,Fraud offences to 2012/13,0,0,0,0
Dorset,dorset,2021/22,Miscellaneous crimes against society,20,128,21,135
Dorset,dorset,2021/22,Possession of weapons offences,43,126,51,124
Dorset,dorset,2021/22,Public order offences,121,442,132,434
Dorset,dorset,2021/22,Robbery,0,36,1,26
Dorset,dorset,2021/22,Sexual offences,18,141,14,170
Dorset,dorset,2021/22,Theft offences,152,740,164,827
Dorset,dorset,2021/22,Violence against the person,659,1531,681,1644
Dorset,dorset,2022/23,Criminal damage and arson,260,337,242,317
Dorset,dorset,2022/23,Drug offences,454,353,449,372
Dorset,dorset,2022/23,Fraud offences to 2012/13,0,0,0,0
Dorset,dorset,2022/23,Miscellaneous crimes against society,21,130,28,123
Dorset,dorset,2022/23,Possession of weapons offences,44,137,52,143
Dorset,dorset,2022/23,Public order offences,133,381,132,392
Dorset,dorset,2022/23,Robbery,6,36,8,47
Dorset,dorset,2022/23,Sexual offences,7,143,11,154
Dorset,dorset,2022/23,Theft offences,150,877,146,956
Dorset,dorset,2022/23,Violence against the person,768,1418,814,1468
Dorset,dorset,2023/24,Criminal damage and arson,233,260,231,335
Dorset,dorset,2023/24,Drug offences,553,348,559,337
Dorset,dorset,2023/24,Fraud offences to 2012/13,0,0,0,0
Dorset,dorset,2023/24,Miscellaneous crimes against society,40,101,30,92
Dorset,dorset,2023/24,Possession of weapons offences,78,159,78,194
Dorset,dorset,2023/24,Public order offences,128,353,130,387
Dorset,dorset,2023/24,Robbery,2,46,1,58
Dorset,dorset,2023/24,Sexual offences,21,170,20,157
Dorset,dorset,2023/24,Theft offences,159,1472,162,1516
Dorset,dorset,2023/24,Violence against the person,853,1376,858,1590
Dorset,dorset,2024/25,Criminal damage and arson,227,370,229,340
Dorset,dorset,2024/25,Drug offences,606,440,597,417
Dorset,dorset,2024/25,Fraud offences to 2012/13,0,0,0,0
Dorset,dorset,2024/25,Miscellaneous crimes against society,38,103,36,94
Dorset,dorset,2024/25,Possession of weapons offences,73,189,78,174
Dorset,dorset,2024/25,Public order offences,123,411,127,413
Dorset,dorset,2024/25,Robbery,3,47,1,33
Dorset,dorset,2024/25,Sexual offences,24,157,28,121
Dorset,dorset,2024/25,Theft offences,209,1593,202,1588
Dorset,dorset,2024/25,Violence against the person,771,1709,791,1755
Dorset,dorset,2025/26,Criminal damage and arson,227,340,196,241
Dorset,dorset,2025/26,Drug offences,662,504,627,387
Dorset,dorset,2025/26,Fraud offences to 2012/13,0,0,0,0
Dorset,dorset,2025/26,Miscellaneous crimes against society,31,159,25,77
Dorset,dorset,2025/26,Possession of weapons offences,83,181,72,147
Dorset,dorset,2025/26,Public order offences,144,425,124,315
Dorset,dorset,2025/26,Robbery,2,76,2,58
Dorset,dorset,2025/26,Sexual offences,46,201,48,72
Dorset,dorset,2025/26,Theft offences,165,1776,157,1530
Dorset,dorset,2025/26,Violence against the person,931,1919,830,1402
Durham,durham,2014/15,Criminal damage and arson,955,814,897,821
Durham,durham,2014/15,Drug offences,933,443,930,453
Durham,durham,2014/15,Fraud offences to 2012/13,1,2,0,0
Durham,durham,2014/15,Miscellaneous crimes against society,75,339,82,338
Durham,durham,2014/15,Possession of weapons offences,63,172,63,171
Durham,durham,2014/15,Public order offences,395,560,396,552
Durham,durham,2014/15,Robbery,0,46,0,46
Durham,durham,2014/15,Sexual offences,35,190,34,247
Durham,durham,2014/15,Theft offences,1646,2951,1648,2883
Durham,durham,2014/15,Violence against the person,1589,2101,1583,2130
Durham,durham,2015/16,Criminal damage and arson,789,692,807,687
Durham,durham,2015/16,Drug offences,757,361,751,348
Durham,durham,2015/16,Fraud offences to 2012/13,0,0,0,0
Durham,durham,2015/16,Miscellaneous crimes against society,73,325,78,350
Durham,durham,2015/16,Possession of weapons offences,53,139,54,141
Durham,durham,2015/16,Public order offences,393,505,402,517
Durham,durham,2015/16,Robbery,0,43,1,41
Durham,durham,2015/16,Sexual offences,38,231,44,223
Durham,durham,2015/16,Theft offences,1435,2558,1511,2534
Durham,durham,2015/16,Violence against the person,1746,2084,1788,2086
Durham,durham,2016/17,Criminal damage and arson,737,501,763,508
Durham,durham,2016/17,Drug offences,595,288,604,307
Durham,durham,2016/17,Fraud offences to 2012/13,0,0,0,0
Durham,durham,2016/17,Miscellaneous crimes against society,65,294,67,303
Durham,durham,2016/17,Possession of weapons offences,37,108,41,111
Durham,durham,2016/17,Public order offences,414,491,443,501
Durham,durham,2016/17,Robbery,3,49,2,53
Durham,durham,2016/17,Sexual offences,50,220,52,198
Durham,durham,2016/17,Theft offences,1401,2399,1421,2417
Durham,durham,2016/17,Violence against the person,1725,1777,1810,1821
Durham,durham,2017/18,Criminal damage and arson,1043,504,1063,504
Durham,durham,2017/18,Drug offences,627,250,643,273
Durham,durham,2017/18,Fraud offences to 2012/13,0,0,0,0
Durham,durham,2017/18,Miscellaneous crimes against society,172,260,174,270
Durham,durham,2017/18,Possession of weapons offences,67,104,68,110
Durham,durham,2017/18,Public order offences,840,542,843,546
Durham,durham,2017/18,Robbery,5,75,5,78
Durham,durham,2017/18,Sexual offences,84,199,76,218
Durham,durham,2017/18,Theft offences,1615,2170,1553,2205
Durham,durham,2017/18,Violence against the person,3145,1904,3162,1934
Durham,durham,2018/19,Criminal damage and arson,1026,541,995,540
Durham,durham,2018/19,Drug offences,721,345,727,348
Durham,durham,2018/19,Fraud offences to 2012/13,0,0,0,0
Durham,durham,2018/19,Miscellaneous crimes against society,194,265,186,275
Durham,durham,2018/19,Possession of weapons offences,90,134,91,140
Durham,durham,2018/19,Public order offences,709,582,685,577
Durham,durham,2018/19,Robbery,4,52,4,53
Durham,durham,2018/19,Sexual offences,55,189,57,177
Durham,durham,2018/19,Theft offences,1436,2135,1423,2144
Durham,durham,2018/19,Violence against the person,3602,2060,3575,2086
Durham,durham,2019/20,Criminal damage and arson,713,455,687,460
Durham,durham,2019/20,Drug offences,742,312,726,332
Durham,durham,2019/20,Fraud offences to 2012/13,0,0,0,0
Durham,durham,2019/20,Miscellaneous crimes against society,107,214,120,216
Durham,durham,2019/20,Possession of weapons offences,73,148,73,142
Durham,durham,2019/20,Public order offences,517,464,522,486
Durham,durham,2019/20,Robbery,6,52,6,61
Durham,durham,2019/20,Sexual offences,41,159,45,182
Durham,durham,2019/20,Theft offences,1055,1857,1009,1874
Durham,durham,2019/20,Violence against the person,2426,1817,2384,1854
Durham,durham,2020/21,Criminal damage and arson,581,403,586,405
Durham,durham,2020/21,Drug offences,574,339,600,371
Durham,durham,2020/21,Fraud offences to 2012/13,0,0,0,0
Durham,durham,2020/21,Miscellaneous crimes against society,86,241,81,271
Durham,durham,2020/21,Possession of weapons offences,43,104,51,121
Durham,durham,2020/21,Public order offences,434,526,430,518
Durham,durham,2020/21,Robbery,1,41,2,36
Durham,durham,2020/21,Sexual offences,43,221,35,200
Durham,durham,2020/21,Theft offences,532,1319,523,1221
Durham,durham,2020/21,Violence against the person,1923,1736,1928,1711
Durham,durham,2021/22,Criminal damage and arson,574,358,609,381
Durham,durham,2021/22,Drug offences,524,264,523,276
Durham,durham,2021/22,Fraud offences to 2012/13,0,0,0,0
Durham,durham,2021/22,Miscellaneous crimes against society,92,199,104,207
Durham,durham,2021/22,Possession of weapons offences,66,133,66,131
Durham,durham,2021/22,Public order offences,455,562,479,604
Durham,durham,2021/22,Robbery,4,33,8,40
Durham,durham,2021/22,Sexual offences,29,143,36,231
Durham,durham,2021/22,Theft offences,492,1080,508,1241
Durham,durham,2021/22,Violence against the person,1768,1644,1845,1803
Durham,durham,2022/23,Criminal damage and arson,696,403,692,384
Durham,durham,2022/23,Drug offences,612,300,621,287
Durham,durham,2022/23,Fraud offences to 2012/13,0,0,0,0
Durham,durham,2022/23,Miscellaneous crimes against society,120,223,114,226
Durham,durham,2022/23,Possession of weapons offences,103,159,101,164
Durham,durham,2022/23,Public order offences,608,601,616,578
Durham,durham,2022/23,Robbery,5,50,1,45
Durham,durham,2022/23,Sexual offences,51,249,52,289
Durham,durham,2022/23,Theft offences,602,1582,599,1522
Durham,durham,2022/23,Violence against the person,2117,1740,2147,1805
Durham,durham,2023/24,Criminal damage and arson,599,399,563,429
Durham,durham,2023/24,Drug offences,518,275,507,256
Durham,durham,2023/24,Fraud offences to 2012/13,0,0,0,0
Durham,durham,2023/24,Miscellaneous crimes against society,89,214,86,204
Durham,durham,2023/24,Possession of weapons offences,84,155,77,153
Durham,durham,2023/24,Public order offences,366,457,337,465
Durham,durham,2023/24,Robbery,5,46,5,57
Durham,durham,2023/24,Sexual offences,37,281,28,262
Durham,durham,2023/24,Theft offences,430,2266,420,2430
Durham,durham,2023/24,Violence against the person,1943,1940,1903,2070
Durham,durham,2024/25,Criminal damage and arson,439,407,442,393
Durham,durham,2024/25,Drug offences,383,269,386,250
Durham,durham,2024/25,Fraud offences to 2012/13,0,0,0,0
Durham,durham,2024/25,Miscellaneous crimes against society,76,244,73,238
Durham,durham,2024/25,Possession of weapons offences,68,162,73,157
Durham,durham,2024/25,Public order offences,198,534,188,532
Durham,durham,2024/25,Robbery,3,77,2,66
Durham,durham,2024/25,Sexual offences,18,311,20,235
Durham,durham,2024/25,Theft offences,435,3206,434,3080
Durham,durham,2024/25,Violence against the person,1252,2148,1237,2094
Durham,durham,2025/26,Criminal damage and arson,378,404,343,358
Durham,durham,2025/26,Drug offences,330,316,298,249
Durham,durham,2025/26,Fraud offences to 2012/13,0,0,0,0
Durham,durham,2025/26,Miscellaneous crimes against society,66,251,53,173
Durham,durham,2025/26,Possession of weapons offences,72,191,63,179
Durham,durham,2025/26,Public order offences,169,645,164,601
Durham,durham,2025/26,Robbery,2,75,2,67
Durham,durham,2025/26,Sexual offences,20,291,17,129
Durham,durham,2025/26,Theft offences,392,2864,346,2806
Durham,durham,2025/26,Violence against the person,1060,2106,956,1680
Dyfed-Powys,dyfed-powys,2014/15,Criminal damage and arson,333,411,163,165
Dyfed-Powys,dyfed-powys,2014/15,Drug offences,1574,1061,657,405
Dyfed-Powys,dyfed-powys,2014/15,Fraud offences to 2012/13,0,0,0,0
Dyfed-Powys,dyfed-powys,2014/15,Miscellaneous crimes against society,17,118,24,39
Dyfed-Powys,dyfed-powys,2014/15,Possession of weapons offences,27,82,16,45
Dyfed-Powys,dyfed-powys,2014/15,Public order offences,215,408,92,140
Dyfed-Powys,dyfed-powys,2014/15,Robbery,0,20,0,10
Dyfed-Powys,dyfed-powys,2014/15,Sexual offences,23,117,14,24
Dyfed-Powys,dyfed-powys,2014/15,Theft offences,575,1090,281,418
Dyfed-Powys,dyfed-powys,2014/15,Violence against the person,607,1308,230,516
Dyfed-Powys,dyfed-powys,2015/16,Criminal damage and arson,391,354,349,300
Dyfed-Powys,dyfed-powys,2015/16,Drug offences,1382,851,1321,703
Dyfed-Powys,dyfed-powys,2015/16,Fraud offences to 2012/13,0,0,0,0
Dyfed-Powys,dyfed-powys,2015/16,Miscellaneous crimes against society,40,97,31,67
Dyfed-Powys,dyfed-powys,2015/16,Possession of weapons offences,35,81,33,76
Dyfed-Powys,dyfed-powys,2015/16,Public order offences,213,287,200,264
Dyfed-Powys,dyfed-powys,2015/16,Robbery,0,15,0,16
Dyfed-Powys,dyfed-powys,2015/16,Sexual offences,30,131,24,64
Dyfed-Powys,dyfed-powys,2015/16,Theft offences,709,933,649,749
Dyfed-Powys,dyfed-powys,2015/16,Violence against the person,669,1323,660,1228
Dyfed-Powys,dyfed-powys,2016/17,Criminal damage and arson,320,309,310,304
Dyfed-Powys,dyfed-powys,2016/17,Drug offences,1202,664,1195,616
Dyfed-Powys,dyfed-powys,2016/17,Fraud offences to 2012/13,0,0,0,0
Dyfed-Powys,dyfed-powys,2016/17,Miscellaneous crimes against society,42,88,36,84
Dyfed-Powys,dyfed-powys,2016/17,Possession of weapons offences,27,93,29,81
Dyfed-Powys,dyfed-powys,2016/17,Public order offences,143,221,146,217
Dyfed-Powys,dyfed-powys,2016/17,Robbery,0,28,0,26
Dyfed-Powys,dyfed-powys,2016/17,Sexual offences,34,142,27,102
Dyfed-Powys,dyfed-powys,2016/17,Theft offences,688,824,701,779
Dyfed-Powys,dyfed-powys,2016/17,Violence against the person,675,1253,677,1222
Dyfed-Powys,dyfed-powys,2017/18,Criminal damage and arson,276,322,282,321
Dyfed-Powys,dyfed-powys,2017/18,Drug offences,1062,501,1064,548
Dyfed-Powys,dyfed-powys,2017/18,Fraud offences to 2012/13,0,0,0,0
Dyfed-Powys,dyfed-powys,2017/18,Miscellaneous crimes against society,22,109,19,110
Dyfed-Powys,dyfed-powys,2017/18,Possession of weapons offences,27,77,23,75
Dyfed-Powys,dyfed-powys,2017/18,Public order offences,141,252,139,253
Dyfed-Powys,dyfed-powys,2017/18,Robbery,1,14,1,18
Dyfed-Powys,dyfed-powys,2017/18,Sexual offences,23,98,20,95
Dyfed-Powys,dyfed-powys,2017/18,Theft offences,782,847,766,851
Dyfed-Powys,dyfed-powys,2017/18,Violence against the person,656,1292,639,1308
Dyfed-Powys,dyfed-powys,2018/19,Criminal damage and arson,288,312,287,294
Dyfed-Powys,dyfed-powys,2018/19,Drug offences,1045,587,1070,621
Dyfed-Powys,dyfed-powys,2018/19,Fraud offences to 2012/13,0,0,0,0
Dyfed-Powys,dyfed-powys,2018/19,Miscellaneous crimes against society,13,104,20,99
Dyfed-Powys,dyfed-powys,2018/19,Possession of weapons offences,27,95,32,97
Dyfed-Powys,dyfed-powys,2018/19,Public order offences,163,268,163,268
Dyfed-Powys,dyfed-powys,2018/19,Robbery,1,28,1,28
Dyfed-Powys,dyfed-powys,2018/19,Sexual offences,26,125,26,122
Dyfed-Powys,dyfed-powys,2018/19,Theft offences,679,922,684,932
Dyfed-Powys,dyfed-powys,2018/19,Violence against the person,598,1527,617,1522
Dyfed-Powys,dyfed-powys,2019/20,Criminal damage and arson,258,233,243,245
Dyfed-Powys,dyfed-powys,2019/20,Drug offences,974,701,945,576
Dyfed-Powys,dyfed-powys,2019/20,Fraud offences to 2012/13,0,0,0,0
Dyfed-Powys,dyfed-powys,2019/20,Miscellaneous crimes against society,24,119,16,112
Dyfed-Powys,dyfed-powys,2019/20,Possession of weapons offences,50,82,48,85
Dyfed-Powys,dyfed-powys,2019/20,Public order offences,106,270,101,273
Dyfed-Powys,dyfed-powys,2019/20,Robbery,0,10,0,6
Dyfed-Powys,dyfed-powys,2019/20,Sexual offences,23,91,22,71
Dyfed-Powys,dyfed-powys,2019/20,Theft offences,488,753,447,664
Dyfed-Powys,dyfed-powys,2019/20,Violence against the person,554,1231,528,1200
Dyfed-Powys,dyfed-powys,2020/21,Criminal damage and arson,177,254,170,249
Dyfed-Powys,dyfed-powys,2020/21,Drug offences,789,501,801,547
Dyfed-Powys,dyfed-powys,2020/21,Fraud offences to 2012/13,0,0,0,0
Dyfed-Powys,dyfed-powys,2020/21,Miscellaneous crimes against society,15,81,15,82
Dyfed-Powys,dyfed-powys,2020/21,Possession of weapons offences,34,85,33,78
Dyfed-Powys,dyfed-powys,2020/21,Public order offences,105,278,105,287
Dyfed-Powys,dyfed-powys,2020/21,Robbery,0,12,0,11
Dyfed-Powys,dyfed-powys,2020/21,Sexual offences,15,85,13,70
Dyfed-Powys,dyfed-powys,2020/21,Theft offences,263,424,266,408
Dyfed-Powys,dyfed-powys,2020/21,Violence against the person,472,1209,458,1203
Dyfed-Powys,dyfed-powys,2021/22,Criminal damage and arson,178,262,204,277
Dyfed-Powys,dyfed-powys,2021/22,Drug offences,537,389,531,335
Dyfed-Powys,dyfed-powys,2021/22,Fraud offences to 2012/13,0,0,0,0
Dyfed-Powys,dyfed-powys,2021/22,Miscellaneous crimes against society,22,82,28,82
Dyfed-Powys,dyfed-powys,2021/22,Possession of weapons offences,26,53,29,62
Dyfed-Powys,dyfed-powys,2021/22,Public order offences,105,304,111,312
Dyfed-Powys,dyfed-powys,2021/22,Robbery,0,7,0,8
Dyfed-Powys,dyfed-powys,2021/22,Sexual offences,17,59,21,109
Dyfed-Powys,dyfed-powys,2021/22,Theft offences,252,379,249,412
Dyfed-Powys,dyfed-powys,2021/22,Violence against the person,484,1091,563,1181
Dyfed-Powys,dyfed-powys,2022/23,Criminal damage and arson,291,305,281,290
Dyfed-Powys,dyfed-powys,2022/23,Drug offences,1149,502,1159,501
Dyfed-Powys,dyfed-powys,2022/23,Fraud offences to 2012/13,0,0,0,0
Dyfed-Powys,dyfed-powys,2022/23,Miscellaneous crimes against society,40,95,39,113
Dyfed-Powys,dyfed-powys,2022/23,Possession of weapons offences,52,98,47,92
Dyfed-Powys,dyfed-powys,2022/23,Public order offences,183,399,195,392
Dyfed-Powys,dyfed-powys,2022/23,Robbery,2,15,2,15
Dyfed-Powys,dyfed-powys,2022/23,Sexual offences,30,92,29,112
Dyfed-Powys,dyfed-powys,2022/23,Theft offences,351,611,360,567
Dyfed-Powys,dyfed-powys,2022/23,Violence against the person,910,1420,899,1319
Dyfed-Powys,dyfed-powys,2023/24,Criminal damage and arson,257,228,286,246
Dyfed-Powys,dyfed-powys,2023/24,Drug offences,940,239,970,242
Dyfed-Powys,dyfed-powys,2023/24,Fraud offences to 2012/13,0,0,0,0
Dyfed-Powys,dyfed-powys,2023/24,Miscellaneous crimes against society,31,65,30,109
Dyfed-Powys,dyfed-powys,2023/24,Possession of weapons offences,70,56,85,63
Dyfed-Powys,dyfed-powys,2023/24,Public order offences,161,211,166,196
Dyfed-Powys,dyfed-powys,2023/24,Robbery,3,5,3,9
Dyfed-Powys,dyfed-powys,2023/24,Sexual offences,28,51,34,108
Dyfed-Powys,dyfed-powys,2023/24,Theft offences,323,370,358,495
Dyfed-Powys,dyfed-powys,2023/24,Violence against the person,812,998,846,1196
Dyfed-Powys,dyfed-powys,2024/25,Criminal damage and arson,241,285,215,271
Dyfed-Powys,dyfed-powys,2024/25,Drug offences,1286,194,1233,167
Dyfed-Powys,dyfed-powys,2024/25,Fraud offences to 2012/13,0,0,0,0
Dyfed-Powys,dyfed-powys,2024/25,Miscellaneous crimes against society,118,141,113,96
Dyfed-Powys,dyfed-powys,2024/25,Possession of weapons offences,82,99,76,110
Dyfed-Powys,dyfed-powys,2024/25,Public order offences,185,212,174,209
Dyfed-Powys,dyfed-powys,2024/25,Robbery,3,16,5,13
Dyfed-Powys,dyfed-powys,2024/25,Sexual offences,38,140,34,94
Dyfed-Powys,dyfed-powys,2024/25,Theft offences,348,544,348,480
Dyfed-Powys,dyfed-powys,2024/25,Violence against the person,894,1597,862,1447
Dyfed-Powys,dyfed-powys,2025/26,Criminal damage and arson,165,289,149,257
Dyfed-Powys,dyfed-powys,2025/26,Drug offences,1085,255,1032,179
Dyfed-Powys,dyfed-powys,2025/26,Fraud offences to 2012/13,0,0,0,0
Dyfed-Powys,dyfed-powys,2025/26,Miscellaneous crimes against society,39,159,34,98
Dyfed-Powys,dyfed-powys,2025/26,Possession of weapons offences,62,139,54,114
Dyfed-Powys,dyfed-powys,2025/26,Public order offences,103,207,81,171
Dyfed-Powys,dyfed-powys,2025/26,Robbery,4,21,2,17
Dyfed-Powys,dyfed-powys,2025/26,Sexual offences,21,209,13,96
Dyfed-Powys,dyfed-powys,2025/26,Theft offences,295,666,242,580
Dyfed-Powys,dyfed-powys,2025/26,Violence against the person,612,1375,493,1125
Essex,essex,2014/15,Criminal damage and arson,914,1259,922,1255
Essex,essex,2014/15,Drug offences,2059,1492,2097,1575
Essex,essex,2014/15,Fraud offences to 2012/13,5,11,0,0
Essex,essex,2014/15,Miscellaneous crimes against society,93,565,105,633
Essex,essex,2014/15,Possession of weapons offences,371,382,378,386
Essex,essex,2014/15,Public order offences,682,1224,681,1226
Essex,essex,2014/15,Robbery,3,201,3,207
Essex,essex,2014/15,Sexual offences,23,398,25,421
Essex,essex,2014/15,Theft offences,3012,5292,2994,5100
Essex,essex,2014/15,Violence against the person,2688,5580,2717,5557
Essex,essex,2015/16,Criminal damage and arson,1002,1034,922,952
Essex,essex,2015/16,Drug offences,1375,1112,1320,1023
Essex,essex,2015/16,Fraud offences to 2012/13,0,0,0,0
Essex,essex,2015/16,Miscellaneous crimes against society,109,476,97,387
Essex,essex,2015/16,Possession of weapons offences,370,395,359,385
Essex,essex,2015/16,Public order offences,805,946,759,873
Essex,essex,2015/16,Robbery,7,188,6,157
Essex,essex,2015/16,Sexual offences,23,407,18,194
Essex,essex,2015/16,Theft offences,2845,4488,2716,4005
Essex,essex,2015/16,Violence against the person,3023,4700,2820,4366
Essex,essex,2016/17,Criminal damage and arson,909,1095,763,838
Essex,essex,2016/17,Drug offences,1669,1344,1259,1055
Essex,essex,2016/17,Fraud offences to 2012/13,0,0,0,0
Essex,essex,2016/17,Miscellaneous crimes against society,105,613,81,412
Essex,essex,2016/17,Possession of weapons offences,496,519,344,390
Essex,essex,2016/17,Public order offences,936,981,783,774
Essex,essex,2016/17,Robbery,6,156,5,102
Essex,essex,2016/17,Sexual offences,23,336,19,170
Essex,essex,2016/17,Theft offences,2379,4276,1908,3332
Essex,essex,2016/17,Violence against the person,2898,4595,2201,2509
Essex,essex,2017/18,Criminal damage and arson,805,892,820,896
Essex,essex,2017/18,Drug offences,1676,1127,1743,1265
Essex,essex,2017/18,Fraud offences to 2012/13,0,0,0,0
Essex,essex,2017/18,Miscellaneous crimes against society,107,474,113,523
Essex,essex,2017/18,Possession of weapons offences,931,496,931,541
Essex,essex,2017/18,Public order offences,822,1006,868,1070
Essex,essex,2017/18,Robbery,16,201,13,231
Essex,essex,2017/18,Sexual offences,27,254,24,321
Essex,essex,2017/18,Theft offences,1926,3546,1960,3690
Essex,essex,2017/18,Violence against the person,2695,4233,2765,4409
Essex,essex,2018/19,Criminal damage and arson,755,1024,771,1064
Essex,essex,2018/19,Drug offences,2338,1306,2351,1427
Essex,essex,2018/19,Fraud offences to 2012/13,0,0,0,0
Essex,essex,2018/19,Miscellaneous crimes against society,117,488,105,543
Essex,essex,2018/19,Possession of weapons offences,807,604,800,626
Essex,essex,2018/19,Public order offences,946,1212,977,1267
Essex,essex,2018/19,Robbery,10,209,9,220
Essex,essex,2018/19,Sexual offences,14,219,18,296
Essex,essex,2018/19,Theft offences,1864,3816,1861,3821
Essex,essex,2018/19,Violence against the person,2959,4872,3023,5042
Essex,essex,2019/20,Criminal damage and arson,673,956,666,960
Essex,essex,2019/20,Drug offences,3772,1689,3823,1773
Essex,essex,2019/20,Fraud offences to 2012/13,0,0,0,0
Essex,essex,2019/20,Miscellaneous crimes against society,135,649,140,636
Essex,essex,2019/20,Possession of weapons offences,253,574,247,574
Essex,essex,2019/20,Public order offences,1035,1246,1031,1295
Essex,essex,2019/20,Robbery,9,169,9,142
Essex,essex,2019/20,Sexual offences,60,378,58,405
Essex,essex,2019/20,Theft offences,1482,3618,1446,3500
Essex,essex,2019/20,Violence against the person,2908,4579,2964,4763
Essex,essex,2020/21,Criminal damage and arson,757,979,743,984
Essex,essex,2020/21,Drug offences,4694,1908,4732,1930
Essex,essex,2020/21,Fraud offences to 2012/13,0,0,0,0
Essex,essex,2020/21,Miscellaneous crimes against society,171,635,177,637
Essex,essex,2020/21,Possession of weapons offences,212,567,215,572
Essex,essex,2020/21,Public order offences,1457,1495,1466,1499
Essex,essex,2020/21,Robbery,14,164,15,137
Essex,essex,2020/21,Sexual offences,40,431,44,410
Essex,essex,2020/21,Theft offences,836,2391,816,2165
Essex,essex,2020/21,Violence against the person,4077,5186,4090,5158
Essex,essex,2021/22,Criminal damage and arson,839,793,827,834
Essex,essex,2021/22,Drug offences,3463,1581,3420,1558
Essex,essex,2021/22,Fraud offences to 2012/13,0,0,0,0
Essex,essex,2021/22,Miscellaneous crimes against society,321,542,338,558
Essex,essex,2021/22,Possession of weapons offences,329,479,344,473
Essex,essex,2021/22,Public order offences,1527,1414,1529,1443
Essex,essex,2021/22,Robbery,19,121,21,143
Essex,essex,2021/22,Sexual offences,127,484,135,557
Essex,essex,2021/22,Theft offences,1126,2056,1184,2169
Essex,essex,2021/22,Violence against the person,4561,4555,4706,4637
Essex,essex,2022/23,Criminal damage and arson,763,871,783,826
Essex,essex,2022/23,Drug offences,3078,1598,3044,1536
Essex,essex,2022/23,Fraud offences to 2012/13,0,0,0,0
Essex,essex,2022/23,Miscellaneous crimes against society,421,582,437,585
Essex,essex,2022/23,Possession of weapons offences,418,622,429,612
Essex,essex,2022/23,Public order offences,1378,1702,1363,1629
Essex,essex,2022/23,Robbery,16,110,17,129
Essex,essex,2022/23,Sexual offences,182,569,183,552
Essex,essex,2022/23,Theft offences,1305,2605,1299,2632
Essex,essex,2022/23,Violence against the person,4858,4771,4901,4699
Essex,essex,2023/24,Criminal damage and arson,666,885,643,861
Essex,essex,2023/24,Drug offences,2874,1485,2894,1492
Essex,essex,2023/24,Fraud offences to 2012/13,0,0,0,0
Essex,essex,2023/24,Miscellaneous crimes against society,395,691,382,629
Essex,essex,2023/24,Possession of weapons offences,455,642,440,642
Essex,essex,2023/24,Public order offences,912,1351,906,1372
Essex,essex,2023/24,Robbery,22,182,19,193
Essex,essex,2023/24,Sexual offences,125,504,139,493
Essex,essex,2023/24,Theft offences,1269,3307,1282,3451
Essex,essex,2023/24,Violence against the person,4069,4794,3951,4943
Essex,essex,2024/25,Criminal damage and arson,612,820,620,857
Essex,essex,2024/25,Drug offences,2770,1498,2750,1483
Essex,essex,2024/25,Fraud offences to 2012/13,0,0,0,0
Essex,essex,2024/25,Miscellaneous crimes against society,424,662,437,645
Essex,essex,2024/25,Possession of weapons offences,271,622,265,627
Essex,essex,2024/25,Public order offences,762,1279,750,1242
Essex,essex,2024/25,Robbery,9,184,14,153
Essex,essex,2024/25,Sexual offences,167,563,163,513
Essex,essex,2024/25,Theft offences,1343,4015,1384,4135
Essex,essex,2024/25,Violence against the person,3223,4793,3208,4686
Essex,essex,2025/26,Criminal damage and arson,571,930,534,841
Essex,essex,2025/26,Drug offences,3130,1919,3091,1609
Essex,essex,2025/26,Fraud offences to 2012/13,0,0,0,0
Essex,essex,2025/26,Miscellaneous crimes against society,448,749,409,584
Essex,essex,2025/26,Possession of weapons offences,258,778,249,716
Essex,essex,2025/26,Public order offences,730,1504,687,1390
Essex,essex,2025/26,Robbery,21,187,15,152
Essex,essex,2025/26,Sexual offences,214,700,195,446
Essex,essex,2025/26,Theft offences,1463,5093,1355,4642
Essex,essex,2025/26,Violence against the person,3486,5015,3224,4333
Gloucestershire,gloucestershire,2014/15,Criminal damage and arson,284,325,276,329
Gloucestershire,gloucestershire,2014/15,Drug offences,490,408,468,401
Gloucestershire,gloucestershire,2014/15,Fraud offences to 2012/13,0,3,0,0
Gloucestershire,gloucestershire,2014/15,Miscellaneous crimes against society,23,162,22,152
Gloucestershire,gloucestershire,2014/15,Possession of weapons offences,13,81,15,79
Gloucestershire,gloucestershire,2014/15,Public order offences,86,221,85,230
Gloucestershire,gloucestershire,2014/15,Robbery,1,67,1,68
Gloucestershire,gloucestershire,2014/15,Sexual offences,16,97,13,106
Gloucestershire,gloucestershire,2014/15,Theft offences,698,1595,692,1680
Gloucestershire,gloucestershire,2014/15,Violence against the person,521,1243,504,1241
Gloucestershire,gloucestershire,2015/16,Criminal damage and arson,224,328,216,315
Gloucestershire,gloucestershire,2015/16,Drug offences,348,379,399,363
Gloucestershire,gloucestershire,2015/16,Fraud offences to 2012/13,0,0,0,0
Gloucestershire,gloucestershire,2015/16,Miscellaneous crimes against society,22,152,23,145
Gloucestershire,gloucestershire,2015/16,Possession of weapons offences,13,98,13,103
Gloucestershire,gloucestershire,2015/16,Public order offences,81,248,82,252
Gloucestershire,gloucestershire,2015/16,Robbery,1,38,1,33
Gloucestershire,gloucestershire,2015/16,Sexual offences,14,109,13,117
Gloucestershire,gloucestershire,2015/16,Theft offences,558,1561,549,1515
Gloucestershire,gloucestershire,2015/16,Violence against the person,430,1318,462,1356
Gloucestershire,gloucestershire,2016/17,Criminal damage and arson,195,302,214,313
Gloucestershire,gloucestershire,2016/17,Drug offences,393,405,379,450
Gloucestershire,gloucestershire,2016/17,Fraud offences to 2012/13,0,0,0,0
Gloucestershire,gloucestershire,2016/17,Miscellaneous crimes against society,16,128,17,135
Gloucestershire,gloucestershire,2016/17,Possession of weapons offences,12,110,13,117
Gloucestershire,gloucestershire,2016/17,Public order offences,63,268,73,263
Gloucestershire,gloucestershire,2016/17,Robbery,1,59,2,60
Gloucestershire,gloucestershire,2016/17,Sexual offences,7,126,9,120
Gloucestershire,gloucestershire,2016/17,Theft offences,417,1498,420,1511
Gloucestershire,gloucestershire,2016/17,Violence against the person,374,1229,365,1262
Gloucestershire,gloucestershire,2017/18,Criminal damage and arson,215,277,208,295
Gloucestershire,gloucestershire,2017/18,Drug offences,465,380,473,405
Gloucestershire,gloucestershire,2017/18,Fraud offences to 2012/13,0,0,0,0
Gloucestershire,gloucestershire,2017/18,Miscellaneous crimes against society,14,137,13,147
Gloucestershire,gloucestershire,2017/18,Possession of weapons offences,21,118,24,115
Gloucestershire,gloucestershire,2017/18,Public order offences,81,283,81,295
Gloucestershire,gloucestershire,2017/18,Robbery,3,41,3,51
Gloucestershire,gloucestershire,2017/18,Sexual offences,12,132,22,130
Gloucestershire,gloucestershire,2017/18,Theft offences,370,1307,359,1359
Gloucestershire,gloucestershire,2017/18,Violence against the person,403,1373,424,1398
Gloucestershire,gloucestershire,2018/19,Criminal damage and arson,191,301,192,287
Gloucestershire,gloucestershire,2018/19,Drug offences,413,341,436,397
Gloucestershire,gloucestershire,2018/19,Fraud offences to 2012/13,0,0,0,0
Gloucestershire,gloucestershire,2018/19,Miscellaneous crimes against society,16,105,13,124
Gloucestershire,gloucestershire,2018/19,Possession of weapons offences,32,128,32,140
Gloucestershire,gloucestershire,2018/19,Public order offences,92,352,89,354
Gloucestershire,gloucestershire,2018/19,Robbery,3,51,4,58
Gloucestershire,gloucestershire,2018/19,Sexual offences,24,76,18,125
Gloucestershire,gloucestershire,2018/19,Theft offences,304,1087,301,1024
Gloucestershire,gloucestershire,2018/19,Violence against the person,384,1352,374,1392
Gloucestershire,gloucestershire,2019/20,Criminal damage and arson,199,255,192,260
Gloucestershire,gloucestershire,2019/20,Drug offences,560,436,531,427
Gloucestershire,gloucestershire,2019/20,Fraud offences to 2012/13,0,0,0,0
Gloucestershire,gloucestershire,2019/20,Miscellaneous crimes against society,13,122,18,129
Gloucestershire,gloucestershire,2019/20,Possession of weapons offences,26,124,25,132
Gloucestershire,gloucestershire,2019/20,Public order offences,104,301,105,316
Gloucestershire,gloucestershire,2019/20,Robbery,1,70,4,61
Gloucestershire,gloucestershire,2019/20,Sexual offences,10,121,15,136
Gloucestershire,gloucestershire,2019/20,Theft offences,250,989,238,1028
Gloucestershire,gloucestershire,2019/20,Violence against the person,357,1264,345,1337
Gloucestershire,gloucestershire,2020/21,Criminal damage and arson,137,188,139,197
Gloucestershire,gloucestershire,2020/21,Drug offences,600,420,658,461
Gloucestershire,gloucestershire,2020/21,Fraud offences to 2012/13,0,0,0,0
Gloucestershire,gloucestershire,2020/21,Miscellaneous crimes against society,14,117,18,123
Gloucestershire,gloucestershire,2020/21,Possession of weapons offences,20,84,20,88
Gloucestershire,gloucestershire,2020/21,Public order offences,71,296,73,299
Gloucestershire,gloucestershire,2020/21,Robbery,8,34,3,44
Gloucestershire,gloucestershire,2020/21,Sexual offences,10,92,5,119
Gloucestershire,gloucestershire,2020/21,Theft offences,150,812,142,762
Gloucestershire,gloucestershire,2020/21,Violence against the person,268,1221,275,1260
Gloucestershire,gloucestershire,2021/22,Criminal damage and arson,153,223,184,240
Gloucestershire,gloucestershire,2021/22,Drug offences,395,336,367,354
Gloucestershire,gloucestershire,2021/22,Fraud offences to 2012/13,0,0,0,0
Gloucestershire,gloucestershire,2021/22,Miscellaneous crimes against society,20,94,18,118
Gloucestershire,gloucestershire,2021/22,Possession of weapons offences,20,118,29,114
Gloucestershire,gloucestershire,2021/22,Public order offences,74,260,84,295
Gloucestershire,gloucestershire,2021/22,Robbery,0,38,0,33
Gloucestershire,gloucestershire,2021/22,Sexual offences,15,111,16,152
Gloucestershire,gloucestershire,2021/22,Theft offences,97,629,130,670
Gloucestershire,gloucestershire,2021/22,Violence against the person,363,1142,449,1326
Gloucestershire,gloucestershire,2022/23,Criminal damage and arson,239,180,232,182
Gloucestershire,gloucestershire,2022/23,Drug offences,403,377,389,340
Gloucestershire,gloucestershire,2022/23,Fraud offences to 2012/13,0,0,0,0
Gloucestershire,gloucestershire,2022/23,Miscellaneous crimes against society,50,133,54,162
Gloucestershire,gloucestershire,2022/23,Possession of weapons offences,31,95,35,101
Gloucestershire,gloucestershire,2022/23,Public order offences,202,308,230,305
Gloucestershire,gloucestershire,2022/23,Robbery,3,37,5,37
Gloucestershire,gloucestershire,2022/23,Sexual offences,25,149,33,178
Gloucestershire,gloucestershire,2022/23,Theft offences,252,684,268,738
Gloucestershire,gloucestershire,2022/23,Violence against the person,779,1328,870,1336
Gloucestershire,gloucestershire,2023/24,Criminal damage and arson,257,212,236,194
Gloucestershire,gloucestershire,2023/24,Drug offences,471,318,454,301
Gloucestershire,gloucestershire,2023/24,Fraud offences to 2012/13,0,0,0,0
Gloucestershire,gloucestershire,2023/24,Miscellaneous crimes against society,46,168,45,139
Gloucestershire,gloucestershire,2023/24,Possession of weapons offences,41,119,36,116
Gloucestershire,gloucestershire,2023/24,Public order offences,328,348,305,348
Gloucestershire,gloucestershire,2023/24,Robbery,10,41,12,42
Gloucestershire,gloucestershire,2023/24,Sexual offences,22,171,11,156
Gloucestershire,gloucestershire,2023/24,Theft offences,461,844,546,811
Gloucestershire,gloucestershire,2023/24,Violence against the person,1191,1378,1100,1332
Gloucestershire,gloucestershire,2024/25,Criminal damage and arson,209,153,205,140
Gloucestershire,gloucestershire,2024/25,Drug offences,615,309,611,244
Gloucestershire,gloucestershire,2024/25,Fraud offences to 2012/13,0,0,0,0
Gloucestershire,gloucestershire,2024/25,Miscellaneous crimes against society,54,161,70,128
Gloucestershire,gloucestershire,2024/25,Possession of weapons offences,33,106,37,104
Gloucestershire,gloucestershire,2024/25,Public order offences,274,439,282,431
Gloucestershire,gloucestershire,2024/25,Robbery,11,34,9,38
Gloucestershire,gloucestershire,2024/25,Sexual offences,29,240,33,119
Gloucestershire,gloucestershire,2024/25,Theft offences,491,787,383,788
Gloucestershire,gloucestershire,2024/25,Violence against the person,1136,1212,1132,1103
Gloucestershire,gloucestershire,2025/26,Criminal damage and arson,171,111,149,88
Gloucestershire,gloucestershire,2025/26,Drug offences,542,270,518,184
Gloucestershire,gloucestershire,2025/26,Fraud offences to 2012/13,0,0,0,0
Gloucestershire,gloucestershire,2025/26,Miscellaneous crimes against society,120,142,106,92
Gloucestershire,gloucestershire,2025/26,Possession of weapons offences,47,105,34,84
Gloucestershire,gloucestershire,2025/26,Public order offences,213,328,200,278
Gloucestershire,gloucestershire,2025/26,Robbery,15,59,14,43
Gloucestershire,gloucestershire,2025/26,Sexual offences,34,170,34,59
Gloucestershire,gloucestershire,2025/26,Theft offences,422,926,400,802
Gloucestershire,gloucestershire,2025/26,Violence against the person,883,1015,816,764
Greater Manchester,greater-manchester,2014/15,Criminal damage and arson,2242,2573,2177,2515
Greater Manchester,greater-manchester,2014/15,Drug offences,3039,3342,2934,2774
Greater Manchester,greater-manchester,2014/15,Fraud offences to 2012/13,3,15,0,0
Greater Manchester,greater-manchester,2014/15,Miscellaneous crimes against society,201,1275,198,1277
Greater Manchester,greater-manchester,2014/15,Possession of weapons offences,194,662,199,596
Greater Manchester,greater-manchester,2014/15,Public order offences,1362,2768,1372,2709
Greater Manchester,greater-manchester,2014/15,Robbery,16,659,18,580
Greater Manchester,greater-manchester,2014/15,Sexual offences,139,1045,127,1052
Greater Manchester,greater-manchester,2014/15,Theft offences,4878,9726,4717,9296
Greater Manchester,greater-manchester,2014/15,Violence against the person,5824,12142,5847,11691
Greater Manchester,greater-manchester,2015/16,Criminal damage and arson,2069,2127,2089,2118
Greater Manchester,greater-manchester,2015/16,Drug offences,2061,2121,2084,2074
Greater Manchester,greater-manchester,2015/16,Fraud offences to 2012/13,0,0,0,0
Greater Manchester,greater-manchester,2015/16,Miscellaneous crimes against society,241,1204,242,1280
Greater Manchester,greater-manchester,2015/16,Possession of weapons offences,169,612,164,608
Greater Manchester,greater-manchester,2015/16,Public order offences,1361,2381,1352,2388
Greater Manchester,greater-manchester,2015/16,Robbery,33,505,33,521
Greater Manchester,greater-manchester,2015/16,Sexual offences,124,1094,141,1096
Greater Manchester,greater-manchester,2015/16,Theft offences,3990,7158,3952,7059
Greater Manchester,greater-manchester,2015/16,Violence against the person,5568,10221,5631,10278
Greater Manchester,greater-manchester,2016/17,Criminal damage and arson,1932,1745,1870,1796
Greater Manchester,greater-manchester,2016/17,Drug offences,1633,1611,1608,1684
Greater Manchester,greater-manchester,2016/17,Fraud offences to 2012/13,0,0,0,0
Greater Manchester,greater-manchester,2016/17,Miscellaneous crimes against society,210,1100,211,1145
Greater Manchester,greater-manchester,2016/17,Possession of weapons offences,171,494,173,520
Greater Manchester,greater-manchester,2016/17,Public order offences,1484,2224,1510,2311
Greater Manchester,greater-manchester,2016/17,Robbery,37,537,35,562
Greater Manchester,greater-manchester,2016/17,Sexual offences,120,938,117,918
Greater Manchester,greater-manchester,2016/17,Theft offences,2856,5949,2844,6025
Greater Manchester,greater-manchester,2016/17,Violence against the person,4940,8515,4902,8714
Greater Manchester,greater-manchester,2017/18,Criminal damage and arson,1346,1650,1340,1594
Greater Manchester,greater-manchester,2017/18,Drug offences,1386,1447,1400,1547
Greater Manchester,greater-manchester,2017/18,Fraud offences to 2012/13,0,0,0,0
Greater Manchester,greater-manchester,2017/18,Miscellaneous crimes against society,170,1019,168,1037
Greater Manchester,greater-manchester,2017/18,Possession of weapons offences,163,568,183,608
Greater Manchester,greater-manchester,2017/18,Public order offences,1507,2537,1510,2604
Greater Manchester,greater-manchester,2017/18,Robbery,45,529,48,655
Greater Manchester,greater-manchester,2017/18,Sexual offences,113,852,94,838
Greater Manchester,greater-manchester,2017/18,Theft offences,1686,4461,1689,4353
Greater Manchester,greater-manchester,2017/18,Violence against the person,3784,8195,3685,8986
Greater Manchester,greater-manchester,2018/19,Criminal damage and arson,1018,1442,1009,1423
Greater Manchester,greater-manchester,2018/19,Drug offences,1581,1527,1575,1437
Greater Manchester,greater-manchester,2018/19,Fraud offences to 2012/13,0,0,0,0
Greater Manchester,greater-manchester,2018/19,Miscellaneous crimes against society,142,1091,147,1049
Greater Manchester,greater-manchester,2018/19,Possession of weapons offences,198,814,201,798
Greater Manchester,greater-manchester,2018/19,Public order offences,1207,2621,1207,2545
Greater Manchester,greater-manchester,2018/19,Robbery,42,694,36,560
Greater Manchester,greater-manchester,2018/19,Sexual offences,68,752,67,653
Greater Manchester,greater-manchester,2018/19,Theft offences,1252,4438,1223,4311
Greater Manchester,greater-manchester,2018/19,Violence against the person,2868,7722,2932,7678
Greater Manchester,greater-manchester,2019/20,Criminal damage and arson,229,310,162,258
Greater Manchester,greater-manchester,2019/20,Drug offences,516,413,490,370
Greater Manchester,greater-manchester,2019/20,Fraud offences to 2012/13,0,0,0,0
Greater Manchester,greater-manchester,2019/20,Miscellaneous crimes against society,36,231,31,213
Greater Manchester,greater-manchester,2019/20,Possession of weapons offences,61,192,42,172
Greater Manchester,greater-manchester,2019/20,Public order offences,282,589,214,454
Greater Manchester,greater-manchester,2019/20,Robbery,8,124,7,92
Greater Manchester,greater-manchester,2019/20,Sexual offences,15,147,14,132
Greater Manchester,greater-manchester,2019/20,Theft offences,263,1084,210,703
Greater Manchester,greater-manchester,2019/20,Violence against the person,697,1743,444,1295
Greater Manchester,greater-manchester,2020/21,Criminal damage and arson,750,1208,830,1211
Greater Manchester,greater-manchester,2020/21,Drug offences,2712,1534,2801,1663
Greater Manchester,greater-manchester,2020/21,Fraud offences to 2012/13,0,0,0,0
Greater Manchester,greater-manchester,2020/21,Miscellaneous crimes against society,154,1022,199,1119
Greater Manchester,greater-manchester,2020/21,Possession of weapons offences,252,791,248,824
Greater Manchester,greater-manchester,2020/21,Public order offences,833,2130,966,2293
Greater Manchester,greater-manchester,2020/21,Robbery,30,401,33,321
Greater Manchester,greater-manchester,2020/21,Sexual offences,67,640,72,854
Greater Manchester,greater-manchester,2020/21,Theft offences,569,2362,610,2371
Greater Manchester,greater-manchester,2020/21,Violence against the person,2068,6760,2504,6654
Greater Manchester,greater-manchester,2021/22,Criminal damage and arson,933,1269,996,1406
Greater Manchester,greater-manchester,2021/22,Drug offences,1982,1579,2029,1788
Greater Manchester,greater-manchester,2021/22,Fraud offences to 2012/13,0,0,0,0
Greater Manchester,greater-manchester,2021/22,Miscellaneous crimes against society,234,1095,236,1188
Greater Manchester,greater-manchester,2021/22,Possession of weapons offences,276,866,311,929
Greater Manchester,greater-manchester,2021/22,Public order offences,1266,2311,1325,2469
Greater Manchester,greater-manchester,2021/22,Robbery,36,355,37,381
Greater Manchester,greater-manchester,2021/22,Sexual offences,104,740,107,930
Greater Manchester,greater-manchester,2021/22,Theft offences,721,3388,747,3973
Greater Manchester,greater-manchester,2021/22,Violence against the person,3439,6981,3549,7644
Greater Manchester,greater-manchester,2022/23,Criminal damage and arson,759,1617,802,1589
Greater Manchester,greater-manchester,2022/23,Drug offences,2929,2712,3029,2767
Greater Manchester,greater-manchester,2022/23,Fraud offences to 2012/13,0,0,0,0
Greater Manchester,greater-manchester,2022/23,Miscellaneous crimes against society,222,1513,251,1431
Greater Manchester,greater-manchester,2022/23,Possession of weapons offences,282,1246,260,1187
Greater Manchester,greater-manchester,2022/23,Public order offences,774,2877,813,2776
Greater Manchester,greater-manchester,2022/23,Robbery,20,482,24,496
Greater Manchester,greater-manchester,2022/23,Sexual offences,112,939,129,970
Greater Manchester,greater-manchester,2022/23,Theft offences,663,5509,712,5340
Greater Manchester,greater-manchester,2022/23,Violence against the person,2812,9651,3225,9234
Greater Manchester,greater-manchester,2023/24,Criminal damage and arson,847,1485,808,1429
Greater Manchester,greater-manchester,2023/24,Drug offences,3881,3197,4063,3294
Greater Manchester,greater-manchester,2023/24,Fraud offences to 2012/13,0,0,0,0
Greater Manchester,greater-manchester,2023/24,Miscellaneous crimes against society,334,1466,342,1405
Greater Manchester,greater-manchester,2023/24,Possession of weapons offences,291,1243,302,1251
Greater Manchester,greater-manchester,2023/24,Public order offences,702,2872,643,2817
Greater Manchester,greater-manchester,2023/24,Robbery,29,479,18,448
Greater Manchester,greater-manchester,2023/24,Sexual offences,118,1252,126,927
Greater Manchester,greater-manchester,2023/24,Theft offences,803,6057,866,6134
Greater Manchester,greater-manchester,2023/24,Violence against the person,3700,9546,3571,9180
Greater Manchester,greater-manchester,2024/25,Criminal damage and arson,940,1397,864,1432
Greater Manchester,greater-manchester,2024/25,Drug offences,4744,3381,4711,3246
Greater Manchester,greater-manchester,2024/25,Fraud offences to 2012/13,0,0,0,0
Greater Manchester,greater-manchester,2024/25,Miscellaneous crimes against society,448,1451,477,1303
Greater Manchester,greater-manchester,2024/25,Possession of weapons offences,310,1285,303,1294
Greater Manchester,greater-manchester,2024/25,Public order offences,905,3194,792,3222
Greater Manchester,greater-manchester,2024/25,Robbery,32,528,39,513
Greater Manchester,greater-manchester,2024/25,Sexual offences,265,1090,288,832
Greater Manchester,greater-manchester,2024/25,Theft offences,1472,7893,1428,8213
Greater Manchester,greater-manchester,2024/25,Violence against the person,4925,9083,4931,8799
Greater Manchester,greater-manchester,2025/26,Criminal damage and arson,1243,1661,1120,1418
Greater Manchester,greater-manchester,2025/26,Drug offences,8054,4569,7722,3693
Greater Manchester,greater-manchester,2025/26,Fraud offences to 2012/13,0,0,0,0
Greater Manchester,greater-manchester,2025/26,Miscellaneous crimes against society,649,1581,512,1167
Greater Manchester,greater-manchester,2025/26,Possession of weapons offences,435,1645,393,1444
Greater Manchester,greater-manchester,2025/26,Public order offences,1155,4245,1035,3876
Greater Manchester,greater-manchester,2025/26,Robbery,52,665,44,575
Greater Manchester,greater-manchester,2025/26,Sexual offences,333,1249,272,582
Greater Manchester,greater-manchester,2025/26,Theft offences,1697,8709,1515,7759
Greater Manchester,greater-manchester,2025/26,Violence against the person,7458,9554,6808,8164
Gwent,gwent,2014/15,Criminal damage and arson,449,587,442,519
Gwent,gwent,2014/15,Drug offences,989,706,951,678
Gwent,gwent,2014/15,Fraud offences to 2012/13,0,2,0,0
Gwent,gwent,2014/15,Miscellaneous crimes against society,39,202,38,192
Gwent,gwent,2014/15,Possession of weapons offences,36,88,35,90
Gwent,gwent,2014/15,Public order offences,268,658,251,628
Gwent,gwent,2014/15,Robbery,3,55,5,54
Gwent,gwent,2014/15,Sexual offences,12,133,20,139
Gwent,gwent,2014/15,Theft offences,1047,2267,1002,2116
Gwent,gwent,2014/15,Violence against the person,778,1972,759,1902
Gwent,gwent,2015/16,Criminal damage and arson,401,532,381,544
Gwent,gwent,2015/16,Drug offences,1012,688,873,660
Gwent,gwent,2015/16,Fraud offences to 2012/13,0,0,0,0
Gwent,gwent,2015/16,Miscellaneous crimes against society,25,234,25,233
Gwent,gwent,2015/16,Possession of weapons offences,36,91,36,92
Gwent,gwent,2015/16,Public order offences,298,538,247,524
Gwent,gwent,2015/16,Robbery,3,51,0,53
Gwent,gwent,2015/16,Sexual offences,22,134,13,135
Gwent,gwent,2015/16,Theft offences,1083,1815,798,1879
Gwent,gwent,2015/16,Violence against the person,862,1732,850,1742
Gwent,gwent,2016/17,Criminal damage and arson,344,455,361,500
Gwent,gwent,2016/17,Drug offences,596,565,590,584
Gwent,gwent,2016/17,Fraud offences to 2012/13,0,0,0,0
Gwent,gwent,2016/17,Miscellaneous crimes against society,35,234,37,234
Gwent,gwent,2016/17,Possession of weapons offences,26,83,27,81
Gwent,gwent,2016/17,Public order offences,234,358,241,388
Gwent,gwent,2016/17,Robbery,0,41,0,47
Gwent,gwent,2016/17,Sexual offences,14,94,15,99
Gwent,gwent,2016/17,Theft offences,754,1875,765,1930
Gwent,gwent,2016/17,Violence against the person,685,1384,722,1452
Gwent,gwent,2017/18,Criminal damage and arson,310,482,290,443
Gwent,gwent,2017/18,Drug offences,570,512,594,555
Gwent,gwent,2017/18,Fraud offences to 2012/13,0,0,0,0
Gwent,gwent,2017/18,Miscellaneous crimes against society,30,175,28,201
Gwent,gwent,2017/18,Possession of weapons offences,34,80,38,81
Gwent,gwent,2017/18,Public order offences,200,380,206,391
Gwent,gwent,2017/18,Robbery,0,52,0,59
Gwent,gwent,2017/18,Sexual offences,7,135,8,171
Gwent,gwent,2017/18,Theft offences,585,1744,551,1714
Gwent,gwent,2017/18,Violence against the person,682,1406,681,1493
Gwent,gwent,2018/19,Criminal damage and arson,258,423,262,471
Gwent,gwent,2018/19,Drug offences,582,399,625,512
Gwent,gwent,2018/19,Fraud offences to 2012/13,0,0,0,0
Gwent,gwent,2018/19,Miscellaneous crimes against society,21,182,25,190
Gwent,gwent,2018/19,Possession of weapons offences,27,79,34,102
Gwent,gwent,2018/19,Public order offences,246,416,252,463
Gwent,gwent,2018/19,Robbery,1,50,1,58
Gwent,gwent,2018/19,Sexual offences,11,95,14,120
Gwent,gwent,2018/19,Theft offences,345,1252,357,1360
Gwent,gwent,2018/19,Violence against the person,676,1613,719,1812
Gwent,gwent,2019/20,Criminal damage and arson,202,430,222,413
Gwent,gwent,2019/20,Drug offences,681,539,668,513
Gwent,gwent,2019/20,Fraud offences to 2012/13,0,0,0,0
Gwent,gwent,2019/20,Miscellaneous crimes against society,23,164,24,178
Gwent,gwent,2019/20,Possession of weapons offences,46,97,43,88
Gwent,gwent,2019/20,Public order offences,272,459,281,455
Gwent,gwent,2019/20,Robbery,1,58,2,47
Gwent,gwent,2019/20,Sexual offences,13,109,16,92
Gwent,gwent,2019/20,Theft offences,250,1207,263,1108
Gwent,gwent,2019/20,Violence against the person,532,1623,518,1561
Gwent,gwent,2020/21,Criminal damage and arson,293,455,294,416
Gwent,gwent,2020/21,Drug offences,786,676,804,611
Gwent,gwent,2020/21,Fraud offences to 2012/13,0,0,0,0
Gwent,gwent,2020/21,Miscellaneous crimes against society,40,278,41,265
Gwent,gwent,2020/21,Possession of weapons offences,29,130,32,124
Gwent,gwent,2020/21,Public order offences,484,624,518,601
Gwent,gwent,2020/21,Robbery,1,36,2,37
Gwent,gwent,2020/21,Sexual offences,16,134,13,109
Gwent,gwent,2020/21,Theft offences,306,970,270,896
Gwent,gwent,2020/21,Violence against the person,762,1557,890,1460
Gwent,gwent,2021/22,Criminal damage and arson,268,338,281,374
Gwent,gwent,2021/22,Drug offences,440,461,420,454
Gwent,gwent,2021/22,Fraud offences to 2012/13,0,0,0,0
Gwent,gwent,2021/22,Miscellaneous crimes against society,24,205,27,203
Gwent,gwent,2021/22,Possession of weapons offences,43,88,47,92
Gwent,gwent,2021/22,Public order offences,389,571,401,579
Gwent,gwent,2021/22,Robbery,2,47,3,40
Gwent,gwent,2021/22,Sexual offences,11,107,15,160
Gwent,gwent,2021/22,Theft offences,165,860,189,801
Gwent,gwent,2021/22,Violence against the person,840,1297,842,1304
Gwent,gwent,2022/23,Criminal damage and arson,258,345,249,386
Gwent,gwent,2022/23,Drug offences,287,430,283,463
Gwent,gwent,2022/23,Fraud offences to 2012/13,0,0,0,0
Gwent,gwent,2022/23,Miscellaneous crimes against society,33,172,42,189
Gwent,gwent,2022/23,Possession of weapons offences,50,101,55,106
Gwent,gwent,2022/23,Public order offences,340,478,327,483
Gwent,gwent,2022/23,Robbery,4,39,2,42
Gwent,gwent,2022/23,Sexual offences,22,124,24,164
Gwent,gwent,2022/23,Theft offences,209,860,214,963
Gwent,gwent,2022/23,Violence against the person,825,1298,856,1409
Gwent,gwent,2023/24,Criminal damage and arson,276,349,331,306
Gwent,gwent,2023/24,Drug offences,425,496,399,449
Gwent,gwent,2023/24,Fraud offences to 2012/13,0,0,0,0
Gwent,gwent,2023/24,Miscellaneous crimes against society,43,224,36,212
Gwent,gwent,2023/24,Possession of weapons offences,81,124,78,130
Gwent,gwent,2023/24,Public order offences,430,400,409,381
Gwent,gwent,2023/24,Robbery,5,40,4,34
Gwent,gwent,2023/24,Sexual offences,26,169,17,139
Gwent,gwent,2023/24,Theft offences,273,1440,292,1447
Gwent,gwent,2023/24,Violence against the person,1337,1414,1340,1351
Gwent,gwent,2024/25,Criminal damage and arson,290,368,230,342
Gwent,gwent,2024/25,Drug offences,486,451,498,435
Gwent,gwent,2024/25,Fraud offences to 2012/13,0,0,0,0
Gwent,gwent,2024/25,Miscellaneous crimes against society,48,274,50,253
Gwent,gwent,2024/25,Possession of weapons offences,49,119,47,100
Gwent,gwent,2024/25,Public order offences,404,373,400,337
Gwent,gwent,2024/25,Robbery,0,45,1,49
Gwent,gwent,2024/25,Sexual offences,18,171,27,121
Gwent,gwent,2024/25,Theft offences,296,1547,288,1518
Gwent,gwent,2024/25,Violence against the person,1165,1474,1188,1348
Gwent,gwent,2025/26,Criminal damage and arson,212,289,156,241
Gwent,gwent,2025/26,Drug offences,530,516,486,412
Gwent,gwent,2025/26,Fraud offences to 2012/13,0,0,0,0
Gwent,gwent,2025/26,Miscellaneous crimes against society,57,285,45,254
Gwent,gwent,2025/26,Possession of weapons offences,64,115,59,108
Gwent,gwent,2025/26,Public order offences,327,338,288,312
Gwent,gwent,2025/26,Robbery,2,62,2,56
Gwent,gwent,2025/26,Sexual offences,24,208,12,101
Gwent,gwent,2025/26,Theft offences,248,1584,196,1470
Gwent,gwent,2025/26,Violence against the person,1202,1200,973,1001
Hampshire,hampshire,2014/15,Criminal damage and arson,1254,1384,1256,1484
Hampshire,hampshire,2014/15,Drug offences,3000,1543,3051,1595
Hampshire,hampshire,2014/15,Fraud offences to 2012/13,0,0,0,0
Hampshire,hampshire,2014/15,Miscellaneous crimes against society,86,600,86,570
Hampshire,hampshire,2014/15,Possession of weapons offences,96,314,98,330
Hampshire,hampshire,2014/15,Public order offences,731,1667,761,1742
Hampshire,hampshire,2014/15,Robbery,3,122,5,144
Hampshire,hampshire,2014/15,Sexual offences,37,387,45,307
Hampshire,hampshire,2014/15,Theft offences,2490,5779,2459,5698
Hampshire,hampshire,2014/15,Violence against the person,2901,5349,2938,5761
Hampshire,hampshire,2015/16,Criminal damage and arson,1016,1246,986,1142
Hampshire,hampshire,2015/16,Drug offences,2412,1396,2317,1282
Hampshire,hampshire,2015/16,Fraud offences to 2012/13,0,0,0,0
Hampshire,hampshire,2015/16,Miscellaneous crimes against society,83,623,83,648
Hampshire,hampshire,2015/16,Possession of weapons offences,104,382,122,373
Hampshire,hampshire,2015/16,Public order offences,651,1695,610,1591
Hampshire,hampshire,2015/16,Robbery,6,142,3,114
Hampshire,hampshire,2015/16,Sexual offences,43,507,34,426
Hampshire,hampshire,2015/16,Theft offences,1795,4806,1695,4592
Hampshire,hampshire,2015/16,Violence against the person,2186,4998,2059,4596
Hampshire,hampshire,2016/17,Criminal damage and arson,653,968,659,959
Hampshire,hampshire,2016/17,Drug offences,1720,1137,1702,1161
Hampshire,hampshire,2016/17,Fraud offences to 2012/13,0,0,0,0
Hampshire,hampshire,2016/17,Miscellaneous crimes against society,41,539,43,537
Hampshire,hampshire,2016/17,Possession of weapons offences,126,385,115,407
Hampshire,hampshire,2016/17,Public order offences,451,1600,446,1662
Hampshire,hampshire,2016/17,Robbery,1,104,4,137
Hampshire,hampshire,2016/17,Sexual offences,43,336,44,350
Hampshire,hampshire,2016/17,Theft offences,1123,4237,1148,4425
Hampshire,hampshire,2016/17,Violence against the person,1361,4038,1421,4300
Hampshire,hampshire,2017/18,Criminal damage and arson,1034,988,1049,1017
Hampshire,hampshire,2017/18,Drug offences,1725,1105,1752,1175
Hampshire,hampshire,2017/18,Fraud offences to 2012/13,0,0,0,0
Hampshire,hampshire,2017/18,Miscellaneous crimes against society,80,585,79,605
Hampshire,hampshire,2017/18,Possession of weapons offences,158,443,164,455
Hampshire,hampshire,2017/18,Public order offences,797,1604,839,1605
Hampshire,hampshire,2017/18,Robbery,11,177,9,191
Hampshire,hampshire,2017/18,Sexual offences,37,391,36,407
Hampshire,hampshire,2017/18,Theft offences,1550,4645,1573,4582
Hampshire,hampshire,2017/18,Violence against the person,2783,5396,2842,5569
Hampshire,hampshire,2018/19,Criminal damage and arson,1002,971,1018,1008
Hampshire,hampshire,2018/19,Drug offences,1804,1149,1856,1241
Hampshire,hampshire,2018/19,Fraud offences to 2012/13,0,0,0,0
Hampshire,hampshire,2018/19,Miscellaneous crimes against society,76,588,76,555
Hampshire,hampshire,2018/19,Possession of weapons offences,170,482,199,517
Hampshire,hampshire,2018/19,Public order offences,818,1457,826,1490
Hampshire,hampshire,2018/19,Robbery,8,180,8,196
Hampshire,hampshire,2018/19,Sexual offences,38,311,41,347
Hampshire,hampshire,2018/19,Theft offences,1201,4208,1145,4149
Hampshire,hampshire,2018/19,Violence against the person,2898,5306,2992,5400
Hampshire,hampshire,2019/20,Criminal damage and arson,965,923,927,866
Hampshire,hampshire,2019/20,Drug offences,2497,1066,2506,1012
Hampshire,hampshire,2019/20,Fraud offences to 2012/13,0,0,0,0
Hampshire,hampshire,2019/20,Miscellaneous crimes against society,72,503,73,520
Hampshire,hampshire,2019/20,Possession of weapons offences,213,470,194,445
Hampshire,hampshire,2019/20,Public order offences,782,1420,772,1358
Hampshire,hampshire,2019/20,Robbery,17,202,17,190
Hampshire,hampshire,2019/20,Sexual offences,37,275,42,306
Hampshire,hampshire,2019/20,Theft offences,965,3576,943,3400
Hampshire,hampshire,2019/20,Violence against the person,2980,5039,2963,4950
Hampshire,hampshire,2020/21,Criminal damage and arson,781,815,738,800
Hampshire,hampshire,2020/21,Drug offences,3387,1012,3510,1114
Hampshire,hampshire,2020/21,Fraud offences to 2012/13,0,0,0,0
Hampshire,hampshire,2020/21,Miscellaneous crimes against society,80,414,84,455
Hampshire,hampshire,2020/21,Possession of weapons offences,180,435,175,422
Hampshire,hampshire,2020/21,Public order offences,704,1366,712,1361
Hampshire,hampshire,2020/21,Robbery,9,160,12,123
Hampshire,hampshire,2020/21,Sexual offences,35,330,55,351
Hampshire,hampshire,2020/21,Theft offences,492,2077,456,1956
Hampshire,hampshire,2020/21,Violence against the person,2630,4496,2710,4387
Hampshire,hampshire,2021/22,Criminal damage and arson,918,669,962,728
Hampshire,hampshire,2021/22,Drug offences,3397,921,3335,839
Hampshire,hampshire,2021/22,Fraud offences to 2012/13,0,0,0,0
Hampshire,hampshire,2021/22,Miscellaneous crimes against society,95,339,107,401
Hampshire,hampshire,2021/22,Possession of weapons offences,217,343,249,363
Hampshire,hampshire,2021/22,Public order offences,1250,1084,1306,1191
Hampshire,hampshire,2021/22,Robbery,14,103,15,126
Hampshire,hampshire,2021/22,Sexual offences,89,346,84,453
Hampshire,hampshire,2021/22,Theft offences,592,1821,653,1943
Hampshire,hampshire,2021/22,Violence against the person,4360,3752,4615,4209
Hampshire,hampshire,2022/23,Criminal damage and arson,951,742,957,765
Hampshire,hampshire,2022/23,Drug offences,3377,898,3387,913
Hampshire,hampshire,2022/23,Fraud offences to 2012/13,0,0,0,0
Hampshire,hampshire,2022/23,Miscellaneous crimes against society,123,398,115,420
Hampshire,hampshire,2022/23,Possession of weapons offences,259,423,292,426
Hampshire,hampshire,2022/23,Public order offences,1236,1200,1230,1205
Hampshire,hampshire,2022/23,Robbery,14,132,17,126
Hampshire,hampshire,2022/23,Sexual offences,88,410,75,463
Hampshire,hampshire,2022/23,Theft offences,837,2294,870,2406
Hampshire,hampshire,2022/23,Violence against the person,4336,4040,4425,4033
Hampshire,hampshire,2023/24,Criminal damage and arson,892,665,935,666
Hampshire,hampshire,2023/24,Drug offences,3168,894,3300,946
Hampshire,hampshire,2023/24,Fraud offences to 2012/13,0,0,0,0
Hampshire,hampshire,2023/24,Miscellaneous crimes against society,134,453,140,375
Hampshire,hampshire,2023/24,Possession of weapons offences,307,459,293,497
Hampshire,hampshire,2023/24,Public order offences,1071,1054,1051,1026
Hampshire,hampshire,2023/24,Robbery,22,122,24,141
Hampshire,hampshire,2023/24,Sexual offences,57,605,66,571
Hampshire,hampshire,2023/24,Theft offences,1101,4022,1195,4489
Hampshire,hampshire,2023/24,Violence against the person,4515,4129,4603,4256
Hampshire,hampshire,2024/25,Criminal damage and arson,970,840,931,802
Hampshire,hampshire,2024/25,Drug offences,3437,1000,3293,870
Hampshire,hampshire,2024/25,Fraud offences to 2012/13,0,0,0,0
Hampshire,hampshire,2024/25,Miscellaneous crimes against society,169,539,170,520
Hampshire,hampshire,2024/25,Possession of weapons offences,287,492,267,431
Hampshire,hampshire,2024/25,Public order offences,853,1093,812,997
Hampshire,hampshire,2024/25,Robbery,14,150,13,115
Hampshire,hampshire,2024/25,Sexual offences,91,630,82,450
Hampshire,hampshire,2024/25,Theft offences,1339,5842,1304,5614
Hampshire,hampshire,2024/25,Violence against the person,4334,4435,4097,4058
Hampshire,hampshire,2025/26,Criminal damage and arson,966,697,874,581
Hampshire,hampshire,2025/26,Drug offences,3865,1131,3721,869
Hampshire,hampshire,2025/26,Fraud offences to 2012/13,0,0,0,0
Hampshire,hampshire,2025/26,Miscellaneous crimes against society,194,673,173,454
Hampshire,hampshire,2025/26,Possession of weapons offences,241,465,198,419
Hampshire,hampshire,2025/26,Public order offences,880,1235,818,1139
Hampshire,hampshire,2025/26,Robbery,48,288,42,271
Hampshire,hampshire,2025/26,Sexual offences,106,539,95,266
Hampshire,hampshire,2025/26,Theft offences,1285,5788,1148,5232
Hampshire,hampshire,2025/26,Violence against the person,4232,4009,3785,3225
Hertfordshire,hertfordshire,2014/15,Criminal damage and arson,540,802,477,678
Hertfordshire,hertfordshire,2014/15,Drug offences,2438,1411,2013,1184
Hertfordshire,hertfordshire,2014/15,Fraud offences to 2012/13,2,10,0,0
Hertfordshire,hertfordshire,2014/15,Miscellaneous crimes against society,97,424,106,410
Hertfordshire,hertfordshire,2014/15,Possession of weapons offences,65,198,59,177
Hertfordshire,hertfordshire,2014/15,Public order offences,365,830,399,773
Hertfordshire,hertfordshire,2014/15,Robbery,1,123,1,111
Hertfordshire,hertfordshire,2014/15,Sexual offences,21,259,22,258
Hertfordshire,hertfordshire,2014/15,Theft offences,2017,4233,1476,3051
Hertfordshire,hertfordshire,2014/15,Violence against the person,1307,3280,1188,2664
Hertfordshire,hertfordshire,2015/16,Criminal damage and arson,454,608,507,695
Hertfordshire,hertfordshire,2015/16,Drug offences,1923,907,2022,1067
Hertfordshire,hertfordshire,2015/16,Fraud offences to 2012/13,0,0,0,0
Hertfordshire,hertfordshire,2015/16,Miscellaneous crimes against society,55,320,66,424
Hertfordshire,hertfordshire,2015/16,Possession of weapons offences,61,199,66,225
Hertfordshire,hertfordshire,2015/16,Public order offences,376,786,407,847
Hertfordshire,hertfordshire,2015/16,Robbery,0,75,0,94
Hertfordshire,hertfordshire,2015/16,Sexual offences,13,137,14,210
Hertfordshire,hertfordshire,2015/16,Theft offences,1287,2962,1393,3426
Hertfordshire,hertfordshire,2015/16,Violence against the person,1286,2636,1421,2989
Hertfordshire,hertfordshire,2016/17,Criminal damage and arson,476,609,515,641
Hertfordshire,hertfordshire,2016/17,Drug offences,1746,1115,1763,1167
Hertfordshire,hertfordshire,2016/17,Fraud offences to 2012/13,0,0,0,0
Hertfordshire,hertfordshire,2016/17,Miscellaneous crimes against society,64,372,63,375
Hertfordshire,hertfordshire,2016/17,Possession of weapons offences,73,302,78,313
Hertfordshire,hertfordshire,2016/17,Public order offences,365,797,401,872
Hertfordshire,hertfordshire,2016/17,Robbery,0,88,2,112
Hertfordshire,hertfordshire,2016/17,Sexual offences,11,156,17,204
Hertfordshire,hertfordshire,2016/17,Theft offences,1352,3383,1483,3662
Hertfordshire,hertfordshire,2016/17,Violence against the person,1256,2681,1388,2845
Hertfordshire,hertfordshire,2017/18,Criminal damage and arson,380,497,367,562
Hertfordshire,hertfordshire,2017/18,Drug offences,1705,927,1799,1092
Hertfordshire,hertfordshire,2017/18,Fraud offences to 2012/13,0,0,0,0
Hertfordshire,hertfordshire,2017/18,Miscellaneous crimes against society,47,314,49,338
Hertfordshire,hertfordshire,2017/18,Possession of weapons offences,57,268,60,311
Hertfordshire,hertfordshire,2017/18,Public order offences,341,775,325,831
Hertfordshire,hertfordshire,2017/18,Robbery,4,117,6,123
Hertfordshire,hertfordshire,2017/18,Sexual offences,27,155,25,183
Hertfordshire,hertfordshire,2017/18,Theft offences,1106,3125,1094,3168
Hertfordshire,hertfordshire,2017/18,Violence against the person,1185,2471,1195,2636
Hertfordshire,hertfordshire,2018/19,Criminal damage and arson,311,574,263,440
Hertfordshire,hertfordshire,2018/19,Drug offences,1698,1031,1617,897
Hertfordshire,hertfordshire,2018/19,Fraud offences to 2012/13,0,0,0,0
Hertfordshire,hertfordshire,2018/19,Miscellaneous crimes against society,56,381,55,439
Hertfordshire,hertfordshire,2018/19,Possession of weapons offences,74,334,69,323
Hertfordshire,hertfordshire,2018/19,Public order offences,306,800,288,690
Hertfordshire,hertfordshire,2018/19,Robbery,5,131,1,121
Hertfordshire,hertfordshire,2018/19,Sexual offences,19,222,20,207
Hertfordshire,hertfordshire,2018/19,Theft offences,1087,3456,966,3091
Hertfordshire,hertfordshire,2018/19,Violence against the person,1199,2545,1033,2204
Hertfordshire,hertfordshire,2019/20,Criminal damage and arson,223,323,235,336
Hertfordshire,hertfordshire,2019/20,Drug offences,1282,869,1476,997
Hertfordshire,hertfordshire,2019/20,Fraud offences to 2012/13,0,0,0,0
Hertfordshire,hertfordshire,2019/20,Miscellaneous crimes against society,30,331,25,363
Hertfordshire,hertfordshire,2019/20,Possession of weapons offences,45,297,48,302
Hertfordshire,hertfordshire,2019/20,Public order offences,225,619,238,683
Hertfordshire,hertfordshire,2019/20,Robbery,5,106,7,143
Hertfordshire,hertfordshire,2019/20,Sexual offences,17,153,18,229
Hertfordshire,hertfordshire,2019/20,Theft offences,618,2631,645,2678
Hertfordshire,hertfordshire,2019/20,Violence against the person,702,1820,758,2004
Hertfordshire,hertfordshire,2020/21,Criminal damage and arson,214,340,209,375
Hertfordshire,hertfordshire,2020/21,Drug offences,1627,778,1594,892
Hertfordshire,hertfordshire,2020/21,Fraud offences to 2012/13,0,0,0,0
Hertfordshire,hertfordshire,2020/21,Miscellaneous crimes against society,30,266,43,258
Hertfordshire,hertfordshire,2020/21,Possession of weapons offences,40,237,40,255
Hertfordshire,hertfordshire,2020/21,Public order offences,210,658,225,722
Hertfordshire,hertfordshire,2020/21,Robbery,3,111,1,61
Hertfordshire,hertfordshire,2020/21,Sexual offences,12,167,10,205
Hertfordshire,hertfordshire,2020/21,Theft offences,374,1864,320,1860
Hertfordshire,hertfordshire,2020/21,Violence against the person,831,1800,862,1856
Hertfordshire,hertfordshire,2021/22,Criminal damage and arson,195,289,224,318
Hertfordshire,hertfordshire,2021/22,Drug offences,1147,772,1073,839
Hertfordshire,hertfordshire,2021/22,Fraud offences to 2012/13,0,0,0,0
Hertfordshire,hertfordshire,2021/22,Miscellaneous crimes against society,43,271,59,246
Hertfordshire,hertfordshire,2021/22,Possession of weapons offences,40,259,38,280
Hertfordshire,hertfordshire,2021/22,Public order offences,238,587,232,566
Hertfordshire,hertfordshire,2021/22,Robbery,1,33,2,38
Hertfordshire,hertfordshire,2021/22,Sexual offences,15,197,16,235
Hertfordshire,hertfordshire,2021/22,Theft offences,271,1457,285,1463
Hertfordshire,hertfordshire,2021/22,Violence against the person,857,1555,880,1663
Hertfordshire,hertfordshire,2022/23,Criminal damage and arson,230,329,235,306
Hertfordshire,hertfordshire,2022/23,Drug offences,1015,785,1012,702
Hertfordshire,hertfordshire,2022/23,Fraud offences to 2012/13,0,0,0,0
Hertfordshire,hertfordshire,2022/23,Miscellaneous crimes against society,45,257,75,230
Hertfordshire,hertfordshire,2022/23,Possession of weapons offences,47,305,49,285
Hertfordshire,hertfordshire,2022/23,Public order offences,245,619,238,633
Hertfordshire,hertfordshire,2022/23,Robbery,1,52,2,78
Hertfordshire,hertfordshire,2022/23,Sexual offences,11,264,18,259
Hertfordshire,hertfordshire,2022/23,Theft offences,358,1640,348,1715
Hertfordshire,hertfordshire,2022/23,Violence against the person,890,1759,893,1743
Hertfordshire,hertfordshire,2023/24,Criminal damage and arson,240,317,233,291
Hertfordshire,hertfordshire,2023/24,Drug offences,985,919,960,757
Hertfordshire,hertfordshire,2023/24,Fraud offences to 2012/13,0,0,0,0
Hertfordshire,hertfordshire,2023/24,Miscellaneous crimes against society,65,319,38,293
Hertfordshire,hertfordshire,2023/24,Possession of weapons offences,57,287,57,279
Hertfordshire,hertfordshire,2023/24,Public order offences,197,575,198,513
Hertfordshire,hertfordshire,2023/24,Robbery,6,93,5,94
Hertfordshire,hertfordshire,2023/24,Sexual offences,19,282,21,226
Hertfordshire,hertfordshire,2023/24,Theft offences,362,1922,358,1860
Hertfordshire,hertfordshire,2023/24,Violence against the person,909,1873,893,1832
Hertfordshire,hertfordshire,2024/25,Criminal damage and arson,259,285,251,287
Hertfordshire,hertfordshire,2024/25,Drug offences,1035,675,995,668
Hertfordshire,hertfordshire,2024/25,Fraud offences to 2012/13,0,0,0,0
Hertfordshire,hertfordshire,2024/25,Miscellaneous crimes against society,72,280,54,239
Hertfordshire,hertfordshire,2024/25,Possession of weapons offences,67,277,79,279
Hertfordshire,hertfordshire,2024/25,Public order offences,282,545,291,573
Hertfordshire,hertfordshire,2024/25,Robbery,7,117,8,123
Hertfordshire,hertfordshire,2024/25,Sexual offences,35,244,33,197
Hertfordshire,hertfordshire,2024/25,Theft offences,505,2231,522,2256
Hertfordshire,hertfordshire,2024/25,Violence against the person,1047,1831,1056,1835
Hertfordshire,hertfordshire,2025/26,Criminal damage and arson,359,340,325,277
Hertfordshire,hertfordshire,2025/26,Drug offences,1442,909,1354,653
Hertfordshire,hertfordshire,2025/26,Fraud offences to 2012/13,0,0,0,0
Hertfordshire,hertfordshire,2025/26,Miscellaneous crimes against society,80,328,68,244
Hertfordshire,hertfordshire,2025/26,Possession of weapons offences,129,350,122,277
Hertfordshire,hertfordshire,2025/26,Public order offences,371,626,356,493
Hertfordshire,hertfordshire,2025/26,Robbery,4,151,5,102
Hertfordshire,hertfordshire,2025/26,Sexual offences,41,294,33,119
Hertfordshire,hertfordshire,2025/26,Theft offences,603,2453,571,2120
Hertfordshire,hertfordshire,2025/26,Violence against the person,1787,1964,1723,1421
Humberside,humberside,2014/15,Criminal damage and arson,623,929,625,965
Humberside,humberside,2014/15,Drug offences,823,956,825,972
Humberside,humberside,2014/15,Fraud offences to 2012/13,1,30,0,0
Humberside,humberside,2014/15,Miscellaneous crimes against society,62,511,52,533
Humberside,humberside,2014/15,Possession of weapons offences,25,222,25,233
Humberside,humberside,2014/15,Public order offences,271,1251,268,1298
Humberside,humberside,2014/15,Robbery,10,134,9,132
Humberside,humberside,2014/15,Sexual offences,30,348,30,344
Humberside,humberside,2014/15,Theft offences,1356,4387,1317,4399
Humberside,humberside,2014/15,Violence against the person,1262,2924,1221,2929
Humberside,humberside,2015/16,Criminal damage and arson,611,986,590,942
Humberside,humberside,2015/16,Drug offences,555,789,545,748
Humberside,humberside,2015/16,Fraud offences to 2012/13,0,0,0,0
Humberside,humberside,2015/16,Miscellaneous crimes against society,47,454,45,445
Humberside,humberside,2015/16,Possession of weapons offences,38,243,39,234
Humberside,humberside,2015/16,Public order offences,254,1103,251,1041
Humberside,humberside,2015/16,Robbery,5,141,7,142
Humberside,humberside,2015/16,Sexual offences,30,309,24,275
Humberside,humberside,2015/16,Theft offences,902,3920,877,3845
Humberside,humberside,2015/16,Violence against the person,1279,2857,1279,2770
Humberside,humberside,2016/17,Criminal damage and arson,712,1104,702,1086
Humberside,humberside,2016/17,Drug offences,395,774,390,782
Humberside,humberside,2016/17,Fraud offences to 2012/13,0,0,0,0
Humberside,humberside,2016/17,Miscellaneous crimes against society,47,504,47,495
Humberside,humberside,2016/17,Possession of weapons offences,49,284,55,284
Humberside,humberside,2016/17,Public order offences,291,1217,293,1239
Humberside,humberside,2016/17,Robbery,11,154,10,142
Humberside,humberside,2016/17,Sexual offences,29,294,30,183
Humberside,humberside,2016/17,Theft offences,800,3944,763,3880
Humberside,humberside,2016/17,Violence against the person,1830,3416,1835,3366
Humberside,humberside,2017/18,Criminal damage and arson,579,762,577,777
Humberside,humberside,2017/18,Drug offences,336,559,347,619
Humberside,humberside,2017/18,Fraud offences to 2012/13,0,0,0,0
Humberside,humberside,2017/18,Miscellaneous crimes against society,35,420,46,462
Humberside,humberside,2017/18,Possession of weapons offences,36,216,31,217
Humberside,humberside,2017/18,Public order offences,225,1039,253,1024
Humberside,humberside,2017/18,Robbery,9,170,11,181
Humberside,humberside,2017/18,Sexual offences,24,180,27,282
Humberside,humberside,2017/18,Theft offences,601,3626,611,3648
Humberside,humberside,2017/18,Violence against the person,1472,3041,1464,3155
Humberside,humberside,2018/19,Criminal damage and arson,508,980,509,972
Humberside,humberside,2018/19,Drug offences,398,627,406,658
Humberside,humberside,2018/19,Fraud offences to 2012/13,0,0,0,0
Humberside,humberside,2018/19,Miscellaneous crimes against society,75,453,77,470
Humberside,humberside,2018/19,Possession of weapons offences,46,251,48,257
Humberside,humberside,2018/19,Public order offences,342,1084,339,1108
Humberside,humberside,2018/19,Robbery,11,188,9,196
Humberside,humberside,2018/19,Sexual offences,39,196,38,243
Humberside,humberside,2018/19,Theft offences,606,3701,593,3788
Humberside,humberside,2018/19,Violence against the person,1452,3744,1496,3712
Humberside,humberside,2019/20,Criminal damage and arson,607,902,588,909
Humberside,humberside,2019/20,Drug offences,592,700,603,802
Humberside,humberside,2019/20,Fraud offences to 2012/13,0,0,0,0
Humberside,humberside,2019/20,Miscellaneous crimes against society,110,375,124,394
Humberside,humberside,2019/20,Possession of weapons offences,66,275,64,280
Humberside,humberside,2019/20,Public order offences,437,1017,413,982
Humberside,humberside,2019/20,Robbery,12,162,10,150
Humberside,humberside,2019/20,Sexual offences,45,210,50,225
Humberside,humberside,2019/20,Theft offences,612,3528,607,3323
Humberside,humberside,2019/20,Violence against the person,1873,3333,1867,3420
Humberside,humberside,2020/21,Criminal damage and arson,732,777,722,772
Humberside,humberside,2020/21,Drug offences,1024,870,1078,979
Humberside,humberside,2020/21,Fraud offences to 2012/13,0,0,0,0
Humberside,humberside,2020/21,Miscellaneous crimes against society,251,447,254,421
Humberside,humberside,2020/21,Possession of weapons offences,74,294,82,290
Humberside,humberside,2020/21,Public order offences,1037,1033,1115,1048
Humberside,humberside,2020/21,Robbery,9,116,9,112
Humberside,humberside,2020/21,Sexual offences,52,305,45,202
Humberside,humberside,2020/21,Theft offences,664,2345,640,2255
Humberside,humberside,2020/21,Violence against the person,3206,3322,3306,3185
Humberside,humberside,2021/22,Criminal damage and arson,743,749,734,694
Humberside,humberside,2021/22,Drug offences,954,959,890,635
Humberside,humberside,2021/22,Fraud offences to 2012/13,0,0,0,0
Humberside,humberside,2021/22,Miscellaneous crimes against society,232,352,207,266
Humberside,humberside,2021/22,Possession of weapons offences,97,247,90,233
Humberside,humberside,2021/22,Public order offences,1022,971,971,931
Humberside,humberside,2021/22,Robbery,6,101,7,90
Humberside,humberside,2021/22,Sexual offences,80,200,77,98
Humberside,humberside,2021/22,Theft offences,639,2250,637,2214
Humberside,humberside,2021/22,Violence against the person,3214,2881,3090,2684
Humberside,humberside,2022/23,Criminal damage and arson,613,614,501,549
Humberside,humberside,2022/23,Drug offences,755,659,674,500
Humberside,humberside,2022/23,Fraud offences to 2012/13,0,0,0,0
Humberside,humberside,2022/23,Miscellaneous crimes against society,253,238,195,172
Humberside,humberside,2022/23,Possession of weapons offences,93,218,80,201
Humberside,humberside,2022/23,Public order offences,758,867,661,722
Humberside,humberside,2022/23,Robbery,13,96,12,90
Humberside,humberside,2022/23,Sexual offences,96,202,80,74
Humberside,humberside,2022/23,Theft offences,600,2884,493,2587
Humberside,humberside,2022/23,Violence against the person,2594,2580,2179,2102
Humberside,humberside,2023/24,Criminal damage and arson,949,728,626,535
Humberside,humberside,2023/24,Drug offences,975,989,747,557
Humberside,humberside,2023/24,Fraud offences to 2012/13,0,0,0,0
Humberside,humberside,2023/24,Miscellaneous crimes against society,307,334,182,185
Humberside,humberside,2023/24,Possession of weapons offences,138,323,94,271
Humberside,humberside,2023/24,Public order offences,974,919,670,620
Humberside,humberside,2023/24,Robbery,31,145,5,109
Humberside,humberside,2023/24,Sexual offences,112,329,59,94
Humberside,humberside,2023/24,Theft offences,893,3645,657,2984
Humberside,humberside,2023/24,Violence against the person,3884,3322,2651,2232
Humberside,humberside,2024/25,Criminal damage and arson,768,741,566,586
Humberside,humberside,2024/25,Drug offences,1096,1092,923,754
Humberside,humberside,2024/25,Fraud offences to 2012/13,0,0,0,0
Humberside,humberside,2024/25,Miscellaneous crimes against society,245,366,172,229
Humberside,humberside,2024/25,Possession of weapons offences,154,339,120,281
Humberside,humberside,2024/25,Public order offences,806,958,619,658
Humberside,humberside,2024/25,Robbery,15,142,6,101
Humberside,humberside,2024/25,Sexual offences,108,308,54,91
Humberside,humberside,2024/25,Theft offences,972,4192,802,3665
Humberside,humberside,2024/25,Violence against the person,3640,3482,2822,2463
Humberside,humberside,2025/26,Criminal damage and arson,720,621,604,483
Humberside,humberside,2025/26,Drug offences,1181,1142,1066,922
Humberside,humberside,2025/26,Fraud offences to 2012/13,0,0,0,0
Humberside,humberside,2025/26,Miscellaneous crimes against society,272,434,209,294
Humberside,humberside,2025/26,Possession of weapons offences,133,363,113,328
Humberside,humberside,2025/26,Public order offences,715,910,649,749
Humberside,humberside,2025/26,Robbery,13,226,8,226
Humberside,humberside,2025/26,Sexual offences,76,340,54,127
Humberside,humberside,2025/26,Theft offences,957,4214,792,3719
Humberside,humberside,2025/26,Violence against the person,3173,3208,2566,2577
Kent,kent,2014/15,Criminal damage and arson,869,1326,880,1268
Kent,kent,2014/15,Drug offences,1525,1282,1527,1212
Kent,kent,2014/15,Fraud offences to 2012/13,0,0,0,0
Kent,kent,2014/15,Miscellaneous crimes against society,97,534,95,535
Kent,kent,2014/15,Possession of weapons offences,65,297,66,293
Kent,kent,2014/15,Public order offences,327,923,322,931
Kent,kent,2014/15,Robbery,3,183,2,177
Kent,kent,2014/15,Sexual offences,25,441,32,385
Kent,kent,2014/15,Theft offences,2227,6439,2209,6560
Kent,kent,2014/15,Violence against the person,2371,4542,2326,4455
Kent,kent,2015/16,Criminal damage and arson,711,974,763,1057
Kent,kent,2015/16,Drug offences,1231,1083,1281,1193
Kent,kent,2015/16,Fraud offences to 2012/13,0,0,0,0
Kent,kent,2015/16,Miscellaneous crimes against society,47,325,57,391
Kent,kent,2015/16,Possession of weapons offences,51,304,54,323
Kent,kent,2015/16,Public order offences,206,741,221,787
Kent,kent,2015/16,Robbery,1,130,1,152
Kent,kent,2015/16,Sexual offences,21,154,32,385
Kent,kent,2015/16,Theft offences,1610,4115,1690,4579
Kent,kent,2015/16,Violence against the person,1701,3657,1815,3986
Kent,kent,2016/17,Criminal damage and arson,657,1018,674,1026
Kent,kent,2016/17,Drug offences,1156,1010,1153,1057
Kent,kent,2016/17,Fraud offences to 2012/13,0,0,0,0
Kent,kent,2016/17,Miscellaneous crimes against society,80,455,83,493
Kent,kent,2016/17,Possession of weapons offences,64,357,73,368
Kent,kent,2016/17,Public order offences,270,889,288,916
Kent,kent,2016/17,Robbery,5,193,5,190
Kent,kent,2016/17,Sexual offences,34,330,34,295
Kent,kent,2016/17,Theft offences,1287,4220,1306,4306
Kent,kent,2016/17,Violence against the person,1789,4598,1882,4701
Kent,kent,2017/18,Criminal damage and arson,617,1124,619,1121
Kent,kent,2017/18,Drug offences,914,1001,935,1040
Kent,kent,2017/18,Fraud offences to 2012/13,0,0,0,0
Kent,kent,2017/18,Miscellaneous crimes against society,78,523,89,547
Kent,kent,2017/18,Possession of weapons offences,182,422,184,428
Kent,kent,2017/18,Public order offences,323,1138,341,1165
Kent,kent,2017/18,Robbery,1,154,1,169
Kent,kent,2017/18,Sexual offences,38,321,43,323
Kent,kent,2017/18,Theft offences,1020,4104,1017,3996
Kent,kent,2017/18,Violence against the person,1813,5175,1782,5204
Kent,kent,2018/19,Criminal damage and arson,447,768,463,798
Kent,kent,2018/19,Drug offences,930,864,984,1009
Kent,kent,2018/19,Fraud offences to 2012/13,0,0,0,0
Kent,kent,2018/19,Miscellaneous crimes against society,45,415,55,499
Kent,kent,2018/19,Possession of weapons offences,235,352,256,389
Kent,kent,2018/19,Public order offences,296,959,295,1018
Kent,kent,2018/19,Robbery,4,147,6,176
Kent,kent,2018/19,Sexual offences,49,201,59,274
Kent,kent,2018/19,Theft offences,646,3093,697,3485
Kent,kent,2018/19,Violence against the person,1339,3935,1370,4217
Kent,kent,2019/20,Criminal damage and arson,670,687,656,752
Kent,kent,2019/20,Drug offences,1258,965,1257,1088
Kent,kent,2019/20,Fraud offences to 2012/13,0,0,0,0
Kent,kent,2019/20,Miscellaneous crimes against society,90,496,89,598
Kent,kent,2019/20,Possession of weapons offences,309,409,311,453
Kent,kent,2019/20,Public order offences,405,862,405,989
Kent,kent,2019/20,Robbery,9,165,10,183
Kent,kent,2019/20,Sexual offences,50,219,38,305
Kent,kent,2019/20,Theft offences,963,3695,947,3650
Kent,kent,2019/20,Violence against the person,1647,3332,1651,3786
Kent,kent,2020/21,Criminal damage and arson,846,1081,835,1102
Kent,kent,2020/21,Drug offences,1787,1211,1805,1180
Kent,kent,2020/21,Fraud offences to 2012/13,0,0,0,0
Kent,kent,2020/21,Miscellaneous crimes against society,144,777,149,721
Kent,kent,2020/21,Possession of weapons offences,198,431,173,409
Kent,kent,2020/21,Public order offences,563,1321,590,1319
Kent,kent,2020/21,Robbery,7,192,4,156
Kent,kent,2020/21,Sexual offences,33,323,34,355
Kent,kent,2020/21,Theft offences,914,3261,849,3084
Kent,kent,2020/21,Violence against the person,2601,4678,2658,4702
Kent,kent,2021/22,Criminal damage and arson,795,947,809,980
Kent,kent,2021/22,Drug offences,1493,986,1464,1021
Kent,kent,2021/22,Fraud offences to 2012/13,0,0,0,0
Kent,kent,2021/22,Miscellaneous crimes against society,125,632,127,605
Kent,kent,2021/22,Possession of weapons offences,165,343,180,353
Kent,kent,2021/22,Public order offences,582,1255,561,1240
Kent,kent,2021/22,Robbery,8,109,9,111
Kent,kent,2021/22,Sexual offences,40,384,36,453
Kent,kent,2021/22,Theft offences,1021,3094,1059,3212
Kent,kent,2021/22,Violence against the person,2459,4299,2417,4504
Kent,kent,2022/23,Criminal damage and arson,657,970,645,926
Kent,kent,2022/23,Drug offences,985,1155,954,1448
Kent,kent,2022/23,Fraud offences to 2012/13,0,0,0,0
Kent,kent,2022/23,Miscellaneous crimes against society,114,719,100,775
Kent,kent,2022/23,Possession of weapons offences,165,459,160,452
Kent,kent,2022/23,Public order offences,413,1362,398,1367
Kent,kent,2022/23,Robbery,5,138,10,146
Kent,kent,2022/23,Sexual offences,29,409,22,495
Kent,kent,2022/23,Theft offences,1023,3636,1045,3729
Kent,kent,2022/23,Violence against the person,1880,4815,1866,4715
Kent,kent,2023/24,Criminal damage and arson,687,1026,719,1035
Kent,kent,2023/24,Drug offences,1138,1540,1242,1283
Kent,kent,2023/24,Fraud offences to 2012/13,0,0,0,0
Kent,kent,2023/24,Miscellaneous crimes against society,92,719,94,738
Kent,kent,2023/24,Possession of weapons offences,173,479,197,504
Kent,kent,2023/24,Public order offences,380,1244,448,1238
Kent,kent,2023/24,Robbery,10,166,7,168
Kent,kent,2023/24,Sexual offences,18,530,19,546
Kent,kent,2023/24,Theft offences,1253,4046,1371,4160
Kent,kent,2023/24,Violence against the person,2146,4594,2355,4624
Kent,kent,2024/25,Criminal damage and arson,909,970,905,942
Kent,kent,2024/25,Drug offences,1851,1398,1859,1251
Kent,kent,2024/25,Fraud offences to 2012/13,0,0,0,0
Kent,kent,2024/25,Miscellaneous crimes against society,149,921,146,894
Kent,kent,2024/25,Possession of weapons offences,295,554,289,530
Kent,kent,2024/25,Public order offences,563,1466,527,1463
Kent,kent,2024/25,Robbery,6,161,4,136
Kent,kent,2024/25,Sexual offences,35,744,40,534
Kent,kent,2024/25,Theft offences,2085,4656,2017,4573
Kent,kent,2024/25,Violence against the person,3065,4665,3007,4461
Kent,kent,2025/26,Criminal damage and arson,873,1206,832,1086
Kent,kent,2025/26,Drug offences,2386,1442,2286,1175
Kent,kent,2025/26,Fraud offences to 2012/13,0,0,0,0
Kent,kent,2025/26,Miscellaneous crimes against society,129,1002,119,764
Kent,kent,2025/26,Possession of weapons offences,273,568,251,490
Kent,kent,2025/26,Public order offences,539,1660,491,1463
Kent,kent,2025/26,Robbery,19,216,20,194
Kent,kent,2025/26,Sexual offences,35,814,30,463
Kent,kent,2025/26,Theft offences,2199,5017,2164,4525
Kent,kent,2025/26,Violence against the person,2920,4834,2703,3946
Lancashire,lancashire,2014/15,Criminal damage and arson,1412,1486,1381,1458
Lancashire,lancashire,2014/15,Drug offences,1480,1386,1489,1383
Lancashire,lancashire,2014/15,Fraud offences to 2012/13,0,18,0,0
Lancashire,lancashire,2014/15,Miscellaneous crimes against society,111,519,120,557
Lancashire,lancashire,2014/15,Possession of weapons offences,93,283,94,279
Lancashire,lancashire,2014/15,Public order offences,437,1154,431,1151
Lancashire,lancashire,2014/15,Robbery,10,227,9,228
Lancashire,lancashire,2014/15,Sexual offences,85,417,81,412
Lancashire,lancashire,2014/15,Theft offences,2268,5988,2287,5908
Lancashire,lancashire,2014/15,Violence against the person,3542,5279,3496,5268
Lancashire,lancashire,2015/16,Criminal damage and arson,1133,1206,1149,1227
Lancashire,lancashire,2015/16,Drug offences,1245,1138,1250,1094
Lancashire,lancashire,2015/16,Fraud offences to 2012/13,0,0,0,0
Lancashire,lancashire,2015/16,Miscellaneous crimes against society,106,453,97,455
Lancashire,lancashire,2015/16,Possession of weapons offences,74,238,75,248
Lancashire,lancashire,2015/16,Public order offences,364,800,377,812
Lancashire,lancashire,2015/16,Robbery,3,173,3,177
Lancashire,lancashire,2015/16,Sexual offences,78,396,80,400
Lancashire,lancashire,2015/16,Theft offences,1666,5062,1656,4970
Lancashire,lancashire,2015/16,Violence against the person,2648,4322,2683,4314
Lancashire,lancashire,2016/17,Criminal damage and arson,1099,889,1093,897
Lancashire,lancashire,2016/17,Drug offences,772,723,772,762
Lancashire,lancashire,2016/17,Fraud offences to 2012/13,0,0,0,0
Lancashire,lancashire,2016/17,Miscellaneous crimes against society,62,359,60,383
Lancashire,lancashire,2016/17,Possession of weapons offences,65,202,66,206
Lancashire,lancashire,2016/17,Public order offences,334,659,335,677
Lancashire,lancashire,2016/17,Robbery,5,163,5,174
Lancashire,lancashire,2016/17,Sexual offences,81,320,80,359
Lancashire,lancashire,2016/17,Theft offences,1878,4643,1862,4725
Lancashire,lancashire,2016/17,Violence against the person,2585,3472,2590,3596
Lancashire,lancashire,2017/18,Criminal damage and arson,905,1056,911,1051
Lancashire,lancashire,2017/18,Drug offences,711,735,704,727
Lancashire,lancashire,2017/18,Fraud offences to 2012/13,0,0,0,0
Lancashire,lancashire,2017/18,Miscellaneous crimes against society,57,387,62,395
Lancashire,lancashire,2017/18,Possession of weapons offences,62,260,60,267
Lancashire,lancashire,2017/18,Public order offences,345,766,345,764
Lancashire,lancashire,2017/18,Robbery,11,174,11,180
Lancashire,lancashire,2017/18,Sexual offences,65,393,59,390
Lancashire,lancashire,2017/18,Theft offences,1615,4907,1614,4948
Lancashire,lancashire,2017/18,Violence against the person,2159,4203,2160,4199
Lancashire,lancashire,2018/19,Criminal damage and arson,771,999,801,1055
Lancashire,lancashire,2018/19,Drug offences,594,638,641,691
Lancashire,lancashire,2018/19,Fraud offences to 2012/13,0,0,0,0
Lancashire,lancashire,2018/19,Miscellaneous crimes against society,53,398,68,450
Lancashire,lancashire,2018/19,Possession of weapons offences,80,301,94,342
Lancashire,lancashire,2018/19,Public order offences,527,989,589,1110
Lancashire,lancashire,2018/19,Robbery,8,170,9,156
Lancashire,lancashire,2018/19,Sexual offences,58,331,81,372
Lancashire,lancashire,2018/19,Theft offences,1135,3895,1203,3877
Lancashire,lancashire,2018/19,Violence against the person,2090,4116,2232,4428
Lancashire,lancashire,2019/20,Criminal damage and arson,604,837,625,884
Lancashire,lancashire,2019/20,Drug offences,523,719,633,1015
Lancashire,lancashire,2019/20,Fraud offences to 2012/13,0,0,0,0
Lancashire,lancashire,2019/20,Miscellaneous crimes against society,74,344,84,488
Lancashire,lancashire,2019/20,Possession of weapons offences,97,402,94,467
Lancashire,lancashire,2019/20,Public order offences,449,1159,461,1234
Lancashire,lancashire,2019/20,Robbery,7,129,8,157
Lancashire,lancashire,2019/20,Sexual offences,70,284,74,432
Lancashire,lancashire,2019/20,Theft offences,707,3172,744,3216
Lancashire,lancashire,2019/20,Violence against the person,1727,3994,1806,4449
Lancashire,lancashire,2020/21,Criminal damage and arson,483,905,469,899
Lancashire,lancashire,2020/21,Drug offences,724,1091,800,1156
Lancashire,lancashire,2020/21,Fraud offences to 2012/13,0,0,0,0
Lancashire,lancashire,2020/21,Miscellaneous crimes against society,75,510,87,492
Lancashire,lancashire,2020/21,Possession of weapons offences,98,473,99,465
Lancashire,lancashire,2020/21,Public order offences,389,1067,374,1033
Lancashire,lancashire,2020/21,Robbery,11,126,12,109
Lancashire,lancashire,2020/21,Sexual offences,46,415,42,407
Lancashire,lancashire,2020/21,Theft offences,414,2122,319,1997
Lancashire,lancashire,2020/21,Violence against the person,1463,4071,1432,3872
Lancashire,lancashire,2021/22,Criminal damage and arson,654,855,673,851
Lancashire,lancashire,2021/22,Drug offences,869,996,771,914
Lancashire,lancashire,2021/22,Fraud offences to 2012/13,0,0,0,0
Lancashire,lancashire,2021/22,Miscellaneous crimes against society,97,495,105,544
Lancashire,lancashire,2021/22,Possession of weapons offences,131,446,134,437
Lancashire,lancashire,2021/22,Public order offences,567,1039,579,1062
Lancashire,lancashire,2021/22,Robbery,7,138,9,141
Lancashire,lancashire,2021/22,Sexual offences,75,407,89,431
Lancashire,lancashire,2021/22,Theft offences,476,1917,502,1897
Lancashire,lancashire,2021/22,Violence against the person,2114,3625,2211,3731
Lancashire,lancashire,2022/23,Criminal damage and arson,822,819,820,801
Lancashire,lancashire,2022/23,Drug offences,989,931,964,874
Lancashire,lancashire,2022/23,Fraud offences to 2012/13,0,0,0,0
Lancashire,lancashire,2022/23,Miscellaneous crimes against society,154,573,146,575
Lancashire,lancashire,2022/23,Possession of weapons offences,153,535,164,528
Lancashire,lancashire,2022/23,Public order offences,691,1024,690,989
Lancashire,lancashire,2022/23,Robbery,14,144,15,145
Lancashire,lancashire,2022/23,Sexual offences,125,440,105,480
Lancashire,lancashire,2022/23,Theft offences,685,2089,699,2142
Lancashire,lancashire,2022/23,Violence against the person,3181,4253,3229,4331
Lancashire,lancashire,2023/24,Criminal damage and arson,1147,788,1165,779
Lancashire,lancashire,2023/24,Drug offences,1430,934,1457,955
Lancashire,lancashire,2023/24,Fraud offences to 2012/13,0,0,0,0
Lancashire,lancashire,2023/24,Miscellaneous crimes against society,328,584,334,573
Lancashire,lancashire,2023/24,Possession of weapons offences,184,573,183,567
Lancashire,lancashire,2023/24,Public order offences,881,880,900,860
Lancashire,lancashire,2023/24,Robbery,23,149,21,167
Lancashire,lancashire,2023/24,Sexual offences,179,527,214,524
Lancashire,lancashire,2023/24,Theft offences,1106,2851,1124,3010
Lancashire,lancashire,2023/24,Violence against the person,5440,4690,5611,4567
Lancashire,lancashire,2024/25,Criminal damage and arson,1257,780,1224,731
Lancashire,lancashire,2024/25,Drug offences,2015,1080,1992,1078
Lancashire,lancashire,2024/25,Fraud offences to 2012/13,0,0,0,0
Lancashire,lancashire,2024/25,Miscellaneous crimes against society,402,644,411,605
Lancashire,lancashire,2024/25,Possession of weapons offences,260,574,255,549
Lancashire,lancashire,2024/25,Public order offences,1154,1014,1118,986
Lancashire,lancashire,2024/25,Robbery,27,248,30,245
Lancashire,lancashire,2024/25,Sexual offences,295,544,281,442
Lancashire,lancashire,2024/25,Theft offences,1366,4076,1334,3910
Lancashire,lancashire,2024/25,Violence against the person,7190,4981,6994,4747
Lancashire,lancashire,2025/26,Criminal damage and arson,1157,789,1127,761
Lancashire,lancashire,2025/26,Drug offences,2491,1325,2463,975
Lancashire,lancashire,2025/26,Fraud offences to 2012/13,0,0,0,0
Lancashire,lancashire,2025/26,Miscellaneous crimes against society,382,811,356,641
Lancashire,lancashire,2025/26,Possession of weapons offences,247,576,230,550
Lancashire,lancashire,2025/26,Public order offences,879,1275,862,1211
Lancashire,lancashire,2025/26,Robbery,24,216,17,166
Lancashire,lancashire,2025/26,Sexual offences,289,606,273,316
Lancashire,lancashire,2025/26,Theft offences,1059,4117,1025,3868
Lancashire,lancashire,2025/26,Violence against the person,5674,4914,5586,4447
Leicestershire,leicestershire,2014/15,Criminal damage and arson,622,829,0,0
Leicestershire,leicestershire,2014/15,Drug offences,926,671,0,0
Leicestershire,leicestershire,2014/15,Fraud offences to 2012/13,0,3,0,0
Leicestershire,leicestershire,2014/15,Miscellaneous crimes against society,49,367,0,0
Leicestershire,leicestershire,2014/15,Possession of weapons offences,55,187,0,0
Leicestershire,leicestershire,2014/15,Public order offences,368,778,0,0
Leicestershire,leicestershire,2014/15,Robbery,3,148,0,0
Leicestershire,leicestershire,2014/15,Sexual offences,29,285,0,0
Leicestershire,leicestershire,2014/15,Theft offences,1421,3438,0,0
Leicestershire,leicestershire,2014/15,Violence against the person,1279,2654,0,0
Leicestershire,leicestershire,2015/16,Criminal damage and arson,342,615,379,689
Leicestershire,leicestershire,2015/16,Drug offences,373,470,414,508
Leicestershire,leicestershire,2015/16,Fraud offences to 2012/13,0,0,0,0
Leicestershire,leicestershire,2015/16,Miscellaneous crimes against society,32,270,39,289
Leicestershire,leicestershire,2015/16,Possession of weapons offences,37,160,43,185
Leicestershire,leicestershire,2015/16,Public order offences,198,472,196,555
Leicestershire,leicestershire,2015/16,Robbery,3,81,4,108
Leicestershire,leicestershire,2015/16,Sexual offences,21,213,19,246
Leicestershire,leicestershire,2015/16,Theft offences,811,2536,881,2797
Leicestershire,leicestershire,2015/16,Violence against the person,804,2108,866,2402
Leicestershire,leicestershire,2016/17,Criminal damage and arson,343,655,314,667
Leicestershire,leicestershire,2016/17,Drug offences,358,441,411,473
Leicestershire,leicestershire,2016/17,Fraud offences to 2012/13,0,0,0,0
Leicestershire,leicestershire,2016/17,Miscellaneous crimes against society,47,315,70,373
Leicestershire,leicestershire,2016/17,Possession of weapons offences,37,213,44,219
Leicestershire,leicestershire,2016/17,Public order offences,212,700,220,742
Leicestershire,leicestershire,2016/17,Robbery,4,110,4,106
Leicestershire,leicestershire,2016/17,Sexual offences,8,272,12,301
Leicestershire,leicestershire,2016/17,Theft offences,734,2581,698,2530
Leicestershire,leicestershire,2016/17,Violence against the person,890,2676,867,2740
Leicestershire,leicestershire,2017/18,Criminal damage and arson,323,705,306,665
Leicestershire,leicestershire,2017/18,Drug offences,624,497,534,432
Leicestershire,leicestershire,2017/18,Fraud offences to 2012/13,0,0,0,0
Leicestershire,leicestershire,2017/18,Miscellaneous crimes against society,80,343,58,312
Leicestershire,leicestershire,2017/18,Possession of weapons offences,49,300,49,302
Leicestershire,leicestershire,2017/18,Public order offences,227,874,205,847
Leicestershire,leicestershire,2017/18,Robbery,5,101,4,96
Leicestershire,leicestershire,2017/18,Sexual offences,22,276,23,257
Leicestershire,leicestershire,2017/18,Theft offences,649,2428,601,2323
Leicestershire,leicestershire,2017/18,Violence against the person,970,3007,923,2873
Leicestershire,leicestershire,2018/19,Criminal damage and arson,391,616,405,623
Leicestershire,leicestershire,2018/19,Drug offences,810,471,832,592
Leicestershire,leicestershire,2018/19,Fraud offences to 2012/13,0,0,0,0
Leicestershire,leicestershire,2018/19,Miscellaneous crimes against society,70,309,68,319
Leicestershire,leicestershire,2018/19,Possession of weapons offences,80,274,92,308
Leicestershire,leicestershire,2018/19,Public order offences,355,844,385,846
Leicestershire,leicestershire,2018/19,Robbery,9,122,10,131
Leicestershire,leicestershire,2018/19,Sexual offences,36,233,32,230
Leicestershire,leicestershire,2018/19,Theft offences,613,2143,617,2210
Leicestershire,leicestershire,2018/19,Violence against the person,1302,2460,1362,2488
Leicestershire,leicestershire,2019/20,Criminal damage and arson,499,567,495,597
Leicestershire,leicestershire,2019/20,Drug offences,1294,942,1321,933
Leicestershire,leicestershire,2019/20,Fraud offences to 2012/13,0,0,0,0
Leicestershire,leicestershire,2019/20,Miscellaneous crimes against society,61,295,60,271
Leicestershire,leicestershire,2019/20,Possession of weapons offences,97,324,85,323
Leicestershire,leicestershire,2019/20,Public order offences,514,834,515,870
Leicestershire,leicestershire,2019/20,Robbery,13,91,14,85
Leicestershire,leicestershire,2019/20,Sexual offences,33,201,33,197
Leicestershire,leicestershire,2019/20,Theft offences,594,1648,578,1605
Leicestershire,leicestershire,2019/20,Violence against the person,1642,2316,1608,2359
Leicestershire,leicestershire,2020/21,Criminal damage and arson,591,634,587,629
Leicestershire,leicestershire,2020/21,Drug offences,1900,651,1885,679
Leicestershire,leicestershire,2020/21,Fraud offences to 2012/13,0,0,0,0
Leicestershire,leicestershire,2020/21,Miscellaneous crimes against society,189,260,177,248
Leicestershire,leicestershire,2020/21,Possession of weapons offences,103,305,106,321
Leicestershire,leicestershire,2020/21,Public order offences,918,923,942,896
Leicestershire,leicestershire,2020/21,Robbery,17,98,20,97
Leicestershire,leicestershire,2020/21,Sexual offences,83,220,83,240
Leicestershire,leicestershire,2020/21,Theft offences,465,1274,451,1076
Leicestershire,leicestershire,2020/21,Violence against the person,2582,2522,2659,2502
Leicestershire,leicestershire,2021/22,Criminal damage and arson,787,667,804,700
Leicestershire,leicestershire,2021/22,Drug offences,1667,610,1684,661
Leicestershire,leicestershire,2021/22,Fraud offences to 2012/13,0,0,0,0
Leicestershire,leicestershire,2021/22,Miscellaneous crimes against society,154,216,185,250
Leicestershire,leicestershire,2021/22,Possession of weapons offences,161,311,178,307
Leicestershire,leicestershire,2021/22,Public order offences,1242,871,1276,970
Leicestershire,leicestershire,2021/22,Robbery,21,69,19,74
Leicestershire,leicestershire,2021/22,Sexual offences,116,210,120,304
Leicestershire,leicestershire,2021/22,Theft offences,490,1077,506,1203
Leicestershire,leicestershire,2021/22,Violence against the person,3365,2591,3476,2851
Leicestershire,leicestershire,2022/23,Criminal damage and arson,690,707,696,720
Leicestershire,leicestershire,2022/23,Drug offences,1588,714,1592,754
Leicestershire,leicestershire,2022/23,Fraud offences to 2012/13,0,0,0,0
Leicestershire,leicestershire,2022/23,Miscellaneous crimes against society,251,242,264,235
Leicestershire,leicestershire,2022/23,Possession of weapons offences,162,383,155,383
Leicestershire,leicestershire,2022/23,Public order offences,1090,1067,1066,1067
Leicestershire,leicestershire,2022/23,Robbery,11,78,12,79
Leicestershire,leicestershire,2022/23,Sexual offences,115,309,117,316
Leicestershire,leicestershire,2022/23,Theft offences,624,1310,640,1372
Leicestershire,leicestershire,2022/23,Violence against the person,3168,2769,3172,2985
Leicestershire,leicestershire,2023/24,Criminal damage and arson,606,763,613,736
Leicestershire,leicestershire,2023/24,Drug offences,1381,767,1357,691
Leicestershire,leicestershire,2023/24,Fraud offences to 2012/13,0,0,0,0
Leicestershire,leicestershire,2023/24,Miscellaneous crimes against society,260,202,249,220
Leicestershire,leicestershire,2023/24,Possession of weapons offences,132,412,141,409
Leicestershire,leicestershire,2023/24,Public order offences,964,1100,954,1057
Leicestershire,leicestershire,2023/24,Robbery,18,90,16,99
Leicestershire,leicestershire,2023/24,Sexual offences,125,332,129,303
Leicestershire,leicestershire,2023/24,Theft offences,655,1884,639,1917
Leicestershire,leicestershire,2023/24,Violence against the person,2844,3127,2821,3033
Leicestershire,leicestershire,2024/25,Criminal damage and arson,534,698,528,687
Leicestershire,leicestershire,2024/25,Drug offences,1091,663,1086,655
Leicestershire,leicestershire,2024/25,Fraud offences to 2012/13,0,0,0,0
Leicestershire,leicestershire,2024/25,Miscellaneous crimes against society,225,234,226,182
Leicestershire,leicestershire,2024/25,Possession of weapons offences,125,337,113,333
Leicestershire,leicestershire,2024/25,Public order offences,748,1051,730,1067
Leicestershire,leicestershire,2024/25,Robbery,7,120,9,105
Leicestershire,leicestershire,2024/25,Sexual offences,113,348,116,301
Leicestershire,leicestershire,2024/25,Theft offences,655,2741,672,2813
Leicestershire,leicestershire,2024/25,Violence against the person,2296,3007,2273,2949
Leicestershire,leicestershire,2025/26,Criminal damage and arson,494,643,439,555
Leicestershire,leicestershire,2025/26,Drug offences,1149,819,1081,550
Leicestershire,leicestershire,2025/26,Fraud offences to 2012/13,0,0,0,0
Leicestershire,leicestershire,2025/26,Miscellaneous crimes against society,270,259,215,136
Leicestershire,leicestershire,2025/26,Possession of weapons offences,108,354,88,292
Leicestershire,leicestershire,2025/26,Public order offences,730,1051,685,873
Leicestershire,leicestershire,2025/26,Robbery,12,120,8,91
Leicestershire,leicestershire,2025/26,Sexual offences,119,399,104,175
Leicestershire,leicestershire,2025/26,Theft offences,572,3079,504,2758
Leicestershire,leicestershire,2025/26,Violence against the person,2145,3253,1948,2572
Lincolnshire,lincolnshire,2014/15,Criminal damage and arson,408,434,406,440
Lincolnshire,lincolnshire,2014/15,Drug offences,966,514,945,511
Lincolnshire,lincolnshire,2014/15,Fraud offences to 2012/13,2,2,0,0
Lincolnshire,lincolnshire,2014/15,Miscellaneous crimes against society,50,286,45,315
Lincolnshire,lincolnshire,2014/15,Possession of weapons offences,33,193,29,174
Lincolnshire,lincolnshire,2014/15,Public order offences,340,561,337,549
Lincolnshire,lincolnshire,2014/15,Robbery,2,51,1,46
Lincolnshire,lincolnshire,2014/15,Sexual offences,23,158,19,199
Lincolnshire,lincolnshire,2014/15,Theft offences,1208,2440,1142,2394
Lincolnshire,lincolnshire,2014/15,Violence against the person,912,1769,888,1727
Lincolnshire,lincolnshire,2015/16,Criminal damage and arson,414,480,424,477
Lincolnshire,lincolnshire,2015/16,Drug offences,893,578,913,565
Lincolnshire,lincolnshire,2015/16,Fraud offences to 2012/13,0,0,0,0
Lincolnshire,lincolnshire,2015/16,Miscellaneous crimes against society,34,275,40,267
Lincolnshire,lincolnshire,2015/16,Possession of weapons offences,40,175,41,192
Lincolnshire,lincolnshire,2015/16,Public order offences,296,571,301,590
Lincolnshire,lincolnshire,2015/16,Robbery,0,54,2,55
Lincolnshire,lincolnshire,2015/16,Sexual offences,32,219,40,216
Lincolnshire,lincolnshire,2015/16,Theft offences,978,2338,997,2315
Lincolnshire,lincolnshire,2015/16,Violence against the person,812,1978,842,2092
Lincolnshire,lincolnshire,2016/17,Criminal damage and arson,415,434,420,460
Lincolnshire,lincolnshire,2016/17,Drug offences,709,441,703,450
Lincolnshire,lincolnshire,2016/17,Fraud offences to 2012/13,0,0,0,0
Lincolnshire,lincolnshire,2016/17,Miscellaneous crimes against society,52,238,51,265
Lincolnshire,lincolnshire,2016/17,Possession of weapons offences,23,186,24,186
Lincolnshire,lincolnshire,2016/17,Public order offences,261,465,264,479
Lincolnshire,lincolnshire,2016/17,Robbery,2,41,1,45
Lincolnshire,lincolnshire,2016/17,Sexual offences,30,156,22,168
Lincolnshire,lincolnshire,2016/17,Theft offences,800,2169,801,2324
Lincolnshire,lincolnshire,2016/17,Violence against the person,876,1952,873,2019
Lincolnshire,lincolnshire,2017/18,Criminal damage and arson,377,406,376,451
Lincolnshire,lincolnshire,2017/18,Drug offences,617,455,649,564
Lincolnshire,lincolnshire,2017/18,Fraud offences to 2012/13,0,0,0,0
Lincolnshire,lincolnshire,2017/18,Miscellaneous crimes against society,33,247,37,252
Lincolnshire,lincolnshire,2017/18,Possession of weapons offences,45,201,57,202
Lincolnshire,lincolnshire,2017/18,Public order offences,203,432,221,474
Lincolnshire,lincolnshire,2017/18,Robbery,4,54,6,55
Lincolnshire,lincolnshire,2017/18,Sexual offences,12,130,21,181
Lincolnshire,lincolnshire,2017/18,Theft offences,778,2251,793,2276
Lincolnshire,lincolnshire,2017/18,Violence against the person,815,1806,888,1934
Lincolnshire,lincolnshire,2018/19,Criminal damage and arson,327,417,345,404
Lincolnshire,lincolnshire,2018/19,Drug offences,646,497,651,558
Lincolnshire,lincolnshire,2018/19,Fraud offences to 2012/13,0,0,0,0
Lincolnshire,lincolnshire,2018/19,Miscellaneous crimes against society,26,215,24,207
Lincolnshire,lincolnshire,2018/19,Possession of weapons offences,62,189,65,220
Lincolnshire,lincolnshire,2018/19,Public order offences,246,535,276,575
Lincolnshire,lincolnshire,2018/19,Robbery,3,60,2,68
Lincolnshire,lincolnshire,2018/19,Sexual offences,28,179,23,187
Lincolnshire,lincolnshire,2018/19,Theft offences,637,2035,648,2175
Lincolnshire,lincolnshire,2018/19,Violence against the person,849,1837,880,1981
Lincolnshire,lincolnshire,2019/20,Criminal damage and arson,320,411,317,424
Lincolnshire,lincolnshire,2019/20,Drug offences,705,475,697,436
Lincolnshire,lincolnshire,2019/20,Fraud offences to 2012/13,0,0,0,0
Lincolnshire,lincolnshire,2019/20,Miscellaneous crimes against society,32,187,31,187
Lincolnshire,lincolnshire,2019/20,Possession of weapons offences,76,230,70,218
Lincolnshire,lincolnshire,2019/20,Public order offences,289,685,264,689
Lincolnshire,lincolnshire,2019/20,Robbery,10,66,9,74
Lincolnshire,lincolnshire,2019/20,Sexual offences,25,154,32,154
Lincolnshire,lincolnshire,2019/20,Theft offences,495,1743,438,1551
Lincolnshire,lincolnshire,2019/20,Violence against the person,709,1833,655,1818
Lincolnshire,lincolnshire,2020/21,Criminal damage and arson,307,428,221,327
Lincolnshire,lincolnshire,2020/21,Drug offences,714,508,662,332
Lincolnshire,lincolnshire,2020/21,Fraud offences to 2012/13,0,0,0,0
Lincolnshire,lincolnshire,2020/21,Miscellaneous crimes against society,37,222,35,147
Lincolnshire,lincolnshire,2020/21,Possession of weapons offences,57,192,48,159
Lincolnshire,lincolnshire,2020/21,Public order offences,214,619,179,483
Lincolnshire,lincolnshire,2020/21,Robbery,4,69,3,41
Lincolnshire,lincolnshire,2020/21,Sexual offences,27,231,16,110
Lincolnshire,lincolnshire,2020/21,Theft offences,272,1450,203,1024
Lincolnshire,lincolnshire,2020/21,Violence against the person,674,2018,568,1449
Lincolnshire,lincolnshire,2021/22,Criminal damage and arson,191,295,212,303
Lincolnshire,lincolnshire,2021/22,Drug offences,485,290,486,278
Lincolnshire,lincolnshire,2021/22,Fraud offences to 2012/13,0,0,0,0
Lincolnshire,lincolnshire,2021/22,Miscellaneous crimes against society,29,121,41,133
Lincolnshire,lincolnshire,2021/22,Possession of weapons offences,49,170,54,162
Lincolnshire,lincolnshire,2021/22,Public order offences,218,497,231,512
Lincolnshire,lincolnshire,2021/22,Robbery,2,31,3,39
Lincolnshire,lincolnshire,2021/22,Sexual offences,22,87,22,139
Lincolnshire,lincolnshire,2021/22,Theft offences,169,844,184,939
Lincolnshire,lincolnshire,2021/22,Violence against the person,463,1191,506,1266
Lincolnshire,lincolnshire,2022/23,Criminal damage and arson,238,272,248,277
Lincolnshire,lincolnshire,2022/23,Drug offences,489,316,496,335
Lincolnshire,lincolnshire,2022/23,Fraud offences to 2012/13,0,0,0,0
Lincolnshire,lincolnshire,2022/23,Miscellaneous crimes against society,38,99,43,121
Lincolnshire,lincolnshire,2022/23,Possession of weapons offences,60,186,60,197
Lincolnshire,lincolnshire,2022/23,Public order offences,246,508,243,521
Lincolnshire,lincolnshire,2022/23,Robbery,3,49,3,52
Lincolnshire,lincolnshire,2022/23,Sexual offences,15,125,15,170
Lincolnshire,lincolnshire,2022/23,Theft offences,208,1665,212,1721
Lincolnshire,lincolnshire,2022/23,Violence against the person,570,1251,591,1352
Lincolnshire,lincolnshire,2023/24,Criminal damage and arson,224,293,237,315
Lincolnshire,lincolnshire,2023/24,Drug offences,312,435,350,457
Lincolnshire,lincolnshire,2023/24,Fraud offences to 2012/13,0,0,0,0
Lincolnshire,lincolnshire,2023/24,Miscellaneous crimes against society,32,126,25,116
Lincolnshire,lincolnshire,2023/24,Possession of weapons offences,43,196,38,210
Lincolnshire,lincolnshire,2023/24,Public order offences,115,482,113,486
Lincolnshire,lincolnshire,2023/24,Robbery,4,59,3,55
Lincolnshire,lincolnshire,2023/24,Sexual offences,14,174,19,164
Lincolnshire,lincolnshire,2023/24,Theft offences,227,1861,236,1928
Lincolnshire,lincolnshire,2023/24,Violence against the person,529,1380,593,1459
Lincolnshire,lincolnshire,2024/25,Criminal damage and arson,189,307,164,276
Lincolnshire,lincolnshire,2024/25,Drug offences,300,366,269,337
Lincolnshire,lincolnshire,2024/25,Fraud offences to 2012/13,0,0,0,0
Lincolnshire,lincolnshire,2024/25,Miscellaneous crimes against society,37,120,28,107
Lincolnshire,lincolnshire,2024/25,Possession of weapons offences,36,207,43,191
Lincolnshire,lincolnshire,2024/25,Public order offences,95,645,90,638
Lincolnshire,lincolnshire,2024/25,Robbery,1,50,1,50
Lincolnshire,lincolnshire,2024/25,Sexual offences,15,180,16,138
Lincolnshire,lincolnshire,2024/25,Theft offences,220,2195,206,2175
Lincolnshire,lincolnshire,2024/25,Violence against the person,599,1535,563,1429
Lincolnshire,lincolnshire,2025/26,Criminal damage and arson,167,283,144,268
Lincolnshire,lincolnshire,2025/26,Drug offences,268,365,227,270
Lincolnshire,lincolnshire,2025/26,Fraud offences to 2012/13,0,0,0,0
Lincolnshire,lincolnshire,2025/26,Miscellaneous crimes against society,31,155,20,83
Lincolnshire,lincolnshire,2025/26,Possession of weapons offences,40,168,30,149
Lincolnshire,lincolnshire,2025/26,Public order offences,82,835,69,794
Lincolnshire,lincolnshire,2025/26,Robbery,3,89,4,84
Lincolnshire,lincolnshire,2025/26,Sexual offences,20,209,9,82
Lincolnshire,lincolnshire,2025/26,Theft offences,178,2583,163,2405
Lincolnshire,lincolnshire,2025/26,Violence against the person,580,1352,480,1155
Merseyside,merseyside,2014/15,Criminal damage and arson,708,1119,724,1088
Merseyside,merseyside,2014/15,Drug offences,4786,3205,4707,3121
Merseyside,merseyside,2014/15,Fraud offences to 2012/13,0,0,0,0
Merseyside,merseyside,2014/15,Miscellaneous crimes against society,61,592,66,620
Merseyside,merseyside,2014/15,Possession of weapons offences,96,394,95,400
Merseyside,merseyside,2014/15,Public order offences,506,1340,523,1380
Merseyside,merseyside,2014/15,Robbery,1,247,4,200
Merseyside,merseyside,2014/15,Sexual offences,26,403,26,477
Merseyside,merseyside,2014/15,Theft offences,2432,5564,2429,5037
Merseyside,merseyside,2014/15,Violence against the person,1466,4885,1455,4961
Merseyside,merseyside,2015/16,Criminal damage and arson,617,1005,624,1029
Merseyside,merseyside,2015/16,Drug offences,3062,2307,3053,2337
Merseyside,merseyside,2015/16,Fraud offences to 2012/13,0,0,0,0
Merseyside,merseyside,2015/16,Miscellaneous crimes against society,65,611,66,602
Merseyside,merseyside,2015/16,Possession of weapons offences,59,388,65,409
Merseyside,merseyside,2015/16,Public order offences,337,1051,321,1036
Merseyside,merseyside,2015/16,Robbery,8,178,6,166
Merseyside,merseyside,2015/16,Sexual offences,17,469,21,467
Merseyside,merseyside,2015/16,Theft offences,1924,4230,1891,4180
Merseyside,merseyside,2015/16,Violence against the person,1213,4994,1223,5058
Merseyside,merseyside,2016/17,Criminal damage and arson,542,970,503,946
Merseyside,merseyside,2016/17,Drug offences,2796,2243,2837,2342
Merseyside,merseyside,2016/17,Fraud offences to 2012/13,0,0,0,0
Merseyside,merseyside,2016/17,Miscellaneous crimes against society,59,556,54,532
Merseyside,merseyside,2016/17,Possession of weapons offences,51,368,43,370
Merseyside,merseyside,2016/17,Public order offences,261,1006,270,1020
Merseyside,merseyside,2016/17,Robbery,8,134,8,141
Merseyside,merseyside,2016/17,Sexual offences,25,368,19,321
Merseyside,merseyside,2016/17,Theft offences,1357,3779,1355,3755
Merseyside,merseyside,2016/17,Violence against the person,1063,4722,1063,4676
Merseyside,merseyside,2017/18,Criminal damage and arson,453,1066,462,1047
Merseyside,merseyside,2017/18,Drug offences,3415,2521,3408,2552
Merseyside,merseyside,2017/18,Fraud offences to 2012/13,0,0,0,0
Merseyside,merseyside,2017/18,Miscellaneous crimes against society,50,547,44,520
Merseyside,merseyside,2017/18,Possession of weapons offences,58,468,64,456
Merseyside,merseyside,2017/18,Public order offences,281,1122,262,1099
Merseyside,merseyside,2017/18,Robbery,5,133,4,140
Merseyside,merseyside,2017/18,Sexual offences,27,294,35,346
Merseyside,merseyside,2017/18,Theft offences,942,3612,917,3512
Merseyside,merseyside,2017/18,Violence against the person,1023,4543,1002,4542
Merseyside,merseyside,2018/19,Criminal damage and arson,373,858,348,925
Merseyside,merseyside,2018/19,Drug offences,4162,2942,4319,3138
Merseyside,merseyside,2018/19,Fraud offences to 2012/13,0,0,0,0
Merseyside,merseyside,2018/19,Miscellaneous crimes against society,48,543,50,566
Merseyside,merseyside,2018/19,Possession of weapons offences,68,557,71,600
Merseyside,merseyside,2018/19,Public order offences,282,1297,282,1360
Merseyside,merseyside,2018/19,Robbery,4,184,4,181
Merseyside,merseyside,2018/19,Sexual offences,42,265,36,280
Merseyside,merseyside,2018/19,Theft offences,713,3399,717,3625
Merseyside,merseyside,2018/19,Violence against the person,966,4525,980,4768
Merseyside,merseyside,2019/20,Criminal damage and arson,297,861,319,901
Merseyside,merseyside,2019/20,Drug offences,5943,3518,6176,3861
Merseyside,merseyside,2019/20,Fraud offences to 2012/13,0,0,0,0
Merseyside,merseyside,2019/20,Miscellaneous crimes against society,29,464,36,493
Merseyside,merseyside,2019/20,Possession of weapons offences,85,595,82,660
Merseyside,merseyside,2019/20,Public order offences,235,1329,255,1423
Merseyside,merseyside,2019/20,Robbery,3,120,3,139
Merseyside,merseyside,2019/20,Sexual offences,17,273,19,284
Merseyside,merseyside,2019/20,Theft offences,522,3004,515,3104
Merseyside,merseyside,2019/20,Violence against the person,774,4411,785,4614
Merseyside,merseyside,2020/21,Criminal damage and arson,296,902,273,821
Merseyside,merseyside,2020/21,Drug offences,7323,3482,7609,3211
Merseyside,merseyside,2020/21,Fraud offences to 2012/13,0,0,0,0
Merseyside,merseyside,2020/21,Miscellaneous crimes against society,91,565,99,602
Merseyside,merseyside,2020/21,Possession of weapons offences,69,701,76,634
Merseyside,merseyside,2020/21,Public order offences,310,1619,300,1539
Merseyside,merseyside,2020/21,Robbery,8,131,9,105
Merseyside,merseyside,2020/21,Sexual offences,28,327,26,270
Merseyside,merseyside,2020/21,Theft offences,371,2267,357,1943
Merseyside,merseyside,2020/21,Violence against the person,981,5164,986,4890
Merseyside,merseyside,2021/22,Criminal damage and arson,318,689,335,720
Merseyside,merseyside,2021/22,Drug offences,7395,2951,7069,3094
Merseyside,merseyside,2021/22,Fraud offences to 2012/13,0,0,0,0
Merseyside,merseyside,2021/22,Miscellaneous crimes against society,212,467,249,523
Merseyside,merseyside,2021/22,Possession of weapons offences,107,481,112,520
Merseyside,merseyside,2021/22,Public order offences,452,1421,479,1507
Merseyside,merseyside,2021/22,Robbery,6,82,6,90
Merseyside,merseyside,2021/22,Sexual offences,99,241,104,381
Merseyside,merseyside,2021/22,Theft offences,392,1832,423,2010
Merseyside,merseyside,2021/22,Violence against the person,1661,4059,1702,4491
Merseyside,merseyside,2022/23,Criminal damage and arson,341,686,325,740
Merseyside,merseyside,2022/23,Drug offences,6785,3421,6848,3481
Merseyside,merseyside,2022/23,Fraud offences to 2012/13,0,0,0,0
Merseyside,merseyside,2022/23,Miscellaneous crimes against society,262,598,246,635
Merseyside,merseyside,2022/23,Possession of weapons offences,122,562,133,545
Merseyside,merseyside,2022/23,Public order offences,479,1478,464,1562
Merseyside,merseyside,2022/23,Robbery,5,113,7,122
Merseyside,merseyside,2022/23,Sexual offences,129,421,132,433
Merseyside,merseyside,2022/23,Theft offences,456,2341,458,2395
Merseyside,merseyside,2022/23,Violence against the person,1584,4372,1588,4442
Merseyside,merseyside,2023/24,Criminal damage and arson,199,734,222,775
Merseyside,merseyside,2023/24,Drug offences,5670,3718,5775,3917
Merseyside,merseyside,2023/24,Fraud offences to 2012/13,0,0,0,0
Merseyside,merseyside,2023/24,Miscellaneous crimes against society,193,503,182,538
Merseyside,merseyside,2023/24,Possession of weapons offences,75,577,63,604
Merseyside,merseyside,2023/24,Public order offences,315,1654,304,1715
Merseyside,merseyside,2023/24,Robbery,6,132,3,136
Merseyside,merseyside,2023/24,Sexual offences,82,430,79,417
Merseyside,merseyside,2023/24,Theft offences,362,3073,355,3504
Merseyside,merseyside,2023/24,Violence against the person,1112,4475,1118,4908
Merseyside,merseyside,2024/25,Criminal damage and arson,215,785,196,762
Merseyside,merseyside,2024/25,Drug offences,6629,4341,6532,4254
Merseyside,merseyside,2024/25,Fraud offences to 2012/13,0,0,0,0
Merseyside,merseyside,2024/25,Miscellaneous crimes against society,119,636,118,594
Merseyside,merseyside,2024/25,Possession of weapons offences,52,614,57,632
Merseyside,merseyside,2024/25,Public order offences,209,1751,212,1741
Merseyside,merseyside,2024/25,Robbery,2,155,3,164
Merseyside,merseyside,2024/25,Sexual offences,110,506,134,516
Merseyside,merseyside,2024/25,Theft offences,309,3479,290,2966
Merseyside,merseyside,2024/25,Violence against the person,865,5214,844,4965
Merseyside,merseyside,2025/26,Criminal damage and arson,175,780,142,632
Merseyside,merseyside,2025/26,Drug offences,7712,4475,7280,3567
Merseyside,merseyside,2025/26,Fraud offences to 2012/13,0,0,0,0
Merseyside,merseyside,2025/26,Miscellaneous crimes against society,140,704,135,477
Merseyside,merseyside,2025/26,Possession of weapons offences,56,686,36,567
Merseyside,merseyside,2025/26,Public order offences,158,1951,131,1669
Merseyside,merseyside,2025/26,Robbery,4,293,5,243
Merseyside,merseyside,2025/26,Sexual offences,119,665,87,353
Merseyside,merseyside,2025/26,Theft offences,283,3154,276,2932
Merseyside,merseyside,2025/26,Violence against the person,749,5339,623,4329
Metropolitan Police,metropolitan-police,2014/15,Criminal damage and arson,3671,5461,873,1400
Metropolitan Police,metropolitan-police,2014/15,Drug offences,25054,14391,6047,3380
Metropolitan Police,metropolitan-police,2014/15,Fraud offences to 2012/13,1,88,0,0
Metropolitan Police,metropolitan-police,2014/15,Miscellaneous crimes against society,675,3632,307,830
Metropolitan Police,metropolitan-police,2014/15,Possession of weapons offences,628,3006,177,766
Metropolitan Police,metropolitan-police,2014/15,Public order offences,2407,8216,568,1956
Metropolitan Police,metropolitan-police,2014/15,Robbery,132,2798,31,582
Metropolitan Police,metropolitan-police,2014/15,Sexual offences,204,1888,48,342
Metropolitan Police,metropolitan-police,2014/15,Theft offences,8780,23197,2082,5401
Metropolitan Police,metropolitan-police,2014/15,Violence against the person,14907,27218,4054,6615
Metropolitan Police,metropolitan-police,2015/16,Criminal damage and arson,3624,6053,3569,6002
Metropolitan Police,metropolitan-police,2015/16,Drug offences,23179,14720,23310,14838
Metropolitan Police,metropolitan-police,2015/16,Fraud offences to 2012/13,0,0,0,0
Metropolitan Police,metropolitan-police,2015/16,Miscellaneous crimes against society,1458,3994,1457,3968
Metropolitan Police,metropolitan-police,2015/16,Possession of weapons offences,765,3664,785,3707
Metropolitan Police,metropolitan-police,2015/16,Public order offences,2398,8342,2335,8147
Metropolitan Police,metropolitan-police,2015/16,Robbery,129,2608,126,2311
Metropolitan Police,metropolitan-police,2015/16,Sexual offences,229,3288,204,2590
Metropolitan Police,metropolitan-police,2015/16,Theft offences,8128,23632,7979,22468
Metropolitan Police,metropolitan-police,2015/16,Violence against the person,16041,31133,15603,30201
Metropolitan Police,metropolitan-police,2016/17,Criminal damage and arson,2951,5263,2850,5075
Metropolitan Police,metropolitan-police,2016/17,Drug offences,22375,14300,22163,14096
Metropolitan Police,metropolitan-police,2016/17,Fraud offences to 2012/13,0,0,0,0
Metropolitan Police,metropolitan-police,2016/17,Miscellaneous crimes against society,1506,3731,1496,3806
Metropolitan Police,metropolitan-police,2016/17,Possession of weapons offences,793,3991,820,3963
Metropolitan Police,metropolitan-police,2016/17,Public order offences,1731,7410,1714,7265
Metropolitan Police,metropolitan-police,2016/17,Robbery,95,2170,92,2065
Metropolitan Police,metropolitan-police,2016/17,Sexual offences,162,2412,169,2096
Metropolitan Police,metropolitan-police,2016/17,Theft offences,6260,20488,6036,19437
Metropolitan Police,metropolitan-police,2016/17,Violence against the person,11895,27774,11539,27136
Metropolitan Police,metropolitan-police,2017/18,Criminal damage and arson,2249,4020,2345,4008
Metropolitan Police,metropolitan-police,2017/18,Drug offences,20167,12312,20621,12460
Metropolitan Police,metropolitan-police,2017/18,Fraud offences to 2012/13,0,0,0,0
Metropolitan Police,metropolitan-police,2017/18,Miscellaneous crimes against society,1373,3235,1388,3161
Metropolitan Police,metropolitan-police,2017/18,Possession of weapons offences,711,4037,716,4172
Metropolitan Police,metropolitan-police,2017/18,Public order offences,1186,5893,1250,5935
Metropolitan Police,metropolitan-police,2017/18,Robbery,104,2105,96,2183
Metropolitan Police,metropolitan-police,2017/18,Sexual offences,139,2149,126,1811
Metropolitan Police,metropolitan-police,2017/18,Theft offences,4440,15859,4533,15725
Metropolitan Police,metropolitan-police,2017/18,Violence against the person,7952,21961,8479,23437
Metropolitan Police,metropolitan-police,2018/19,Criminal damage and arson,2084,3359,2054,3401
Metropolitan Police,metropolitan-police,2018/19,Drug offences,20341,11492,22255,12436
Metropolitan Police,metropolitan-police,2018/19,Fraud offences to 2012/13,0,0,0,0
Metropolitan Police,metropolitan-police,2018/19,Miscellaneous crimes against society,1136,2496,1141,2789
Metropolitan Police,metropolitan-police,2018/19,Possession of weapons offences,684,3961,708,4235
Metropolitan Police,metropolitan-police,2018/19,Public order offences,1262,4881,1237,4937
Metropolitan Police,metropolitan-police,2018/19,Robbery,63,1974,76,2014
Metropolitan Police,metropolitan-police,2018/19,Sexual offences,81,1448,79,1529
Metropolitan Police,metropolitan-police,2018/19,Theft offences,4181,12470,4269,12634
Metropolitan Police,metropolitan-police,2018/19,Violence against the person,6989,21233,6477,20234
Metropolitan Police,metropolitan-police,2019/20,Criminal damage and arson,1565,2901,1656,3073
Metropolitan Police,metropolitan-police,2019/20,Drug offences,30773,12969,30985,13750
Metropolitan Police,metropolitan-police,2019/20,Fraud offences to 2012/13,0,0,0,0
Metropolitan Police,metropolitan-police,2019/20,Miscellaneous crimes against society,986,2333,990,2682
Metropolitan Police,metropolitan-police,2019/20,Possession of weapons offences,613,3871,641,3932
Metropolitan Police,metropolitan-police,2019/20,Public order offences,1053,4323,1094,4720
Metropolitan Police,metropolitan-police,2019/20,Robbery,66,2294,86,2467
Metropolitan Police,metropolitan-police,2019/20,Sexual offences,54,1297,55,1498
Metropolitan Police,metropolitan-police,2019/20,Theft offences,3606,11166,3555,11160
Metropolitan Police,metropolitan-police,2019/20,Violence against the person,4635,16903,4861,18568
Metropolitan Police,metropolitan-police,2020/21,Criminal damage and arson,1718,3461,1525,3259
Metropolitan Police,metropolitan-police,2020/21,Drug offences,37008,15329,35807,15196
Metropolitan Police,metropolitan-police,2020/21,Fraud offences to 2012/13,0,0,0,0
Metropolitan Police,metropolitan-police,2020/21,Miscellaneous crimes against society,372,2981,352,3138
Metropolitan Police,metropolitan-police,2020/21,Possession of weapons offences,557,4106,474,3964
Metropolitan Police,metropolitan-police,2020/21,Public order offences,1261,5425,1191,5218
Metropolitan Police,metropolitan-police,2020/21,Robbery,95,2113,61,1935
Metropolitan Police,metropolitan-police,2020/21,Sexual offences,55,1638,44,1552
Metropolitan Police,metropolitan-police,2020/21,Theft offences,2551,9556,2220,8259
Metropolitan Police,metropolitan-police,2020/21,Violence against the person,4845,20181,4483,19042
Metropolitan Police,metropolitan-police,2021/22,Criminal damage and arson,1738,2728,1757,2697
Metropolitan Police,metropolitan-police,2021/22,Drug offences,28702,12259,28093,11948
Metropolitan Police,metropolitan-police,2021/22,Fraud offences to 2012/13,0,0,0,0
Metropolitan Police,metropolitan-police,2021/22,Miscellaneous crimes against society,689,2841,706,2767
Metropolitan Police,metropolitan-police,2021/22,Possession of weapons offences,460,3507,506,3506
Metropolitan Police,metropolitan-police,2021/22,Public order offences,1181,4870,1249,5141
Metropolitan Police,metropolitan-police,2021/22,Robbery,51,1939,53,1884
Metropolitan Police,metropolitan-police,2021/22,Sexual offences,48,1598,48,1884
Metropolitan Police,metropolitan-police,2021/22,Theft offences,2331,7499,2433,7928
Metropolitan Police,metropolitan-police,2021/22,Violence against the person,4947,16592,5208,16971
Metropolitan Police,metropolitan-police,2022/23,Criminal damage and arson,1449,2348,1420,2294
Metropolitan Police,metropolitan-police,2022/23,Drug offences,21844,10470,21429,9852
Metropolitan Police,metropolitan-police,2022/23,Fraud offences to 2012/13,0,0,0,0
Metropolitan Police,metropolitan-police,2022/23,Miscellaneous crimes against society,1065,2696,1063,2589
Metropolitan Police,metropolitan-police,2022/23,Possession of weapons offences,534,3636,494,3601
Metropolitan Police,metropolitan-police,2022/23,Public order offences,986,4512,925,4213
Metropolitan Police,metropolitan-police,2022/23,Robbery,55,2111,51,1992
Metropolitan Police,metropolitan-police,2022/23,Sexual offences,71,2124,75,2167
Metropolitan Police,metropolitan-police,2022/23,Theft offences,2548,8399,2569,8237
Metropolitan Police,metropolitan-police,2022/23,Violence against the person,4809,16127,4427,15463
Metropolitan Police,metropolitan-police,2023/24,Criminal damage and arson,1155,1999,1085,2107
Metropolitan Police,metropolitan-police,2023/24,Drug offences,15737,8253,15674,7857
Metropolitan Police,metropolitan-police,2023/24,Fraud offences to 2012/13,0,0,0,0
Metropolitan Police,metropolitan-police,2023/24,Miscellaneous crimes against society,633,2135,611,1992
Metropolitan Police,metropolitan-police,2023/24,Possession of weapons offences,415,3169,364,3187
Metropolitan Police,metropolitan-police,2023/24,Public order offences,703,3737,554,3971
Metropolitan Police,metropolitan-police,2023/24,Robbery,49,1738,43,1841
Metropolitan Police,metropolitan-police,2023/24,Sexual offences,60,2193,51,2059
Metropolitan Police,metropolitan-police,2023/24,Theft offences,2386,8535,2354,8867
Metropolitan Police,metropolitan-police,2023/24,Violence against the person,3700,13765,3390,14669
Metropolitan Police,metropolitan-police,2024/25,Criminal damage and arson,868,1764,867,2143
Metropolitan Police,metropolitan-police,2024/25,Drug offences,16782,6784,16940,8234
Metropolitan Police,metropolitan-police,2024/25,Fraud offences to 2012/13,0,0,0,0
Metropolitan Police,metropolitan-police,2024/25,Miscellaneous crimes against society,614,1726,612,1576
Metropolitan Police,metropolitan-police,2024/25,Possession of weapons offences,236,2307,253,2990
Metropolitan Police,metropolitan-police,2024/25,Public order offences,446,3381,487,4234
Metropolitan Police,metropolitan-police,2024/25,Robbery,58,1708,62,2039
Metropolitan Police,metropolitan-police,2024/25,Sexual offences,45,2014,64,2146
Metropolitan Police,metropolitan-police,2024/25,Theft offences,2419,10114,2420,11839
Metropolitan Police,metropolitan-police,2024/25,Violence against the person,2768,12205,2779,15929
Metropolitan Police,metropolitan-police,2025/26,Criminal damage and arson,882,3253,708,2514
Metropolitan Police,metropolitan-police,2025/26,Drug offences,18003,13283,16904,9717
Metropolitan Police,metropolitan-police,2025/26,Fraud offences to 2012/13,0,0,0,0
Metropolitan Police,metropolitan-police,2025/26,Miscellaneous crimes against society,836,3733,757,2364
Metropolitan Police,metropolitan-police,2025/26,Possession of weapons offences,277,4844,180,3553
Metropolitan Police,metropolitan-police,2025/26,Public order offences,595,6880,441,5245
Metropolitan Police,metropolitan-police,2025/26,Robbery,92,2919,77,2048
Metropolitan Police,metropolitan-police,2025/26,Sexual offences,60,3853,30,1806
Metropolitan Police,metropolitan-police,2025/26,Theft offences,2707,16456,2504,13345
Metropolitan Police,metropolitan-police,2025/26,Violence against the person,2950,22953,2237,15819
Norfolk,norfolk,2014/15,Criminal damage and arson,765,881,771,903
Norfolk,norfolk,2014/15,Drug offences,1507,895,1500,901
Norfolk,norfolk,2014/15,Fraud offences to 2012/13,0,0,0,0
Norfolk,norfolk,2014/15,Miscellaneous crimes against society,79,249,87,262
Norfolk,norfolk,2014/15,Possession of weapons offences,56,175,59,177
Norfolk,norfolk,2014/15,Public order offences,654,989,676,1016
Norfolk,norfolk,2014/15,Robbery,1,65,1,61
Norfolk,norfolk,2014/15,Sexual offences,43,339,51,379
Norfolk,norfolk,2014/15,Theft offences,1352,2694,1356,2739
Norfolk,norfolk,2014/15,Violence against the person,1888,3197,1911,3240
Norfolk,norfolk,2015/16,Criminal damage and arson,709,785,679,791
Norfolk,norfolk,2015/16,Drug offences,1093,744,1089,777
Norfolk,norfolk,2015/16,Fraud offences to 2012/13,0,0,0,0
Norfolk,norfolk,2015/16,Miscellaneous crimes against society,86,252,89,320
Norfolk,norfolk,2015/16,Possession of weapons offences,53,170,53,173
Norfolk,norfolk,2015/16,Public order offences,535,797,528,816
Norfolk,norfolk,2015/16,Robbery,1,66,1,78
Norfolk,norfolk,2015/16,Sexual offences,50,328,44,302
Norfolk,norfolk,2015/16,Theft offences,1208,2477,1197,2443
Norfolk,norfolk,2015/16,Violence against the person,1889,3067,1898,3130
Norfolk,norfolk,2016/17,Criminal damage and arson,496,773,492,727
Norfolk,norfolk,2016/17,Drug offences,1027,815,985,853
Norfolk,norfolk,2016/17,Fraud offences to 2012/13,0,0,0,0
Norfolk,norfolk,2016/17,Miscellaneous crimes against society,70,419,68,412
Norfolk,norfolk,2016/17,Possession of weapons offences,45,224,47,229
Norfolk,norfolk,2016/17,Public order offences,397,947,387,906
Norfolk,norfolk,2016/17,Robbery,3,83,5,77
Norfolk,norfolk,2016/17,Sexual offences,50,222,54,247
Norfolk,norfolk,2016/17,Theft offences,1138,2871,1133,2860
Norfolk,norfolk,2016/17,Violence against the person,1512,2941,1471,2848
Norfolk,norfolk,2017/18,Criminal damage and arson,433,675,411,676
Norfolk,norfolk,2017/18,Drug offences,824,854,859,884
Norfolk,norfolk,2017/18,Fraud offences to 2012/13,0,0,0,0
Norfolk,norfolk,2017/18,Miscellaneous crimes against society,62,343,59,374
Norfolk,norfolk,2017/18,Possession of weapons offences,33,229,32,238
Norfolk,norfolk,2017/18,Public order offences,330,978,329,1005
Norfolk,norfolk,2017/18,Robbery,4,74,4,75
Norfolk,norfolk,2017/18,Sexual offences,31,226,31,250
Norfolk,norfolk,2017/18,Theft offences,986,2420,967,2442
Norfolk,norfolk,2017/18,Violence against the person,1219,2751,1214,2804
Norfolk,norfolk,2018/19,Criminal damage and arson,363,590,374,601
Norfolk,norfolk,2018/19,Drug offences,1030,940,1020,1033
Norfolk,norfolk,2018/19,Fraud offences to 2012/13,0,0,0,0
Norfolk,norfolk,2018/19,Miscellaneous crimes against society,29,347,28,360
Norfolk,norfolk,2018/19,Possession of weapons offences,42,329,43,344
Norfolk,norfolk,2018/19,Public order offences,291,970,281,982
Norfolk,norfolk,2018/19,Robbery,5,56,3,73
Norfolk,norfolk,2018/19,Sexual offences,33,186,29,227
Norfolk,norfolk,2018/19,Theft offences,835,2143,829,2095
Norfolk,norfolk,2018/19,Violence against the person,1045,2571,1028,2686
Norfolk,norfolk,2019/20,Criminal damage and arson,361,670,377,676
Norfolk,norfolk,2019/20,Drug offences,1213,1070,1218,1133
Norfolk,norfolk,2019/20,Fraud offences to 2012/13,0,0,0,0
Norfolk,norfolk,2019/20,Miscellaneous crimes against society,38,311,43,340
Norfolk,norfolk,2019/20,Possession of weapons offences,62,283,67,277
Norfolk,norfolk,2019/20,Public order offences,331,894,336,880
Norfolk,norfolk,2019/20,Robbery,1,67,1,64
Norfolk,norfolk,2019/20,Sexual offences,18,189,24,230
Norfolk,norfolk,2019/20,Theft offences,653,2179,627,2157
Norfolk,norfolk,2019/20,Violence against the person,862,2610,880,2634
Norfolk,norfolk,2020/21,Criminal damage and arson,327,541,292,525
Norfolk,norfolk,2020/21,Drug offences,1399,1091,1427,1049
Norfolk,norfolk,2020/21,Fraud offences to 2012/13,0,0,0,0
Norfolk,norfolk,2020/21,Miscellaneous crimes against society,58,289,52,326
Norfolk,norfolk,2020/21,Possession of weapons offences,62,262,58,269
Norfolk,norfolk,2020/21,Public order offences,298,782,304,799
Norfolk,norfolk,2020/21,Robbery,1,47,1,37
Norfolk,norfolk,2020/21,Sexual offences,40,222,35,199
Norfolk,norfolk,2020/21,Theft offences,354,1359,315,1293
Norfolk,norfolk,2020/21,Violence against the person,892,2252,848,2267
Norfolk,norfolk,2021/22,Criminal damage and arson,308,466,327,475
Norfolk,norfolk,2021/22,Drug offences,1123,906,1105,892
Norfolk,norfolk,2021/22,Fraud offences to 2012/13,0,0,0,0
Norfolk,norfolk,2021/22,Miscellaneous crimes against society,51,292,60,307
Norfolk,norfolk,2021/22,Possession of weapons offences,80,227,88,231
Norfolk,norfolk,2021/22,Public order offences,335,728,347,783
Norfolk,norfolk,2021/22,Robbery,0,45,0,52
Norfolk,norfolk,2021/22,Sexual offences,31,240,30,270
Norfolk,norfolk,2021/22,Theft offences,369,1316,413,1316
Norfolk,norfolk,2021/22,Violence against the person,931,2532,987,2637
Norfolk,norfolk,2022/23,Criminal damage and arson,394,487,406,498
Norfolk,norfolk,2022/23,Drug offences,875,957,875,950
Norfolk,norfolk,2022/23,Fraud offences to 2012/13,0,0,0,0
Norfolk,norfolk,2022/23,Miscellaneous crimes against society,63,299,70,292
Norfolk,norfolk,2022/23,Possession of weapons offences,80,279,81,278
Norfolk,norfolk,2022/23,Public order offences,330,880,326,845
Norfolk,norfolk,2022/23,Robbery,1,61,5,56
Norfolk,norfolk,2022/23,Sexual offences,33,272,39,274
Norfolk,norfolk,2022/23,Theft offences,550,1533,562,1577
Norfolk,norfolk,2022/23,Violence against the person,1184,2625,1219,2636
Norfolk,norfolk,2023/24,Criminal damage and arson,405,520,393,511
Norfolk,norfolk,2023/24,Drug offences,756,925,751,922
Norfolk,norfolk,2023/24,Fraud offences to 2012/13,0,0,0,0
Norfolk,norfolk,2023/24,Miscellaneous crimes against society,70,315,56,310
Norfolk,norfolk,2023/24,Possession of weapons offences,84,264,80,258
Norfolk,norfolk,2023/24,Public order offences,302,614,288,592
Norfolk,norfolk,2023/24,Robbery,7,48,8,41
Norfolk,norfolk,2023/24,Sexual offences,32,264,28,301
Norfolk,norfolk,2023/24,Theft offences,558,2145,542,2153
Norfolk,norfolk,2023/24,Violence against the person,1413,2669,1419,2612
Norfolk,norfolk,2024/25,Criminal damage and arson,435,551,430,545
Norfolk,norfolk,2024/25,Drug offences,872,922,843,896
Norfolk,norfolk,2024/25,Fraud offences to 2012/13,0,0,0,0
Norfolk,norfolk,2024/25,Miscellaneous crimes against society,58,322,67,299
Norfolk,norfolk,2024/25,Possession of weapons offences,104,252,109,251
Norfolk,norfolk,2024/25,Public order offences,355,554,384,555
Norfolk,norfolk,2024/25,Robbery,10,57,6,59
Norfolk,norfolk,2024/25,Sexual offences,43,335,47,303
Norfolk,norfolk,2024/25,Theft offences,775,2462,762,2489
Norfolk,norfolk,2024/25,Violence against the person,1527,2627,1475,2597
Norfolk,norfolk,2025/26,Criminal damage and arson,395,485,358,429
Norfolk,norfolk,2025/26,Drug offences,800,874,764,657
Norfolk,norfolk,2025/26,Fraud offences to 2012/13,0,0,0,0
Norfolk,norfolk,2025/26,Miscellaneous crimes against society,67,384,49,213
Norfolk,norfolk,2025/26,Possession of weapons offences,93,285,75,253
Norfolk,norfolk,2025/26,Public order offences,431,686,389,621
Norfolk,norfolk,2025/26,Robbery,10,84,9,79
Norfolk,norfolk,2025/26,Sexual offences,50,442,39,178
Norfolk,norfolk,2025/26,Theft offences,651,2575,610,2357
Norfolk,norfolk,2025/26,Violence against the person,1476,2693,1396,2306
North Wales,north-wales,2014/15,Criminal damage and arson,507,806,509,813
North Wales,north-wales,2014/15,Drug offences,1048,582,1052,584
North Wales,north-wales,2014/15,Fraud offences to 2012/13,0,2,0,0
North Wales,north-wales,2014/15,Miscellaneous crimes against society,52,285,56,308
North Wales,north-wales,2014/15,Possession of weapons offences,40,144,42,147
North Wales,north-wales,2014/15,Public order offences,303,634,312,646
North Wales,north-wales,2014/15,Robbery,1,48,0,47
North Wales,north-wales,2014/15,Sexual offences,24,215,24,227
North Wales,north-wales,2014/15,Theft offences,1289,2852,1278,2793
North Wales,north-wales,2014/15,Violence against the person,1094,2403,1098,2417
North Wales,north-wales,2015/16,Criminal damage and arson,487,817,497,823
North Wales,north-wales,2015/16,Drug offences,770,553,765,553
North Wales,north-wales,2015/16,Fraud offences to 2012/13,0,0,0,0
North Wales,north-wales,2015/16,Miscellaneous crimes against society,31,298,35,311
North Wales,north-wales,2015/16,Possession of weapons offences,46,134,44,137
North Wales,north-wales,2015/16,Public order offences,266,703,274,705
North Wales,north-wales,2015/16,Robbery,1,35,1,39
North Wales,north-wales,2015/16,Sexual offences,22,215,26,225
North Wales,north-wales,2015/16,Theft offences,1041,2544,1017,2570
North Wales,north-wales,2015/16,Violence against the person,1100,2406,1152,2416
North Wales,north-wales,2016/17,Criminal damage and arson,452,676,420,673
North Wales,north-wales,2016/17,Drug offences,632,496,647,513
North Wales,north-wales,2016/17,Fraud offences to 2012/13,0,0,0,0
North Wales,north-wales,2016/17,Miscellaneous crimes against society,29,376,23,373
North Wales,north-wales,2016/17,Possession of weapons offences,33,131,35,132
North Wales,north-wales,2016/17,Public order offences,174,612,170,632
North Wales,north-wales,2016/17,Robbery,0,30,0,38
North Wales,north-wales,2016/17,Sexual offences,23,238,14,229
North Wales,north-wales,2016/17,Theft offences,798,2229,799,2258
North Wales,north-wales,2016/17,Violence against the person,1013,2258,984,2346
North Wales,north-wales,2017/18,Criminal damage and arson,286,591,316,588
North Wales,north-wales,2017/18,Drug offences,582,475,609,594
North Wales,north-wales,2017/18,Fraud offences to 2012/13,0,0,0,0
North Wales,north-wales,2017/18,Miscellaneous crimes against society,16,320,16,330
North Wales,north-wales,2017/18,Possession of weapons offences,18,130,22,143
North Wales,north-wales,2017/18,Public order offences,156,684,156,695
North Wales,north-wales,2017/18,Robbery,1,50,1,46
North Wales,north-wales,2017/18,Sexual offences,11,214,16,231
North Wales,north-wales,2017/18,Theft offences,596,1891,636,1918
North Wales,north-wales,2017/18,Violence against the person,612,2480,651,2541
North Wales,north-wales,2018/19,Criminal damage and arson,257,603,254,641
North Wales,north-wales,2018/19,Drug offences,559,522,582,545
North Wales,north-wales,2018/19,Fraud offences to 2012/13,0,0,0,0
North Wales,north-wales,2018/19,Miscellaneous crimes against society,13,297,16,281
North Wales,north-wales,2018/19,Possession of weapons offences,21,147,26,146
North Wales,north-wales,2018/19,Public order offences,153,640,168,684
North Wales,north-wales,2018/19,Robbery,0,45,0,42
North Wales,north-wales,2018/19,Sexual offences,11,237,13,223
North Wales,north-wales,2018/19,Theft offences,544,1762,538,1879
North Wales,north-wales,2018/19,Violence against the person,573,2328,565,2400
North Wales,north-wales,2019/20,Criminal damage and arson,274,503,291,505
North Wales,north-wales,2019/20,Drug offences,649,563,647,629
North Wales,north-wales,2019/20,Fraud offences to 2012/13,0,0,0,0
North Wales,north-wales,2019/20,Miscellaneous crimes against society,15,271,19,277
North Wales,north-wales,2019/20,Possession of weapons offences,36,192,27,193
North Wales,north-wales,2019/20,Public order offences,182,741,182,734
North Wales,north-wales,2019/20,Robbery,0,42,0,48
North Wales,north-wales,2019/20,Sexual offences,11,217,11,213
North Wales,north-wales,2019/20,Theft offences,472,1678,433,1589
North Wales,north-wales,2019/20,Violence against the person,611,2136,630,2272
North Wales,north-wales,2020/21,Criminal damage and arson,262,580,236,534
North Wales,north-wales,2020/21,Drug offences,693,744,732,772
North Wales,north-wales,2020/21,Fraud offences to 2012/13,0,0,0,0
North Wales,north-wales,2020/21,Miscellaneous crimes against society,20,265,18,254
North Wales,north-wales,2020/21,Possession of weapons offences,18,147,20,145
North Wales,north-wales,2020/21,Public order offences,186,867,183,866
North Wales,north-wales,2020/21,Robbery,1,31,1,25
North Wales,north-wales,2020/21,Sexual offences,10,212,6,184
North Wales,north-wales,2020/21,Theft offences,257,1132,243,1028
North Wales,north-wales,2020/21,Violence against the person,624,2212,611,2130
North Wales,north-wales,2021/22,Criminal damage and arson,248,419,296,460
North Wales,north-wales,2021/22,Drug offences,563,704,542,644
North Wales,north-wales,2021/22,Fraud offences to 2012/13,0,0,0,0
North Wales,north-wales,2021/22,Miscellaneous crimes against society,29,236,33,221
North Wales,north-wales,2021/22,Possession of weapons offences,32,134,35,134
North Wales,north-wales,2021/22,Public order offences,241,783,297,813
North Wales,north-wales,2021/22,Robbery,2,32,2,33
North Wales,north-wales,2021/22,Sexual offences,20,146,28,208
North Wales,north-wales,2021/22,Theft offences,305,897,372,962
North Wales,north-wales,2021/22,Violence against the person,708,2108,873,2329
North Wales,north-wales,2022/23,Criminal damage and arson,282,496,261,515
North Wales,north-wales,2022/23,Drug offences,485,603,520,591
North Wales,north-wales,2022/23,Fraud offences to 2012/13,0,0,0,0
North Wales,north-wales,2022/23,Miscellaneous crimes against society,47,186,49,195
North Wales,north-wales,2022/23,Possession of weapons offences,32,156,37,162
North Wales,north-wales,2022/23,Public order offences,241,731,266,748
North Wales,north-wales,2022/23,Robbery,3,19,3,20
North Wales,north-wales,2022/23,Sexual offences,26,210,21,205
North Wales,north-wales,2022/23,Theft offences,453,1137,501,1237
North Wales,north-wales,2022/23,Violence against the person,808,2305,894,2383
North Wales,north-wales,2023/24,Criminal damage and arson,270,494,264,460
North Wales,north-wales,2023/24,Drug offences,434,463,421,423
North Wales,north-wales,2023/24,Fraud offences to 2012/13,0,0,0,0
North Wales,north-wales,2023/24,Miscellaneous crimes against society,56,206,61,223
North Wales,north-wales,2023/24,Possession of weapons offences,32,167,26,169
North Wales,north-wales,2023/24,Public order offences,249,646,196,621
North Wales,north-wales,2023/24,Robbery,4,21,4,25
North Wales,north-wales,2023/24,Sexual offences,17,195,23,167
North Wales,north-wales,2023/24,Theft offences,627,1476,631,1543
North Wales,north-wales,2023/24,Violence against the person,999,2356,871,2224
North Wales,north-wales,2024/25,Criminal damage and arson,250,466,260,466
North Wales,north-wales,2024/25,Drug offences,541,507,547,488
North Wales,north-wales,2024/25,Fraud offences to 2012/13,0,0,0,0
North Wales,north-wales,2024/25,Miscellaneous crimes against society,42,200,37,171
North Wales,north-wales,2024/25,Possession of weapons offences,34,141,43,142
North Wales,north-wales,2024/25,Public order offences,220,580,220,568
North Wales,north-wales,2024/25,Robbery,2,24,3,18
North Wales,north-wales,2024/25,Sexual offences,30,173,27,172
North Wales,north-wales,2024/25,Theft offences,557,1696,579,1649
North Wales,north-wales,2024/25,Violence against the person,778,2188,825,2087
North Wales,north-wales,2025/26,Criminal damage and arson,354,472,318,438
North Wales,north-wales,2025/26,Drug offences,754,692,670,552
North Wales,north-wales,2025/26,Fraud offences to 2012/13,0,0,0,0
North Wales,north-wales,2025/26,Miscellaneous crimes against society,58,294,51,241
North Wales,north-wales,2025/26,Possession of weapons offences,63,197,56,172
North Wales,north-wales,2025/26,Public order offences,309,562,298,492
North Wales,north-wales,2025/26,Robbery,3,33,2,31
North Wales,north-wales,2025/26,Sexual offences,19,248,20,117
North Wales,north-wales,2025/26,Theft offences,682,2090,605,2003
North Wales,north-wales,2025/26,Violence against the person,1146,1966,1019,1682
North Yorkshire,north-yorkshire,2014/15,Criminal damage and arson,469,606,477,568
North Yorkshire,north-yorkshire,2014/15,Drug offences,1182,663,1202,704
North Yorkshire,north-yorkshire,2014/15,Fraud offences to 2012/13,0,11,0,0
North Yorkshire,north-yorkshire,2014/15,Miscellaneous crimes against society,45,322,49,349
North Yorkshire,north-yorkshire,2014/15,Possession of weapons offences,36,155,36,159
North Yorkshire,north-yorkshire,2014/15,Public order offences,211,671,228,683
North Yorkshire,north-yorkshire,2014/15,Robbery,1,54,2,56
North Yorkshire,north-yorkshire,2014/15,Sexual offences,17,228,16,219
North Yorkshire,north-yorkshire,2014/15,Theft offences,1193,2715,1207,2735
North Yorkshire,north-yorkshire,2014/15,Violence against the person,1240,1913,1264,1931
North Yorkshire,north-yorkshire,2015/16,Criminal damage and arson,480,562,510,597
North Yorkshire,north-yorkshire,2015/16,Drug offences,991,583,1031,596
North Yorkshire,north-yorkshire,2015/16,Fraud offences to 2012/13,0,0,0,0
North Yorkshire,north-yorkshire,2015/16,Miscellaneous crimes against society,44,269,51,273
North Yorkshire,north-yorkshire,2015/16,Possession of weapons offences,25,110,28,112
North Yorkshire,north-yorkshire,2015/16,Public order offences,225,601,226,623
North Yorkshire,north-yorkshire,2015/16,Robbery,1,51,1,52
North Yorkshire,north-yorkshire,2015/16,Sexual offences,14,179,19,207
North Yorkshire,north-yorkshire,2015/16,Theft offences,1016,2475,1035,2538
North Yorkshire,north-yorkshire,2015/16,Violence against the person,1254,1863,1320,1991
North Yorkshire,north-yorkshire,2016/17,Criminal damage and arson,484,531,472,525
North Yorkshire,north-yorkshire,2016/17,Drug offences,823,640,780,625
North Yorkshire,north-yorkshire,2016/17,Fraud offences to 2012/13,0,0,0,0
North Yorkshire,north-yorkshire,2016/17,Miscellaneous crimes against society,48,313,43,302
North Yorkshire,north-yorkshire,2016/17,Possession of weapons offences,41,137,43,136
North Yorkshire,north-yorkshire,2016/17,Public order offences,202,620,193,620
North Yorkshire,north-yorkshire,2016/17,Robbery,1,39,1,42
North Yorkshire,north-yorkshire,2016/17,Sexual offences,36,250,37,242
North Yorkshire,north-yorkshire,2016/17,Theft offences,1002,2314,1014,2295
North Yorkshire,north-yorkshire,2016/17,Violence against the person,1291,2110,1249,2093
North Yorkshire,north-yorkshire,2017/18,Criminal damage and arson,312,375,434,472
North Yorkshire,north-yorkshire,2017/18,Drug offences,637,341,736,467
North Yorkshire,north-yorkshire,2017/18,Fraud offences to 2012/13,0,0,0,0
North Yorkshire,north-yorkshire,2017/18,Miscellaneous crimes against society,31,177,44,223
North Yorkshire,north-yorkshire,2017/18,Possession of weapons offences,27,110,38,150
North Yorkshire,north-yorkshire,2017/18,Public order offences,112,418,172,541
North Yorkshire,north-yorkshire,2017/18,Robbery,2,31,3,44
North Yorkshire,north-yorkshire,2017/18,Sexual offences,14,117,26,203
North Yorkshire,north-yorkshire,2017/18,Theft offences,762,1787,1039,2273
North Yorkshire,north-yorkshire,2017/18,Violence against the person,744,1444,1198,2059
North Yorkshire,north-yorkshire,2018/19,Criminal damage and arson,169,260,401,500
North Yorkshire,north-yorkshire,2018/19,Drug offences,522,310,791,526
North Yorkshire,north-yorkshire,2018/19,Fraud offences to 2012/13,0,0,0,0
North Yorkshire,north-yorkshire,2018/19,Miscellaneous crimes against society,8,113,34,230
North Yorkshire,north-yorkshire,2018/19,Possession of weapons offences,19,122,48,156
North Yorkshire,north-yorkshire,2018/19,Public order offences,90,352,224,605
North Yorkshire,north-yorkshire,2018/19,Robbery,0,20,2,52
North Yorkshire,north-yorkshire,2018/19,Sexual offences,4,65,27,214
North Yorkshire,north-yorkshire,2018/19,Theft offences,469,989,925,2141
North Yorkshire,north-yorkshire,2018/19,Violence against the person,493,1105,1279,2097
North Yorkshire,north-yorkshire,2019/20,Criminal damage and arson,166,309,346,457
North Yorkshire,north-yorkshire,2019/20,Drug offences,438,244,797,479
North Yorkshire,north-yorkshire,2019/20,Fraud offences to 2012/13,0,0,0,0
North Yorkshire,north-yorkshire,2019/20,Miscellaneous crimes against society,15,148,19,220
North Yorkshire,north-yorkshire,2019/20,Possession of weapons offences,18,84,46,139
North Yorkshire,north-yorkshire,2019/20,Public order offences,84,361,147,541
North Yorkshire,north-yorkshire,2019/20,Robbery,2,21,2,27
North Yorkshire,north-yorkshire,2019/20,Sexual offences,14,94,27,196
North Yorkshire,north-yorkshire,2019/20,Theft offences,449,1034,785,1818
North Yorkshire,north-yorkshire,2019/20,Violence against the person,609,1207,1016,1762
North Yorkshire,north-yorkshire,2020/21,Criminal damage and arson,820,887,286,391
North Yorkshire,north-yorkshire,2020/21,Drug offences,1514,915,900,518
North Yorkshire,north-yorkshire,2020/21,Fraud offences to 2012/13,0,0,0,0
North Yorkshire,north-yorkshire,2020/21,Miscellaneous crimes against society,61,411,27,237
North Yorkshire,north-yorkshire,2020/21,Possession of weapons offences,125,228,73,128
North Yorkshire,north-yorkshire,2020/21,Public order offences,435,1210,232,739
North Yorkshire,north-yorkshire,2020/21,Robbery,4,73,1,25
North Yorkshire,north-yorkshire,2020/21,Sexual offences,64,403,13,171
North Yorkshire,north-yorkshire,2020/21,Theft offences,1499,3542,365,986
North Yorkshire,north-yorkshire,2020/21,Violence against the person,2301,3523,805,1613
North Yorkshire,north-yorkshire,2021/22,Criminal damage and arson,292,296,328,355
North Yorkshire,north-yorkshire,2021/22,Drug offences,511,358,684,422
North Yorkshire,north-yorkshire,2021/22,Fraud offences to 2012/13,0,0,0,0
North Yorkshire,north-yorkshire,2021/22,Miscellaneous crimes against society,38,158,40,179
North Yorkshire,north-yorkshire,2021/22,Possession of weapons offences,38,94,53,115
North Yorkshire,north-yorkshire,2021/22,Public order offences,231,481,254,581
North Yorkshire,north-yorkshire,2021/22,Robbery,4,26,4,34
North Yorkshire,north-yorkshire,2021/22,Sexual offences,18,167,21,169
North Yorkshire,north-yorkshire,2021/22,Theft offences,333,885,418,993
North Yorkshire,north-yorkshire,2021/22,Violence against the person,1007,1503,1123,1610
North Yorkshire,north-yorkshire,2022/23,Criminal damage and arson,295,342,258,324
North Yorkshire,north-yorkshire,2022/23,Drug offences,687,408,605,374
North Yorkshire,north-yorkshire,2022/23,Fraud offences to 2012/13,0,0,0,0
North Yorkshire,north-yorkshire,2022/23,Miscellaneous crimes against society,31,143,35,192
North Yorkshire,north-yorkshire,2022/23,Possession of weapons offences,55,143,48,158
North Yorkshire,north-yorkshire,2022/23,Public order offences,236,520,256,526
North Yorkshire,north-yorkshire,2022/23,Robbery,4,29,5,19
North Yorkshire,north-yorkshire,2022/23,Sexual offences,18,209,22,244
North Yorkshire,north-yorkshire,2022/23,Theft offences,440,869,385,948
North Yorkshire,north-yorkshire,2022/23,Violence against the person,1058,1439,1026,1523
North Yorkshire,north-yorkshire,2023/24,Criminal damage and arson,243,354,235,384
North Yorkshire,north-yorkshire,2023/24,Drug offences,726,458,584,404
North Yorkshire,north-yorkshire,2023/24,Fraud offences to 2012/13,0,0,0,0
North Yorkshire,north-yorkshire,2023/24,Miscellaneous crimes against society,27,209,42,193
North Yorkshire,north-yorkshire,2023/24,Possession of weapons offences,52,157,41,140
North Yorkshire,north-yorkshire,2023/24,Public order offences,240,532,179,441
North Yorkshire,north-yorkshire,2023/24,Robbery,4,35,4,38
North Yorkshire,north-yorkshire,2023/24,Sexual offences,21,262,20,256
North Yorkshire,north-yorkshire,2023/24,Theft offences,367,1153,368,1398
North Yorkshire,north-yorkshire,2023/24,Violence against the person,947,1719,901,1756
North Yorkshire,north-yorkshire,2024/25,Criminal damage and arson,206,400,197,338
North Yorkshire,north-yorkshire,2024/25,Drug offences,474,486,399,383
North Yorkshire,north-yorkshire,2024/25,Fraud offences to 2012/13,0,0,0,0
North Yorkshire,north-yorkshire,2024/25,Miscellaneous crimes against society,53,278,29,200
North Yorkshire,north-yorkshire,2024/25,Possession of weapons offences,51,209,39,178
North Yorkshire,north-yorkshire,2024/25,Public order offences,165,488,147,420
North Yorkshire,north-yorkshire,2024/25,Robbery,3,31,2,23
North Yorkshire,north-yorkshire,2024/25,Sexual offences,24,297,17,205
North Yorkshire,north-yorkshire,2024/25,Theft offences,423,2027,439,1732
North Yorkshire,north-yorkshire,2024/25,Violence against the person,747,2120,648,1877
North Yorkshire,north-yorkshire,2025/26,Criminal damage and arson,182,358,140,292
North Yorkshire,north-yorkshire,2025/26,Drug offences,439,499,406,363
North Yorkshire,north-yorkshire,2025/26,Fraud offences to 2012/13,0,0,0,0
North Yorkshire,north-yorkshire,2025/26,Miscellaneous crimes against society,25,264,14,174
North Yorkshire,north-yorkshire,2025/26,Possession of weapons offences,27,180,24,161
North Yorkshire,north-yorkshire,2025/26,Public order offences,162,481,136,413
North Yorkshire,north-yorkshire,2025/26,Robbery,6,98,5,99
North Yorkshire,north-yorkshire,2025/26,Sexual offences,14,281,11,96
North Yorkshire,north-yorkshire,2025/26,Theft offences,566,2067,489,1772
North Yorkshire,north-yorkshire,2025/26,Violence against the person,696,1889,540,1489
Northamptonshire,northamptonshire,2014/15,Criminal damage and arson,615,531,618,538
Northamptonshire,northamptonshire,2014/15,Drug offences,1064,609,1054,615
Northamptonshire,northamptonshire,2014/15,Fraud offences to 2012/13,1,11,0,0
Northamptonshire,northamptonshire,2014/15,Miscellaneous crimes against society,43,347,43,339
Northamptonshire,northamptonshire,2014/15,Possession of weapons offences,36,213,36,209
Northamptonshire,northamptonshire,2014/15,Public order offences,226,572,226,569
Northamptonshire,northamptonshire,2014/15,Robbery,2,107,1,97
Northamptonshire,northamptonshire,2014/15,Sexual offences,21,205,28,195
Northamptonshire,northamptonshire,2014/15,Theft offences,1250,2176,1211,2121
Northamptonshire,northamptonshire,2014/15,Violence against the person,1477,2075,1544,2066
Northamptonshire,northamptonshire,2015/16,Criminal damage and arson,642,492,642,528
Northamptonshire,northamptonshire,2015/16,Drug offences,729,828,759,855
Northamptonshire,northamptonshire,2015/16,Fraud offences to 2012/13,0,0,0,0
Northamptonshire,northamptonshire,2015/16,Miscellaneous crimes against society,47,260,54,262
Northamptonshire,northamptonshire,2015/16,Possession of weapons offences,38,189,45,203
Northamptonshire,northamptonshire,2015/16,Public order offences,174,488,173,524
Northamptonshire,northamptonshire,2015/16,Robbery,0,100,0,111
Northamptonshire,northamptonshire,2015/16,Sexual offences,44,184,42,212
Northamptonshire,northamptonshire,2015/16,Theft offences,969,1830,979,1915
Northamptonshire,northamptonshire,2015/16,Violence against the person,1688,2133,1700,2269
Northamptonshire,northamptonshire,2016/17,Criminal damage and arson,452,454,424,450
Northamptonshire,northamptonshire,2016/17,Drug offences,610,416,602,437
Northamptonshire,northamptonshire,2016/17,Fraud offences to 2012/13,0,0,0,0
Northamptonshire,northamptonshire,2016/17,Miscellaneous crimes against society,48,224,46,258
Northamptonshire,northamptonshire,2016/17,Possession of weapons offences,45,229,40,250
Northamptonshire,northamptonshire,2016/17,Public order offences,133,390,134,389
Northamptonshire,northamptonshire,2016/17,Robbery,4,104,8,126
Northamptonshire,northamptonshire,2016/17,Sexual offences,30,170,30,206
Northamptonshire,northamptonshire,2016/17,Theft offences,638,1770,603,1770
Northamptonshire,northamptonshire,2016/17,Violence against the person,1156,1886,1130,1938
Northamptonshire,northamptonshire,2017/18,Criminal damage and arson,342,414,351,435
Northamptonshire,northamptonshire,2017/18,Drug offences,546,401,557,436
Northamptonshire,northamptonshire,2017/18,Fraud offences to 2012/13,0,0,0,0
Northamptonshire,northamptonshire,2017/18,Miscellaneous crimes against society,36,236,36,266
Northamptonshire,northamptonshire,2017/18,Possession of weapons offences,42,230,48,236
Northamptonshire,northamptonshire,2017/18,Public order offences,118,409,118,434
Northamptonshire,northamptonshire,2017/18,Robbery,5,107,3,94
Northamptonshire,northamptonshire,2017/18,Sexual offences,17,204,16,201
Northamptonshire,northamptonshire,2017/18,Theft offences,420,1431,383,1478
Northamptonshire,northamptonshire,2017/18,Violence against the person,900,1989,913,2059
Northamptonshire,northamptonshire,2018/19,Criminal damage and arson,254,408,261,428
Northamptonshire,northamptonshire,2018/19,Drug offences,724,482,751,544
Northamptonshire,northamptonshire,2018/19,Fraud offences to 2012/13,0,0,0,0
Northamptonshire,northamptonshire,2018/19,Miscellaneous crimes against society,22,178,22,211
Northamptonshire,northamptonshire,2018/19,Possession of weapons offences,58,249,56,267
Northamptonshire,northamptonshire,2018/19,Public order offences,144,457,147,502
Northamptonshire,northamptonshire,2018/19,Robbery,4,74,3,78
Northamptonshire,northamptonshire,2018/19,Sexual offences,12,149,11,178
Northamptonshire,northamptonshire,2018/19,Theft offences,250,1363,266,1374
Northamptonshire,northamptonshire,2018/19,Violence against the person,783,1968,770,2054
Northamptonshire,northamptonshire,2019/20,Criminal damage and arson,234,414,227,406
Northamptonshire,northamptonshire,2019/20,Drug offences,759,706,724,751
Northamptonshire,northamptonshire,2019/20,Fraud offences to 2012/13,0,0,0,0
Northamptonshire,northamptonshire,2019/20,Miscellaneous crimes against society,21,243,23,244
Northamptonshire,northamptonshire,2019/20,Possession of weapons offences,49,230,52,210
Northamptonshire,northamptonshire,2019/20,Public order offences,108,493,111,466
Northamptonshire,northamptonshire,2019/20,Robbery,3,73,6,74
Northamptonshire,northamptonshire,2019/20,Sexual offences,15,138,18,183
Northamptonshire,northamptonshire,2019/20,Theft offences,163,1243,149,1169
Northamptonshire,northamptonshire,2019/20,Violence against the person,674,1930,679,1994
Northamptonshire,northamptonshire,2020/21,Criminal damage and arson,262,378,260,368
Northamptonshire,northamptonshire,2020/21,Drug offences,797,579,826,571
Northamptonshire,northamptonshire,2020/21,Fraud offences to 2012/13,0,0,0,0
Northamptonshire,northamptonshire,2020/21,Miscellaneous crimes against society,36,262,42,251
Northamptonshire,northamptonshire,2020/21,Possession of weapons offences,57,205,62,210
Northamptonshire,northamptonshire,2020/21,Public order offences,126,502,132,480
Northamptonshire,northamptonshire,2020/21,Robbery,3,71,2,71
Northamptonshire,northamptonshire,2020/21,Sexual offences,20,204,32,194
Northamptonshire,northamptonshire,2020/21,Theft offences,139,738,144,592
Northamptonshire,northamptonshire,2020/21,Violence against the person,872,1981,941,1930
Northamptonshire,northamptonshire,2021/22,Criminal damage and arson,423,382,447,361
Northamptonshire,northamptonshire,2021/22,Drug offences,978,574,966,639
Northamptonshire,northamptonshire,2021/22,Fraud offences to 2012/13,0,0,0,0
Northamptonshire,northamptonshire,2021/22,Miscellaneous crimes against society,51,220,48,185
Northamptonshire,northamptonshire,2021/22,Possession of weapons offences,90,252,90,263
Northamptonshire,northamptonshire,2021/22,Public order offences,287,498,290,507
Northamptonshire,northamptonshire,2021/22,Robbery,6,67,3,53
Northamptonshire,northamptonshire,2021/22,Sexual offences,45,157,32,218
Northamptonshire,northamptonshire,2021/22,Theft offences,237,834,241,871
Northamptonshire,northamptonshire,2021/22,Violence against the person,1735,1815,1771,1840
Northamptonshire,northamptonshire,2022/23,Criminal damage and arson,435,375,414,391
Northamptonshire,northamptonshire,2022/23,Drug offences,986,770,1006,721
Northamptonshire,northamptonshire,2022/23,Fraud offences to 2012/13,0,0,0,0
Northamptonshire,northamptonshire,2022/23,Miscellaneous crimes against society,96,221,97,208
Northamptonshire,northamptonshire,2022/23,Possession of weapons offences,101,325,94,319
Northamptonshire,northamptonshire,2022/23,Public order offences,241,460,249,469
Northamptonshire,northamptonshire,2022/23,Robbery,6,53,8,53
Northamptonshire,northamptonshire,2022/23,Sexual offences,49,258,51,209
Northamptonshire,northamptonshire,2022/23,Theft offences,244,945,252,973
Northamptonshire,northamptonshire,2022/23,Violence against the person,1721,1803,1674,1689
Northamptonshire,northamptonshire,2023/24,Criminal damage and arson,314,364,325,353
Northamptonshire,northamptonshire,2023/24,Drug offences,1075,763,1085,819
Northamptonshire,northamptonshire,2023/24,Fraud offences to 2012/13,0,0,0,0
Northamptonshire,northamptonshire,2023/24,Miscellaneous crimes against society,115,207,113,200
Northamptonshire,northamptonshire,2023/24,Possession of weapons offences,87,281,98,265
Northamptonshire,northamptonshire,2023/24,Public order offences,187,445,178,449
Northamptonshire,northamptonshire,2023/24,Robbery,1,63,2,65
Northamptonshire,northamptonshire,2023/24,Sexual offences,40,242,44,206
Northamptonshire,northamptonshire,2023/24,Theft offences,243,1550,238,1638
Northamptonshire,northamptonshire,2023/24,Violence against the person,1292,1604,1267,1653
Northamptonshire,northamptonshire,2024/25,Criminal damage and arson,274,320,249,301
Northamptonshire,northamptonshire,2024/25,Drug offences,976,881,952,777
Northamptonshire,northamptonshire,2024/25,Fraud offences to 2012/13,0,0,0,0
Northamptonshire,northamptonshire,2024/25,Miscellaneous crimes against society,55,210,46,182
Northamptonshire,northamptonshire,2024/25,Possession of weapons offences,90,256,84,265
Northamptonshire,northamptonshire,2024/25,Public order offences,133,521,137,485
Northamptonshire,northamptonshire,2024/25,Robbery,8,58,6,59
Northamptonshire,northamptonshire,2024/25,Sexual offences,47,228,37,162
Northamptonshire,northamptonshire,2024/25,Theft offences,198,2215,200,2173
Northamptonshire,northamptonshire,2024/25,Violence against the person,901,1612,865,1532
Northamptonshire,northamptonshire,2025/26,Criminal damage and arson,183,294,151,242
Northamptonshire,northamptonshire,2025/26,Drug offences,833,788,774,586
Northamptonshire,northamptonshire,2025/26,Fraud offences to 2012/13,0,0,0,0
Northamptonshire,northamptonshire,2025/26,Miscellaneous crimes against society,28,204,25,133
Northamptonshire,northamptonshire,2025/26,Possession of weapons offences,63,305,56,260
Northamptonshire,northamptonshire,2025/26,Public order offences,149,458,125,393
Northamptonshire,northamptonshire,2025/26,Robbery,2,88,2,70
Northamptonshire,northamptonshire,2025/26,Sexual offences,35,245,37,93
Northamptonshire,northamptonshire,2025/26,Theft offences,182,2319,160,2190
Northamptonshire,northamptonshire,2025/26,Violence against the person,735,1458,662,1072
Northumbria,northumbria,2014/15,Criminal damage and arson,1265,1858,1297,1814
Northumbria,northumbria,2014/15,Drug offences,1989,1725,1949,1687
Northumbria,northumbria,2014/15,Fraud offences to 2012/13,0,0,0,0
Northumbria,northumbria,2014/15,Miscellaneous crimes against society,142,751,146,768
Northumbria,northumbria,2014/15,Possession of weapons offences,107,444,99,436
Northumbria,northumbria,2014/15,Public order offences,602,1381,608,1372
Northumbria,northumbria,2014/15,Robbery,5,190,5,192
Northumbria,northumbria,2014/15,Sexual offences,69,513,72,607
Northumbria,northumbria,2014/15,Theft offences,2862,7914,2852,7784
Northumbria,northumbria,2014/15,Violence against the person,2685,5224,2707,5202
Northumbria,northumbria,2015/16,Criminal damage and arson,1200,1741,1212,1796
Northumbria,northumbria,2015/16,Drug offences,1402,1532,1437,1535
Northumbria,northumbria,2015/16,Fraud offences to 2012/13,0,0,0,0
Northumbria,northumbria,2015/16,Miscellaneous crimes against society,120,662,121,719
Northumbria,northumbria,2015/16,Possession of weapons offences,120,502,128,509
Northumbria,northumbria,2015/16,Public order offences,584,1397,605,1438
Northumbria,northumbria,2015/16,Robbery,4,166,5,166
Northumbria,northumbria,2015/16,Sexual offences,67,568,65,560
Northumbria,northumbria,2015/16,Theft offences,2475,6976,2507,7056
Northumbria,northumbria,2015/16,Violence against the person,2635,5220,2695,5419
Northumbria,northumbria,2016/17,Criminal damage and arson,999,1340,1010,1311
Northumbria,northumbria,2016/17,Drug offences,1165,1174,1154,1177
Northumbria,northumbria,2016/17,Fraud offences to 2012/13,0,0,0,0
Northumbria,northumbria,2016/17,Miscellaneous crimes against society,116,578,121,593
Northumbria,northumbria,2016/17,Possession of weapons offences,109,479,115,485
Northumbria,northumbria,2016/17,Public order offences,571,1365,590,1386
Northumbria,northumbria,2016/17,Robbery,6,166,4,178
Northumbria,northumbria,2016/17,Sexual offences,70,438,63,499
Northumbria,northumbria,2016/17,Theft offences,2313,6010,2282,5960
Northumbria,northumbria,2016/17,Violence against the person,2155,4482,2138,4449
Northumbria,northumbria,2017/18,Criminal damage and arson,867,1351,857,1357
Northumbria,northumbria,2017/18,Drug offences,1050,947,1061,1015
Northumbria,northumbria,2017/18,Fraud offences to 2012/13,0,0,0,0
Northumbria,northumbria,2017/18,Miscellaneous crimes against society,129,667,131,723
Northumbria,northumbria,2017/18,Possession of weapons offences,118,399,115,406
Northumbria,northumbria,2017/18,Public order offences,638,1448,629,1455
Northumbria,northumbria,2017/18,Robbery,3,148,3,165
Northumbria,northumbria,2017/18,Sexual offences,49,421,60,478
Northumbria,northumbria,2017/18,Theft offences,1799,5416,1786,5458
Northumbria,northumbria,2017/18,Violence against the person,1892,4568,1922,4646
Northumbria,northumbria,2018/19,Criminal damage and arson,796,1323,698,1217
Northumbria,northumbria,2018/19,Drug offences,1055,987,1078,1144
Northumbria,northumbria,2018/19,Fraud offences to 2012/13,0,0,0,0
Northumbria,northumbria,2018/19,Miscellaneous crimes against society,112,607,113,634
Northumbria,northumbria,2018/19,Possession of weapons offences,107,513,106,540
Northumbria,northumbria,2018/19,Public order offences,619,1451,622,1497
Northumbria,northumbria,2018/19,Robbery,2,160,4,147
Northumbria,northumbria,2018/19,Sexual offences,60,375,53,401
Northumbria,northumbria,2018/19,Theft offences,1312,4588,1288,4585
Northumbria,northumbria,2018/19,Violence against the person,1796,4942,1843,5071
Northumbria,northumbria,2019/20,Criminal damage and arson,589,999,637,1117
Northumbria,northumbria,2019/20,Drug offences,1241,1062,1237,1071
Northumbria,northumbria,2019/20,Fraud offences to 2012/13,0,0,0,0
Northumbria,northumbria,2019/20,Miscellaneous crimes against society,60,520,56,601
Northumbria,northumbria,2019/20,Possession of weapons offences,98,565,100,554
Northumbria,northumbria,2019/20,Public order offences,607,1279,595,1226
Northumbria,northumbria,2019/20,Robbery,6,136,4,143
Northumbria,northumbria,2019/20,Sexual offences,46,359,42,385
Northumbria,northumbria,2019/20,Theft offences,764,4065,742,3931
Northumbria,northumbria,2019/20,Violence against the person,1711,4162,1638,4156
Northumbria,northumbria,2020/21,Criminal damage and arson,438,890,426,884
Northumbria,northumbria,2020/21,Drug offences,1158,1175,1163,1113
Northumbria,northumbria,2020/21,Fraud offences to 2012/13,0,0,0,0
Northumbria,northumbria,2020/21,Miscellaneous crimes against society,80,633,83,624
Northumbria,northumbria,2020/21,Possession of weapons offences,75,505,75,508
Northumbria,northumbria,2020/21,Public order offences,463,1187,460,1167
Northumbria,northumbria,2020/21,Robbery,4,109,5,92
Northumbria,northumbria,2020/21,Sexual offences,32,454,28,361
Northumbria,northumbria,2020/21,Theft offences,355,2769,336,2633
Northumbria,northumbria,2020/21,Violence against the person,1332,4333,1322,4233
Northumbria,northumbria,2021/22,Criminal damage and arson,603,812,667,773
Northumbria,northumbria,2021/22,Drug offences,829,725,835,742
Northumbria,northumbria,2021/22,Fraud offences to 2012/13,0,0,0,0
Northumbria,northumbria,2021/22,Miscellaneous crimes against society,69,462,76,445
Northumbria,northumbria,2021/22,Possession of weapons offences,105,433,111,426
Northumbria,northumbria,2021/22,Public order offences,474,858,470,893
Northumbria,northumbria,2021/22,Robbery,4,103,4,104
Northumbria,northumbria,2021/22,Sexual offences,41,380,41,481
Northumbria,northumbria,2021/22,Theft offences,278,1965,295,2019
Northumbria,northumbria,2021/22,Violence against the person,1480,3113,1527,3304
Northumbria,northumbria,2022/23,Criminal damage and arson,547,660,506,681
Northumbria,northumbria,2022/23,Drug offences,737,702,743,708
Northumbria,northumbria,2022/23,Fraud offences to 2012/13,0,0,0,0
Northumbria,northumbria,2022/23,Miscellaneous crimes against society,90,486,93,490
Northumbria,northumbria,2022/23,Possession of weapons offences,100,443,92,460
Northumbria,northumbria,2022/23,Public order offences,352,923,352,951
Northumbria,northumbria,2022/23,Robbery,9,88,11,85
Northumbria,northumbria,2022/23,Sexual offences,26,328,27,364
Northumbria,northumbria,2022/23,Theft offences,334,2216,338,2099
Northumbria,northumbria,2022/23,Violence against the person,1459,3236,1482,3331
Northumbria,northumbria,2023/24,Criminal damage and arson,452,786,527,816
Northumbria,northumbria,2023/24,Drug offences,777,926,859,959
Northumbria,northumbria,2023/24,Fraud offences to 2012/13,0,0,0,0
Northumbria,northumbria,2023/24,Miscellaneous crimes against society,100,443,96,439
Northumbria,northumbria,2023/24,Possession of weapons offences,91,525,105,518
Northumbria,northumbria,2023/24,Public order offences,237,1031,236,1053
Northumbria,northumbria,2023/24,Robbery,6,127,6,143
Northumbria,northumbria,2023/24,Sexual offences,30,414,32,416
Northumbria,northumbria,2023/24,Theft offences,384,3547,408,3890
Northumbria,northumbria,2023/24,Violence against the person,1371,4090,1458,4346
Northumbria,northumbria,2024/25,Criminal damage and arson,859,799,878,781
Northumbria,northumbria,2024/25,Drug offences,1189,1232,1201,1200
Northumbria,northumbria,2024/25,Fraud offences to 2012/13,0,0,0,0
Northumbria,northumbria,2024/25,Miscellaneous crimes against society,169,594,193,512
Northumbria,northumbria,2024/25,Possession of weapons offences,119,622,128,639
Northumbria,northumbria,2024/25,Public order offences,741,1312,801,1330
Northumbria,northumbria,2024/25,Robbery,9,188,11,195
Northumbria,northumbria,2024/25,Sexual offences,39,545,48,410
Northumbria,northumbria,2024/25,Theft offences,1034,5623,1126,5801
Northumbria,northumbria,2024/25,Violence against the person,2687,4468,2937,4424
Northumbria,northumbria,2025/26,Criminal damage and arson,664,801,566,719
Northumbria,northumbria,2025/26,Drug offences,1304,1289,1174,989
Northumbria,northumbria,2025/26,Fraud offences to 2012/13,0,0,0,0
Northumbria,northumbria,2025/26,Miscellaneous crimes against society,177,557,141,370
Northumbria,northumbria,2025/26,Possession of weapons offences,95,607,75,554
Northumbria,northumbria,2025/26,Public order offences,689,1218,644,1090
Northumbria,northumbria,2025/26,Robbery,14,350,9,324
Northumbria,northumbria,2025/26,Sexual offences,45,475,31,152
Northumbria,northumbria,2025/26,Theft offences,845,6079,721,5661
Northumbria,northumbria,2025/26,Violence against the person,2375,4434,2030,3678
Nottinghamshire,nottinghamshire,2014/15,Criminal damage and arson,827,1180,819,1186
Nottinghamshire,nottinghamshire,2014/15,Drug offences,1542,1551,1582,1565
Nottinghamshire,nottinghamshire,2014/15,Fraud offences to 2012/13,0,2,0,0
Nottinghamshire,nottinghamshire,2014/15,Miscellaneous crimes against society,124,492,135,511
Nottinghamshire,nottinghamshire,2014/15,Possession of weapons offences,24,397,27,405
Nottinghamshire,nottinghamshire,2014/15,Public order offences,350,964,352,986
Nottinghamshire,nottinghamshire,2014/15,Robbery,1,240,2,232
Nottinghamshire,nottinghamshire,2014/15,Sexual offences,42,291,37,310
Nottinghamshire,nottinghamshire,2014/15,Theft offences,1829,4814,1807,4893
Nottinghamshire,nottinghamshire,2014/15,Violence against the person,2575,4427,2599,4442
Nottinghamshire,nottinghamshire,2015/16,Criminal damage and arson,668,1015,681,1027
Nottinghamshire,nottinghamshire,2015/16,Drug offences,970,1418,1060,1483
Nottinghamshire,nottinghamshire,2015/16,Fraud offences to 2012/13,0,0,0,0
Nottinghamshire,nottinghamshire,2015/16,Miscellaneous crimes against society,89,457,94,481
Nottinghamshire,nottinghamshire,2015/16,Possession of weapons offences,34,393,32,417
Nottinghamshire,nottinghamshire,2015/16,Public order offences,206,834,217,871
Nottinghamshire,nottinghamshire,2015/16,Robbery,2,223,1,236
Nottinghamshire,nottinghamshire,2015/16,Sexual offences,35,259,42,340
Nottinghamshire,nottinghamshire,2015/16,Theft offences,1440,4377,1514,4392
Nottinghamshire,nottinghamshire,2015/16,Violence against the person,1834,4315,1921,4442
Nottinghamshire,nottinghamshire,2016/17,Criminal damage and arson,506,900,503,935
Nottinghamshire,nottinghamshire,2016/17,Drug offences,861,1330,815,1442
Nottinghamshire,nottinghamshire,2016/17,Fraud offences to 2012/13,0,0,0,0
Nottinghamshire,nottinghamshire,2016/17,Miscellaneous crimes against society,91,341,95,388
Nottinghamshire,nottinghamshire,2016/17,Possession of weapons offences,25,335,39,351
Nottinghamshire,nottinghamshire,2016/17,Public order offences,207,816,212,869
Nottinghamshire,nottinghamshire,2016/17,Robbery,0,163,1,201
Nottinghamshire,nottinghamshire,2016/17,Sexual offences,44,308,45,376
Nottinghamshire,nottinghamshire,2016/17,Theft offences,1177,3898,1127,3920
Nottinghamshire,nottinghamshire,2016/17,Violence against the person,1537,3767,1507,4001
Nottinghamshire,nottinghamshire,2017/18,Criminal damage and arson,415,967,423,964
Nottinghamshire,nottinghamshire,2017/18,Drug offences,751,1319,770,1424
Nottinghamshire,nottinghamshire,2017/18,Fraud offences to 2012/13,0,0,0,0
Nottinghamshire,nottinghamshire,2017/18,Miscellaneous crimes against society,77,415,86,437
Nottinghamshire,nottinghamshire,2017/18,Possession of weapons offences,64,387,64,415
Nottinghamshire,nottinghamshire,2017/18,Public order offences,206,995,211,1037
Nottinghamshire,nottinghamshire,2017/18,Robbery,6,177,12,190
Nottinghamshire,nottinghamshire,2017/18,Sexual offences,25,368,28,419
Nottinghamshire,nottinghamshire,2017/18,Theft offences,1045,3856,1054,3922
Nottinghamshire,nottinghamshire,2017/18,Violence against the person,1041,3871,1023,3844
Nottinghamshire,nottinghamshire,2018/19,Criminal damage and arson,413,802,427,831
Nottinghamshire,nottinghamshire,2018/19,Drug offences,1025,1672,1072,1790
Nottinghamshire,nottinghamshire,2018/19,Fraud offences to 2012/13,0,0,0,0
Nottinghamshire,nottinghamshire,2018/19,Miscellaneous crimes against society,124,343,115,383
Nottinghamshire,nottinghamshire,2018/19,Possession of weapons offences,71,545,78,553
Nottinghamshire,nottinghamshire,2018/19,Public order offences,241,1062,252,1131
Nottinghamshire,nottinghamshire,2018/19,Robbery,10,209,4,226
Nottinghamshire,nottinghamshire,2018/19,Sexual offences,40,280,43,298
Nottinghamshire,nottinghamshire,2018/19,Theft offences,927,3806,943,3931
Nottinghamshire,nottinghamshire,2018/19,Violence against the person,1006,3485,1013,3804
Nottinghamshire,nottinghamshire,2019/20,Criminal damage and arson,391,775,382,754
Nottinghamshire,nottinghamshire,2019/20,Drug offences,1449,1985,1436,1999
Nottinghamshire,nottinghamshire,2019/20,Fraud offences to 2012/13,0,0,0,0
Nottinghamshire,nottinghamshire,2019/20,Miscellaneous crimes against society,77,377,88,371
Nottinghamshire,nottinghamshire,2019/20,Possession of weapons offences,80,553,78,550
Nottinghamshire,nottinghamshire,2019/20,Public order offences,217,1069,205,1067
Nottinghamshire,nottinghamshire,2019/20,Robbery,5,186,7,191
Nottinghamshire,nottinghamshire,2019/20,Sexual offences,28,266,20,269
Nottinghamshire,nottinghamshire,2019/20,Theft offences,806,3563,772,3425
Nottinghamshire,nottinghamshire,2019/20,Violence against the person,913,3657,882,3614
Nottinghamshire,nottinghamshire,2020/21,Criminal damage and arson,346,641,317,625
Nottinghamshire,nottinghamshire,2020/21,Drug offences,1719,1145,1747,1157
Nottinghamshire,nottinghamshire,2020/21,Fraud offences to 2012/13,0,0,0,0
Nottinghamshire,nottinghamshire,2020/21,Miscellaneous crimes against society,133,343,128,309
Nottinghamshire,nottinghamshire,2020/21,Possession of weapons offences,79,468,79,480
Nottinghamshire,nottinghamshire,2020/21,Public order offences,252,926,255,878
Nottinghamshire,nottinghamshire,2020/21,Robbery,7,191,4,132
Nottinghamshire,nottinghamshire,2020/21,Sexual offences,30,219,28,244
Nottinghamshire,nottinghamshire,2020/21,Theft offences,539,2275,541,2151
Nottinghamshire,nottinghamshire,2020/21,Violence against the person,809,3157,797,2989
Nottinghamshire,nottinghamshire,2021/22,Criminal damage and arson,457,596,527,648
Nottinghamshire,nottinghamshire,2021/22,Drug offences,1874,1080,1859,1095
Nottinghamshire,nottinghamshire,2021/22,Fraud offences to 2012/13,0,0,0,0
Nottinghamshire,nottinghamshire,2021/22,Miscellaneous crimes against society,105,278,108,297
Nottinghamshire,nottinghamshire,2021/22,Possession of weapons offences,135,476,138,499
Nottinghamshire,nottinghamshire,2021/22,Public order offences,415,911,455,970
Nottinghamshire,nottinghamshire,2021/22,Robbery,10,110,13,156
Nottinghamshire,nottinghamshire,2021/22,Sexual offences,46,358,67,309
Nottinghamshire,nottinghamshire,2021/22,Theft offences,752,2023,763,2101
Nottinghamshire,nottinghamshire,2021/22,Violence against the person,1321,2743,1515,3097
Nottinghamshire,nottinghamshire,2022/23,Criminal damage and arson,582,595,544,581
Nottinghamshire,nottinghamshire,2022/23,Drug offences,1733,1185,1729,1219
Nottinghamshire,nottinghamshire,2022/23,Fraud offences to 2012/13,0,0,0,0
Nottinghamshire,nottinghamshire,2022/23,Miscellaneous crimes against society,128,287,126,323
Nottinghamshire,nottinghamshire,2022/23,Possession of weapons offences,129,597,135,610
Nottinghamshire,nottinghamshire,2022/23,Public order offences,595,864,585,856
Nottinghamshire,nottinghamshire,2022/23,Robbery,6,165,9,128
Nottinghamshire,nottinghamshire,2022/23,Sexual offences,101,343,104,358
Nottinghamshire,nottinghamshire,2022/23,Theft offences,902,2758,920,2839
Nottinghamshire,nottinghamshire,2022/23,Violence against the person,1648,3182,1620,3170
Nottinghamshire,nottinghamshire,2023/24,Criminal damage and arson,498,655,500,620
Nottinghamshire,nottinghamshire,2023/24,Drug offences,1443,1172,1423,1160
Nottinghamshire,nottinghamshire,2023/24,Fraud offences to 2012/13,0,0,0,0
Nottinghamshire,nottinghamshire,2023/24,Miscellaneous crimes against society,180,316,177,291
Nottinghamshire,nottinghamshire,2023/24,Possession of weapons offences,160,600,151,545
Nottinghamshire,nottinghamshire,2023/24,Public order offences,587,976,616,936
Nottinghamshire,nottinghamshire,2023/24,Robbery,13,168,11,165
Nottinghamshire,nottinghamshire,2023/24,Sexual offences,101,346,84,349
Nottinghamshire,nottinghamshire,2023/24,Theft offences,885,4146,869,4096
Nottinghamshire,nottinghamshire,2023/24,Violence against the person,1702,3134,1689,3041
Nottinghamshire,nottinghamshire,2024/25,Criminal damage and arson,457,632,442,627
Nottinghamshire,nottinghamshire,2024/25,Drug offences,1277,1312,1259,1134
Nottinghamshire,nottinghamshire,2024/25,Fraud offences to 2012/13,0,0,0,0
Nottinghamshire,nottinghamshire,2024/25,Miscellaneous crimes against society,138,319,136,294
Nottinghamshire,nottinghamshire,2024/25,Possession of weapons offences,128,572,137,572
Nottinghamshire,nottinghamshire,2024/25,Public order offences,515,1037,470,1076
Nottinghamshire,nottinghamshire,2024/25,Robbery,18,173,15,168
Nottinghamshire,nottinghamshire,2024/25,Sexual offences,72,438,79,364
Nottinghamshire,nottinghamshire,2024/25,Theft offences,787,4523,802,4489
Nottinghamshire,nottinghamshire,2024/25,Violence against the person,1638,3205,1587,3036
Nottinghamshire,nottinghamshire,2025/26,Criminal damage and arson,402,638,367,570
Nottinghamshire,nottinghamshire,2025/26,Drug offences,1138,1483,1060,1089
Nottinghamshire,nottinghamshire,2025/26,Fraud offences to 2012/13,0,0,0,0
Nottinghamshire,nottinghamshire,2025/26,Miscellaneous crimes against society,166,321,157,190
Nottinghamshire,nottinghamshire,2025/26,Possession of weapons offences,137,534,110,459
Nottinghamshire,nottinghamshire,2025/26,Public order offences,434,1280,409,1090
Nottinghamshire,nottinghamshire,2025/26,Robbery,29,328,29,297
Nottinghamshire,nottinghamshire,2025/26,Sexual offences,81,396,66,168
Nottinghamshire,nottinghamshire,2025/26,Theft offences,725,4922,665,4678
Nottinghamshire,nottinghamshire,2025/26,Violence against the person,1383,3378,1230,2720
South Wales,south-wales,2014/15,Criminal damage and arson,612,1276,598,1281
South Wales,south-wales,2014/15,Drug offences,1726,2141,1745,2181
South Wales,south-wales,2014/15,Fraud offences to 2012/13,0,2,0,0
South Wales,south-wales,2014/15,Miscellaneous crimes against society,57,654,60,682
South Wales,south-wales,2014/15,Possession of weapons offences,40,301,39,312
South Wales,south-wales,2014/15,Public order offences,743,1743,735,1732
South Wales,south-wales,2014/15,Robbery,2,159,1,161
South Wales,south-wales,2014/15,Sexual offences,23,382,21,400
South Wales,south-wales,2014/15,Theft offences,1856,5495,1808,5504
South Wales,south-wales,2014/15,Violence against the person,1508,5954,1516,6019
South Wales,south-wales,2015/16,Criminal damage and arson,568,1358,603,1393
South Wales,south-wales,2015/16,Drug offences,1619,2164,1569,2192
South Wales,south-wales,2015/16,Fraud offences to 2012/13,0,0,0,0
South Wales,south-wales,2015/16,Miscellaneous crimes against society,68,617,66,613
South Wales,south-wales,2015/16,Possession of weapons offences,40,326,41,323
South Wales,south-wales,2015/16,Public order offences,726,1667,745,1690
South Wales,south-wales,2015/16,Robbery,3,177,3,177
South Wales,south-wales,2015/16,Sexual offences,22,431,27,449
South Wales,south-wales,2015/16,Theft offences,1844,5264,1859,5289
South Wales,south-wales,2015/16,Violence against the person,1735,6173,1770,6198
South Wales,south-wales,2016/17,Criminal damage and arson,729,1307,730,1271
South Wales,south-wales,2016/17,Drug offences,1272,1981,1281,1965
South Wales,south-wales,2016/17,Fraud offences to 2012/13,0,0,0,0
South Wales,south-wales,2016/17,Miscellaneous crimes against society,106,572,116,605
South Wales,south-wales,2016/17,Possession of weapons offences,33,318,33,318
South Wales,south-wales,2016/17,Public order offences,851,1610,867,1589
South Wales,south-wales,2016/17,Robbery,3,149,3,147
South Wales,south-wales,2016/17,Sexual offences,40,453,43,438
South Wales,south-wales,2016/17,Theft offences,1746,5124,1760,5092
South Wales,south-wales,2016/17,Violence against the person,2572,6014,2614,6009
South Wales,south-wales,2017/18,Criminal damage and arson,596,1102,579,1120
South Wales,south-wales,2017/18,Drug offences,1275,1723,1275,1822
South Wales,south-wales,2017/18,Fraud offences to 2012/13,0,0,0,0
South Wales,south-wales,2017/18,Miscellaneous crimes against society,69,547,68,546
South Wales,south-wales,2017/18,Possession of weapons offences,60,352,62,361
South Wales,south-wales,2017/18,Public order offences,824,1520,798,1529
South Wales,south-wales,2017/18,Robbery,2,136,2,143
South Wales,south-wales,2017/18,Sexual offences,57,425,56,426
South Wales,south-wales,2017/18,Theft offences,1591,4713,1562,4737
South Wales,south-wales,2017/18,Violence against the person,2429,5751,2423,5842
South Wales,south-wales,2018/19,Criminal damage and arson,589,1054,603,1080
South Wales,south-wales,2018/19,Drug offences,1475,1916,1503,2019
South Wales,south-wales,2018/19,Fraud offences to 2012/13,0,0,0,0
South Wales,south-wales,2018/19,Miscellaneous crimes against society,45,479,42,494
South Wales,south-wales,2018/19,Possession of weapons offences,64,401,66,423
South Wales,south-wales,2018/19,Public order offences,611,1344,631,1369
South Wales,south-wales,2018/19,Robbery,1,125,3,127
South Wales,south-wales,2018/19,Sexual offences,59,340,64,509
South Wales,south-wales,2018/19,Theft offences,1260,4392,1305,4614
South Wales,south-wales,2018/19,Violence against the person,2058,5609,2166,5775
South Wales,south-wales,2019/20,Criminal damage and arson,562,924,593,934
South Wales,south-wales,2019/20,Drug offences,1527,1800,1661,1945
South Wales,south-wales,2019/20,Fraud offences to 2012/13,0,0,0,0
South Wales,south-wales,2019/20,Miscellaneous crimes against society,48,504,49,557
South Wales,south-wales,2019/20,Possession of weapons offences,73,412,78,421
South Wales,south-wales,2019/20,Public order offences,563,1228,597,1252
South Wales,south-wales,2019/20,Robbery,4,107,3,108
South Wales,south-wales,2019/20,Sexual offences,51,466,51,336
South Wales,south-wales,2019/20,Theft offences,926,3272,965,3151
South Wales,south-wales,2019/20,Violence against the person,2132,4983,2193,5065
South Wales,south-wales,2020/21,Criminal damage and arson,482,887,504,914
South Wales,south-wales,2020/21,Drug offences,1649,2097,1810,2312
South Wales,south-wales,2020/21,Fraud offences to 2012/13,0,0,0,0
South Wales,south-wales,2020/21,Miscellaneous crimes against society,48,443,44,440
South Wales,south-wales,2020/21,Possession of weapons offences,56,391,66,396
South Wales,south-wales,2020/21,Public order offences,650,1182,688,1266
South Wales,south-wales,2020/21,Robbery,1,93,1,103
South Wales,south-wales,2020/21,Sexual offences,30,282,34,323
South Wales,south-wales,2020/21,Theft offences,506,2045,461,1934
South Wales,south-wales,2020/21,Violence against the person,1797,4464,1876,4601
South Wales,south-wales,2021/22,Criminal damage and arson,599,773,547,723
South Wales,south-wales,2021/22,Drug offences,1510,1909,1183,1543
South Wales,south-wales,2021/22,Fraud offences to 2012/13,0,0,0,0
South Wales,south-wales,2021/22,Miscellaneous crimes against society,54,443,57,417
South Wales,south-wales,2021/22,Possession of weapons offences,83,306,75,286
South Wales,south-wales,2021/22,Public order offences,705,1054,646,958
South Wales,south-wales,2021/22,Robbery,4,90,5,90
South Wales,south-wales,2021/22,Sexual offences,81,395,76,478
South Wales,south-wales,2021/22,Theft offences,571,1921,500,1795
South Wales,south-wales,2021/22,Violence against the person,2370,4176,2293,4145
South Wales,south-wales,2022/23,Criminal damage and arson,311,627,315,646
South Wales,south-wales,2022/23,Drug offences,619,1270,649,1221
South Wales,south-wales,2022/23,Fraud offences to 2012/13,0,0,0,0
South Wales,south-wales,2022/23,Miscellaneous crimes against society,43,349,46,396
South Wales,south-wales,2022/23,Possession of weapons offences,51,311,48,327
South Wales,south-wales,2022/23,Public order offences,346,766,341,793
South Wales,south-wales,2022/23,Robbery,3,110,4,109
South Wales,south-wales,2022/23,Sexual offences,64,419,70,462
South Wales,south-wales,2022/23,Theft offences,292,1873,320,1964
South Wales,south-wales,2022/23,Violence against the person,1492,3635,1522,3792
South Wales,south-wales,2023/24,Criminal damage and arson,319,637,300,636
South Wales,south-wales,2023/24,Drug offences,439,1195,396,1130
South Wales,south-wales,2023/24,Fraud offences to 2012/13,0,0,0,0
South Wales,south-wales,2023/24,Miscellaneous crimes against society,53,526,49,523
South Wales,south-wales,2023/24,Possession of weapons offences,58,341,54,336
South Wales,south-wales,2023/24,Public order offences,261,641,227,675
South Wales,south-wales,2023/24,Robbery,5,131,4,129
South Wales,south-wales,2023/24,Sexual offences,54,524,62,491
South Wales,south-wales,2023/24,Theft offences,320,3127,318,3334
South Wales,south-wales,2023/24,Violence against the person,1527,3872,1444,4017
South Wales,south-wales,2024/25,Criminal damage and arson,339,721,366,763
South Wales,south-wales,2024/25,Drug offences,474,1196,530,1312
South Wales,south-wales,2024/25,Fraud offences to 2012/13,0,0,0,0
South Wales,south-wales,2024/25,Miscellaneous crimes against society,75,594,82,576
South Wales,south-wales,2024/25,Possession of weapons offences,60,360,70,364
South Wales,south-wales,2024/25,Public order offences,271,870,285,835
South Wales,south-wales,2024/25,Robbery,5,147,2,142
South Wales,south-wales,2024/25,Sexual offences,92,493,83,478
South Wales,south-wales,2024/25,Theft offences,353,4476,357,4547
South Wales,south-wales,2024/25,Violence against the person,1523,4666,1599,4462
South Wales,south-wales,2025/26,Criminal damage and arson,376,882,337,785
South Wales,south-wales,2025/26,Drug offences,705,1693,638,1383
South Wales,south-wales,2025/26,Fraud offences to 2012/13,0,0,0,0
South Wales,south-wales,2025/26,Miscellaneous crimes against society,90,634,80,494
South Wales,south-wales,2025/26,Possession of weapons offences,107,438,109,414
South Wales,south-wales,2025/26,Public order offences,328,883,331,838
South Wales,south-wales,2025/26,Robbery,1,208,2,209
South Wales,south-wales,2025/26,Sexual offences,138,624,145,322
South Wales,south-wales,2025/26,Theft offences,424,4872,421,4635
South Wales,south-wales,2025/26,Violence against the person,2017,4723,1972,4257
South Yorkshire,south-yorkshire,2014/15,Criminal damage and arson,1020,1213,756,906
South Yorkshire,south-yorkshire,2014/15,Drug offences,1601,1540,1158,1082
South Yorkshire,south-yorkshire,2014/15,Fraud offences to 2012/13,2,4,0,0
South Yorkshire,south-yorkshire,2014/15,Miscellaneous crimes against society,104,556,76,418
South Yorkshire,south-yorkshire,2014/15,Possession of weapons offences,98,375,81,305
South Yorkshire,south-yorkshire,2014/15,Public order offences,433,829,320,641
South Yorkshire,south-yorkshire,2014/15,Robbery,4,244,3,163
South Yorkshire,south-yorkshire,2014/15,Sexual offences,52,334,47,297
South Yorkshire,south-yorkshire,2014/15,Theft offences,2146,6285,1589,4582
South Yorkshire,south-yorkshire,2014/15,Violence against the person,1968,4051,1368,3058
South Yorkshire,south-yorkshire,2015/16,Criminal damage and arson,956,1269,946,1280
South Yorkshire,south-yorkshire,2015/16,Drug offences,1058,1276,1057,1315
South Yorkshire,south-yorkshire,2015/16,Fraud offences to 2012/13,0,0,0,0
South Yorkshire,south-yorkshire,2015/16,Miscellaneous crimes against society,108,604,122,610
South Yorkshire,south-yorkshire,2015/16,Possession of weapons offences,87,365,88,380
South Yorkshire,south-yorkshire,2015/16,Public order offences,380,744,381,746
South Yorkshire,south-yorkshire,2015/16,Robbery,8,187,8,188
South Yorkshire,south-yorkshire,2015/16,Sexual offences,63,402,70,416
South Yorkshire,south-yorkshire,2015/16,Theft offences,1903,5623,1877,5639
South Yorkshire,south-yorkshire,2015/16,Violence against the person,1973,3876,2028,4024
South Yorkshire,south-yorkshire,2016/17,Criminal damage and arson,823,1176,793,1141
South Yorkshire,south-yorkshire,2016/17,Drug offences,807,1053,810,1072
South Yorkshire,south-yorkshire,2016/17,Fraud offences to 2012/13,0,0,0,0
South Yorkshire,south-yorkshire,2016/17,Miscellaneous crimes against society,116,530,117,596
South Yorkshire,south-yorkshire,2016/17,Possession of weapons offences,123,376,127,405
South Yorkshire,south-yorkshire,2016/17,Public order offences,325,792,321,806
South Yorkshire,south-yorkshire,2016/17,Robbery,3,212,5,229
South Yorkshire,south-yorkshire,2016/17,Sexual offences,63,372,62,353
South Yorkshire,south-yorkshire,2016/17,Theft offences,1592,5374,1579,5352
South Yorkshire,south-yorkshire,2016/17,Violence against the person,1729,3880,1726,4018
South Yorkshire,south-yorkshire,2017/18,Criminal damage and arson,616,940,603,923
South Yorkshire,south-yorkshire,2017/18,Drug offences,736,922,759,902
South Yorkshire,south-yorkshire,2017/18,Fraud offences to 2012/13,0,0,0,0
South Yorkshire,south-yorkshire,2017/18,Miscellaneous crimes against society,134,557,133,578
South Yorkshire,south-yorkshire,2017/18,Possession of weapons offences,115,404,117,385
South Yorkshire,south-yorkshire,2017/18,Public order offences,429,988,444,1026
South Yorkshire,south-yorkshire,2017/18,Robbery,9,260,7,255
South Yorkshire,south-yorkshire,2017/18,Sexual offences,74,362,63,311
South Yorkshire,south-yorkshire,2017/18,Theft offences,1186,4985,1146,4773
South Yorkshire,south-yorkshire,2017/18,Violence against the person,1518,3900,1477,3820
South Yorkshire,south-yorkshire,2018/19,Criminal damage and arson,579,1049,573,1039
South Yorkshire,south-yorkshire,2018/19,Drug offences,885,1043,921,1151
South Yorkshire,south-yorkshire,2018/19,Fraud offences to 2012/13,0,0,0,0
South Yorkshire,south-yorkshire,2018/19,Miscellaneous crimes against society,133,514,128,593
South Yorkshire,south-yorkshire,2018/19,Possession of weapons offences,138,451,137,455
South Yorkshire,south-yorkshire,2018/19,Public order offences,423,1040,420,1012
South Yorkshire,south-yorkshire,2018/19,Robbery,9,244,10,230
South Yorkshire,south-yorkshire,2018/19,Sexual offences,53,253,55,274
South Yorkshire,south-yorkshire,2018/19,Theft offences,880,4003,851,3837
South Yorkshire,south-yorkshire,2018/19,Violence against the person,1557,4335,1544,4227
South Yorkshire,south-yorkshire,2019/20,Criminal damage and arson,743,983,768,980
South Yorkshire,south-yorkshire,2019/20,Drug offences,1485,1198,1496,1253
South Yorkshire,south-yorkshire,2019/20,Fraud offences to 2012/13,0,0,0,0
South Yorkshire,south-yorkshire,2019/20,Miscellaneous crimes against society,188,579,224,611
South Yorkshire,south-yorkshire,2019/20,Possession of weapons offences,137,517,133,530
South Yorkshire,south-yorkshire,2019/20,Public order offences,642,944,704,917
South Yorkshire,south-yorkshire,2019/20,Robbery,17,238,18,252
South Yorkshire,south-yorkshire,2019/20,Sexual offences,98,269,123,300
South Yorkshire,south-yorkshire,2019/20,Theft offences,853,3538,876,3455
South Yorkshire,south-yorkshire,2019/20,Violence against the person,2719,4125,2980,4287
South Yorkshire,south-yorkshire,2020/21,Criminal damage and arson,1401,891,1381,884
South Yorkshire,south-yorkshire,2020/21,Drug offences,1925,1137,1958,1217
South Yorkshire,south-yorkshire,2020/21,Fraud offences to 2012/13,0,0,0,0
South Yorkshire,south-yorkshire,2020/21,Miscellaneous crimes against society,591,685,597,695
South Yorkshire,south-yorkshire,2020/21,Possession of weapons offences,164,511,162,508
South Yorkshire,south-yorkshire,2020/21,Public order offences,1868,946,1826,973
South Yorkshire,south-yorkshire,2020/21,Robbery,23,204,22,205
South Yorkshire,south-yorkshire,2020/21,Sexual offences,197,306,185,285
South Yorkshire,south-yorkshire,2020/21,Theft offences,853,2311,831,2283
South Yorkshire,south-yorkshire,2020/21,Violence against the person,8487,4518,8457,4483
South Yorkshire,south-yorkshire,2021/22,Criminal damage and arson,1207,697,1229,711
South Yorkshire,south-yorkshire,2021/22,Drug offences,1665,1166,1624,1141
South Yorkshire,south-yorkshire,2021/22,Fraud offences to 2012/13,0,0,0,0
South Yorkshire,south-yorkshire,2021/22,Miscellaneous crimes against society,445,576,458,537
South Yorkshire,south-yorkshire,2021/22,Possession of weapons offences,155,387,164,404
South Yorkshire,south-yorkshire,2021/22,Public order offences,1159,802,1158,831
South Yorkshire,south-yorkshire,2021/22,Robbery,19,191,22,194
South Yorkshire,south-yorkshire,2021/22,Sexual offences,184,280,183,338
South Yorkshire,south-yorkshire,2021/22,Theft offences,885,2655,886,2729
South Yorkshire,south-yorkshire,2021/22,Violence against the person,7184,3996,7241,4119
South Yorkshire,south-yorkshire,2022/23,Criminal damage and arson,1038,748,996,741
South Yorkshire,south-yorkshire,2022/23,Drug offences,1369,1085,1349,1041
South Yorkshire,south-yorkshire,2022/23,Fraud offences to 2012/13,0,0,0,0
South Yorkshire,south-yorkshire,2022/23,Miscellaneous crimes against society,351,553,304,577
South Yorkshire,south-yorkshire,2022/23,Possession of weapons offences,149,501,140,501
South Yorkshire,south-yorkshire,2022/23,Public order offences,865,936,857,904
South Yorkshire,south-yorkshire,2022/23,Robbery,19,231,18,225
South Yorkshire,south-yorkshire,2022/23,Sexual offences,111,418,97,418
South Yorkshire,south-yorkshire,2022/23,Theft offences,970,3573,976,3582
South Yorkshire,south-yorkshire,2022/23,Violence against the person,5280,4168,5071,4096
South Yorkshire,south-yorkshire,2023/24,Criminal damage and arson,553,680,552,668
South Yorkshire,south-yorkshire,2023/24,Drug offences,1344,1229,1371,1200
South Yorkshire,south-yorkshire,2023/24,Fraud offences to 2012/13,0,0,0,0
South Yorkshire,south-yorkshire,2023/24,Miscellaneous crimes against society,115,526,109,484
South Yorkshire,south-yorkshire,2023/24,Possession of weapons offences,100,478,99,478
South Yorkshire,south-yorkshire,2023/24,Public order offences,426,870,407,905
South Yorkshire,south-yorkshire,2023/24,Robbery,19,218,18,226
South Yorkshire,south-yorkshire,2023/24,Sexual offences,36,415,29,395
South Yorkshire,south-yorkshire,2023/24,Theft offences,1050,4858,1048,4886
South Yorkshire,south-yorkshire,2023/24,Violence against the person,2320,3913,2342,4024
South Yorkshire,south-yorkshire,2024/25,Criminal damage and arson,463,692,478,691
South Yorkshire,south-yorkshire,2024/25,Drug offences,1503,1413,1498,1392
South Yorkshire,south-yorkshire,2024/25,Fraud offences to 2012/13,0,0,0,0
South Yorkshire,south-yorkshire,2024/25,Miscellaneous crimes against society,167,651,169,552
South Yorkshire,south-yorkshire,2024/25,Possession of weapons offences,99,572,99,574
South Yorkshire,south-yorkshire,2024/25,Public order offences,378,1138,394,1135
South Yorkshire,south-yorkshire,2024/25,Robbery,11,238,8,234
South Yorkshire,south-yorkshire,2024/25,Sexual offences,74,439,83,378
South Yorkshire,south-yorkshire,2024/25,Theft offences,986,5249,990,5352
South Yorkshire,south-yorkshire,2024/25,Violence against the person,2194,4066,2173,4000
South Yorkshire,south-yorkshire,2025/26,Criminal damage and arson,555,592,529,559
South Yorkshire,south-yorkshire,2025/26,Drug offences,1715,1343,1653,1028
South Yorkshire,south-yorkshire,2025/26,Fraud offences to 2012/13,0,0,0,0
South Yorkshire,south-yorkshire,2025/26,Miscellaneous crimes against society,279,625,275,510
South Yorkshire,south-yorkshire,2025/26,Possession of weapons offences,121,555,117,483
South Yorkshire,south-yorkshire,2025/26,Public order offences,553,1146,540,1063
South Yorkshire,south-yorkshire,2025/26,Robbery,15,356,19,320
South Yorkshire,south-yorkshire,2025/26,Sexual offences,100,453,90,206
South Yorkshire,south-yorkshire,2025/26,Theft offences,946,5344,924,5212
South Yorkshire,south-yorkshire,2025/26,Violence against the person,2542,3884,2475,3327
Staffordshire,staffordshire,2014/15,Criminal damage and arson,643,942,647,999
Staffordshire,staffordshire,2014/15,Drug offences,1166,1074,1171,1099
Staffordshire,staffordshire,2014/15,Fraud offences to 2012/13,0,3,0,0
Staffordshire,staffordshire,2014/15,Miscellaneous crimes against society,62,466,78,475
Staffordshire,staffordshire,2014/15,Possession of weapons offences,51,250,50,250
Staffordshire,staffordshire,2014/15,Public order offences,269,694,290,720
Staffordshire,staffordshire,2014/15,Robbery,3,143,5,141
Staffordshire,staffordshire,2014/15,Sexual offences,42,253,52,269
Staffordshire,staffordshire,2014/15,Theft offences,1379,3339,1356,3352
Staffordshire,staffordshire,2014/15,Violence against the person,1480,3347,1460,3377
Staffordshire,staffordshire,2015/16,Criminal damage and arson,551,1024,578,986
Staffordshire,staffordshire,2015/16,Drug offences,932,1017,949,1010
Staffordshire,staffordshire,2015/16,Fraud offences to 2012/13,0,0,0,0
Staffordshire,staffordshire,2015/16,Miscellaneous crimes against society,69,566,63,569
Staffordshire,staffordshire,2015/16,Possession of weapons offences,65,254,64,259
Staffordshire,staffordshire,2015/16,Public order offences,291,750,282,748
Staffordshire,staffordshire,2015/16,Robbery,3,102,1,101
Staffordshire,staffordshire,2015/16,Sexual offences,32,324,25,388
Staffordshire,staffordshire,2015/16,Theft offences,1023,3073,1069,3095
Staffordshire,staffordshire,2015/16,Violence against the person,1255,3750,1304,3870
Staffordshire,staffordshire,2016/17,Criminal damage and arson,632,941,698,949
Staffordshire,staffordshire,2016/17,Drug offences,1052,882,1045,933
Staffordshire,staffordshire,2016/17,Fraud offences to 2012/13,0,0,0,0
Staffordshire,staffordshire,2016/17,Miscellaneous crimes against society,69,584,63,575
Staffordshire,staffordshire,2016/17,Possession of weapons offences,66,270,68,270
Staffordshire,staffordshire,2016/17,Public order offences,263,794,257,804
Staffordshire,staffordshire,2016/17,Robbery,4,116,4,128
Staffordshire,staffordshire,2016/17,Sexual offences,28,406,29,342
Staffordshire,staffordshire,2016/17,Theft offences,1146,3647,1095,3726
Staffordshire,staffordshire,2016/17,Violence against the person,1392,3662,1330,3581
Staffordshire,staffordshire,2017/18,Criminal damage and arson,647,785,524,781
Staffordshire,staffordshire,2017/18,Drug offences,942,725,949,804
Staffordshire,staffordshire,2017/18,Fraud offences to 2012/13,0,0,0,0
Staffordshire,staffordshire,2017/18,Miscellaneous crimes against society,71,446,67,480
Staffordshire,staffordshire,2017/18,Possession of weapons offences,70,298,74,322
Staffordshire,staffordshire,2017/18,Public order offences,273,731,282,756
Staffordshire,staffordshire,2017/18,Robbery,8,123,9,117
Staffordshire,staffordshire,2017/18,Sexual offences,24,307,19,318
Staffordshire,staffordshire,2017/18,Theft offences,1118,3091,1137,3122
Staffordshire,staffordshire,2017/18,Violence against the person,1354,3047,1372,3177
Staffordshire,staffordshire,2018/19,Criminal damage and arson,440,750,421,763
Staffordshire,staffordshire,2018/19,Drug offences,848,858,822,844
Staffordshire,staffordshire,2018/19,Fraud offences to 2012/13,0,0,0,0
Staffordshire,staffordshire,2018/19,Miscellaneous crimes against society,46,426,44,428
Staffordshire,staffordshire,2018/19,Possession of weapons offences,95,383,97,375
Staffordshire,staffordshire,2018/19,Public order offences,288,699,293,693
Staffordshire,staffordshire,2018/19,Robbery,5,104,8,127
Staffordshire,staffordshire,2018/19,Sexual offences,22,188,24,258
Staffordshire,staffordshire,2018/19,Theft offences,874,2732,809,2705
Staffordshire,staffordshire,2018/19,Violence against the person,1082,2591,1097,2592
Staffordshire,staffordshire,2019/20,Criminal damage and arson,383,613,384,627
Staffordshire,staffordshire,2019/20,Drug offences,1040,739,1019,671
Staffordshire,staffordshire,2019/20,Fraud offences to 2012/13,0,0,0,0
Staffordshire,staffordshire,2019/20,Miscellaneous crimes against society,61,372,62,387
Staffordshire,staffordshire,2019/20,Possession of weapons offences,122,293,113,292
Staffordshire,staffordshire,2019/20,Public order offences,272,662,264,687
Staffordshire,staffordshire,2019/20,Robbery,14,98,13,106
Staffordshire,staffordshire,2019/20,Sexual offences,30,281,33,255
Staffordshire,staffordshire,2019/20,Theft offences,574,2313,559,2299
Staffordshire,staffordshire,2019/20,Violence against the person,1070,2095,1005,2222
Staffordshire,staffordshire,2020/21,Criminal damage and arson,282,444,322,483
Staffordshire,staffordshire,2020/21,Drug offences,641,380,782,485
Staffordshire,staffordshire,2020/21,Fraud offences to 2012/13,0,0,0,0
Staffordshire,staffordshire,2020/21,Miscellaneous crimes against society,53,180,69,216
Staffordshire,staffordshire,2020/21,Possession of weapons offences,52,137,66,154
Staffordshire,staffordshire,2020/21,Public order offences,223,587,254,676
Staffordshire,staffordshire,2020/21,Robbery,8,84,9,73
Staffordshire,staffordshire,2020/21,Sexual offences,67,172,76,204
Staffordshire,staffordshire,2020/21,Theft offences,279,1369,315,1442
Staffordshire,staffordshire,2020/21,Violence against the person,1345,1823,1650,2113
Staffordshire,staffordshire,2021/22,Criminal damage and arson,492,518,491,515
Staffordshire,staffordshire,2021/22,Drug offences,576,352,503,315
Staffordshire,staffordshire,2021/22,Fraud offences to 2012/13,0,0,0,0
Staffordshire,staffordshire,2021/22,Miscellaneous crimes against society,112,161,108,142
Staffordshire,staffordshire,2021/22,Possession of weapons offences,79,144,82,159
Staffordshire,staffordshire,2021/22,Public order offences,487,624,471,647
Staffordshire,staffordshire,2021/22,Robbery,14,75,15,79
Staffordshire,staffordshire,2021/22,Sexual offences,121,168,117,262
Staffordshire,staffordshire,2021/22,Theft offences,444,1364,429,1375
Staffordshire,staffordshire,2021/22,Violence against the person,2846,2198,2754,2405
Staffordshire,staffordshire,2022/23,Criminal damage and arson,423,595,428,630
Staffordshire,staffordshire,2022/23,Drug offences,963,980,955,991
Staffordshire,staffordshire,2022/23,Fraud offences to 2012/13,0,0,0,0
Staffordshire,staffordshire,2022/23,Miscellaneous crimes against society,140,327,137,316
Staffordshire,staffordshire,2022/23,Possession of weapons offences,116,297,112,306
Staffordshire,staffordshire,2022/23,Public order offences,537,826,551,843
Staffordshire,staffordshire,2022/23,Robbery,12,97,11,111
Staffordshire,staffordshire,2022/23,Sexual offences,100,289,103,289
Staffordshire,staffordshire,2022/23,Theft offences,491,1905,495,2021
Staffordshire,staffordshire,2022/23,Violence against the person,2212,2880,2242,2912
Staffordshire,staffordshire,2023/24,Criminal damage and arson,448,626,438,624
Staffordshire,staffordshire,2023/24,Drug offences,858,678,846,604
Staffordshire,staffordshire,2023/24,Fraud offences to 2012/13,0,0,0,0
Staffordshire,staffordshire,2023/24,Miscellaneous crimes against society,82,367,85,327
Staffordshire,staffordshire,2023/24,Possession of weapons offences,122,322,127,319
Staffordshire,staffordshire,2023/24,Public order offences,393,809,398,750
Staffordshire,staffordshire,2023/24,Robbery,9,86,5,76
Staffordshire,staffordshire,2023/24,Sexual offences,65,314,63,376
Staffordshire,staffordshire,2023/24,Theft offences,511,2173,532,2143
Staffordshire,staffordshire,2023/24,Violence against the person,2105,3009,2179,2984
Staffordshire,staffordshire,2024/25,Criminal damage and arson,407,752,423,732
Staffordshire,staffordshire,2024/25,Drug offences,1254,527,1287,556
Staffordshire,staffordshire,2024/25,Fraud offences to 2012/13,0,0,0,0
Staffordshire,staffordshire,2024/25,Miscellaneous crimes against society,72,380,67,354
Staffordshire,staffordshire,2024/25,Possession of weapons offences,87,320,83,313
Staffordshire,staffordshire,2024/25,Public order offences,535,826,528,793
Staffordshire,staffordshire,2024/25,Robbery,2,76,4,65
Staffordshire,staffordshire,2024/25,Sexual offences,51,449,42,351
Staffordshire,staffordshire,2024/25,Theft offences,551,2521,541,2499
Staffordshire,staffordshire,2024/25,Violence against the person,1988,3023,1950,2921
Staffordshire,staffordshire,2025/26,Criminal damage and arson,459,709,399,607
Staffordshire,staffordshire,2025/26,Drug offences,1652,747,1591,620
Staffordshire,staffordshire,2025/26,Fraud offences to 2012/13,0,0,0,0
Staffordshire,staffordshire,2025/26,Miscellaneous crimes against society,69,544,62,482
Staffordshire,staffordshire,2025/26,Possession of weapons offences,93,401,81,365
Staffordshire,staffordshire,2025/26,Public order offences,497,859,492,758
Staffordshire,staffordshire,2025/26,Robbery,7,100,7,75
Staffordshire,staffordshire,2025/26,Sexual offences,31,560,27,239
Staffordshire,staffordshire,2025/26,Theft offences,528,2668,486,2253
Staffordshire,staffordshire,2025/26,Violence against the person,1926,3209,1746,2507
Suffolk,suffolk,2014/15,Criminal damage and arson,559,652,535,641
Suffolk,suffolk,2014/15,Drug offences,1025,716,1015,721
Suffolk,suffolk,2014/15,Fraud offences to 2012/13,0,0,0,0
Suffolk,suffolk,2014/15,Miscellaneous crimes against society,114,217,138,224
Suffolk,suffolk,2014/15,Possession of weapons offences,49,157,49,160
Suffolk,suffolk,2014/15,Public order offences,451,671,467,656
Suffolk,suffolk,2014/15,Robbery,5,49,7,47
Suffolk,suffolk,2014/15,Sexual offences,95,147,101,143
Suffolk,suffolk,2014/15,Theft offences,1278,2294,1271,2233
Suffolk,suffolk,2014/15,Violence against the person,1575,2117,1603,2101
Suffolk,suffolk,2015/16,Criminal damage and arson,150,534,192,563
Suffolk,suffolk,2015/16,Drug offences,282,525,308,551
Suffolk,suffolk,2015/16,Fraud offences to 2012/13,0,0,0,0
Suffolk,suffolk,2015/16,Miscellaneous crimes against society,40,204,48,213
Suffolk,suffolk,2015/16,Possession of weapons offences,20,118,25,121
Suffolk,suffolk,2015/16,Public order offences,221,584,253,602
Suffolk,suffolk,2015/16,Robbery,0,43,2,48
Suffolk,suffolk,2015/16,Sexual offences,24,136,34,183
Suffolk,suffolk,2015/16,Theft offences,493,1740,585,1758
Suffolk,suffolk,2015/16,Violence against the person,612,1770,725,1835
Suffolk,suffolk,2016/17,Criminal damage and arson,388,551,380,561
Suffolk,suffolk,2016/17,Drug offences,543,553,563,523
Suffolk,suffolk,2016/17,Fraud offences to 2012/13,0,0,0,0
Suffolk,suffolk,2016/17,Miscellaneous crimes against society,97,227,101,229
Suffolk,suffolk,2016/17,Possession of weapons offences,46,166,50,177
Suffolk,suffolk,2016/17,Public order offences,411,501,414,507
Suffolk,suffolk,2016/17,Robbery,7,68,5,62
Suffolk,suffolk,2016/17,Sexual offences,59,168,59,156
Suffolk,suffolk,2016/17,Theft offences,918,1709,886,1682
Suffolk,suffolk,2016/17,Violence against the person,1388,1944,1414,1928
Suffolk,suffolk,2017/18,Criminal damage and arson,324,524,323,542
Suffolk,suffolk,2017/18,Drug offences,634,624,637,720
Suffolk,suffolk,2017/18,Fraud offences to 2012/13,0,0,0,0
Suffolk,suffolk,2017/18,Miscellaneous crimes against society,41,229,42,246
Suffolk,suffolk,2017/18,Possession of weapons offences,48,175,42,180
Suffolk,suffolk,2017/18,Public order offences,322,585,312,590
Suffolk,suffolk,2017/18,Robbery,8,58,10,69
Suffolk,suffolk,2017/18,Sexual offences,43,108,51,134
Suffolk,suffolk,2017/18,Theft offences,850,1577,839,1614
Suffolk,suffolk,2017/18,Violence against the person,1030,1816,987,1825
Suffolk,suffolk,2018/19,Criminal damage and arson,273,477,268,488
Suffolk,suffolk,2018/19,Drug offences,621,513,623,544
Suffolk,suffolk,2018/19,Fraud offences to 2012/13,0,0,0,0
Suffolk,suffolk,2018/19,Miscellaneous crimes against society,41,179,36,201
Suffolk,suffolk,2018/19,Possession of weapons offences,39,191,48,205
Suffolk,suffolk,2018/19,Public order offences,337,567,356,571
Suffolk,suffolk,2018/19,Robbery,4,54,3,64
Suffolk,suffolk,2018/19,Sexual offences,42,113,31,155
Suffolk,suffolk,2018/19,Theft offences,663,1698,664,1735
Suffolk,suffolk,2018/19,Violence against the person,1053,1941,1076,2057
Suffolk,suffolk,2019/20,Criminal damage and arson,275,457,282,435
Suffolk,suffolk,2019/20,Drug offences,784,623,805,680
Suffolk,suffolk,2019/20,Fraud offences to 2012/13,0,0,0,0
Suffolk,suffolk,2019/20,Miscellaneous crimes against society,44,227,46,242
Suffolk,suffolk,2019/20,Possession of weapons offences,62,221,64,217
Suffolk,suffolk,2019/20,Public order offences,282,569,273,582
Suffolk,suffolk,2019/20,Robbery,6,58,6,61
Suffolk,suffolk,2019/20,Sexual offences,52,138,47,158
Suffolk,suffolk,2019/20,Theft offences,523,1694,516,1622
Suffolk,suffolk,2019/20,Violence against the person,975,1969,959,1975
Suffolk,suffolk,2020/21,Criminal damage and arson,239,458,228,436
Suffolk,suffolk,2020/21,Drug offences,1014,669,1007,651
Suffolk,suffolk,2020/21,Fraud offences to 2012/13,0,0,0,0
Suffolk,suffolk,2020/21,Miscellaneous crimes against society,48,232,55,234
Suffolk,suffolk,2020/21,Possession of weapons offences,62,148,59,146
Suffolk,suffolk,2020/21,Public order offences,302,531,292,562
Suffolk,suffolk,2020/21,Robbery,4,61,3,46
Suffolk,suffolk,2020/21,Sexual offences,19,150,20,145
Suffolk,suffolk,2020/21,Theft offences,306,996,291,967
Suffolk,suffolk,2020/21,Violence against the person,868,1590,855,1676
Suffolk,suffolk,2021/22,Criminal damage and arson,260,344,276,337
Suffolk,suffolk,2021/22,Drug offences,855,613,845,643
Suffolk,suffolk,2021/22,Fraud offences to 2012/13,0,0,0,0
Suffolk,suffolk,2021/22,Miscellaneous crimes against society,34,214,33,211
Suffolk,suffolk,2021/22,Possession of weapons offences,57,169,56,180
Suffolk,suffolk,2021/22,Public order offences,292,469,292,458
Suffolk,suffolk,2021/22,Robbery,9,44,17,41
Suffolk,suffolk,2021/22,Sexual offences,33,140,41,159
Suffolk,suffolk,2021/22,Theft offences,362,917,372,897
Suffolk,suffolk,2021/22,Violence against the person,808,1804,821,1788
Suffolk,suffolk,2022/23,Criminal damage and arson,278,322,280,309
Suffolk,suffolk,2022/23,Drug offences,618,701,634,711
Suffolk,suffolk,2022/23,Fraud offences to 2012/13,0,0,0,0
Suffolk,suffolk,2022/23,Miscellaneous crimes against society,59,191,64,220
Suffolk,suffolk,2022/23,Possession of weapons offences,56,189,59,185
Suffolk,suffolk,2022/23,Public order offences,227,560,240,565
Suffolk,suffolk,2022/23,Robbery,15,44,11,50
Suffolk,suffolk,2022/23,Sexual offences,37,203,31,189
Suffolk,suffolk,2022/23,Theft offences,417,1084,425,1114
Suffolk,suffolk,2022/23,Violence against the person,855,1885,920,1925
Suffolk,suffolk,2023/24,Criminal damage and arson,230,338,218,345
Suffolk,suffolk,2023/24,Drug offences,576,640,577,608
Suffolk,suffolk,2023/24,Fraud offences to 2012/13,0,0,0,0
Suffolk,suffolk,2023/24,Miscellaneous crimes against society,45,202,29,172
Suffolk,suffolk,2023/24,Possession of weapons offences,64,180,61,186
Suffolk,suffolk,2023/24,Public order offences,228,458,237,437
Suffolk,suffolk,2023/24,Robbery,9,37,9,41
Suffolk,suffolk,2023/24,Sexual offences,18,168,24,184
Suffolk,suffolk,2023/24,Theft offences,359,1219,355,1182
Suffolk,suffolk,2023/24,Violence against the person,974,1753,931,1709
Suffolk,suffolk,2024/25,Criminal damage and arson,249,316,252,310
Suffolk,suffolk,2024/25,Drug offences,574,632,548,579
Suffolk,suffolk,2024/25,Fraud offences to 2012/13,0,0,0,0
Suffolk,suffolk,2024/25,Miscellaneous crimes against society,33,166,35,149
Suffolk,suffolk,2024/25,Possession of weapons offences,66,183,67,184
Suffolk,suffolk,2024/25,Public order offences,254,406,249,399
Suffolk,suffolk,2024/25,Robbery,8,40,5,26
Suffolk,suffolk,2024/25,Sexual offences,37,227,34,183
Suffolk,suffolk,2024/25,Theft offences,370,1270,363,1255
Suffolk,suffolk,2024/25,Violence against the person,924,1717,946,1693
Suffolk,suffolk,2025/26,Criminal damage and arson,251,319,223,276
Suffolk,suffolk,2025/26,Drug offences,622,645,595,473
Suffolk,suffolk,2025/26,Fraud offences to 2012/13,0,0,0,0
Suffolk,suffolk,2025/26,Miscellaneous crimes against society,36,238,29,143
Suffolk,suffolk,2025/26,Possession of weapons offences,58,228,49,189
Suffolk,suffolk,2025/26,Public order offences,247,384,229,328
Suffolk,suffolk,2025/26,Robbery,5,43,4,35
Suffolk,suffolk,2025/26,Sexual offences,28,243,21,107
Suffolk,suffolk,2025/26,Theft offences,351,1451,328,1402
Suffolk,suffolk,2025/26,Violence against the person,1018,1768,911,1496
Surrey,surrey,2014/15,Criminal damage and arson,508,521,547,498
Surrey,surrey,2014/15,Drug offences,1867,915,1940,929
Surrey,surrey,2014/15,Fraud offences to 2012/13,0,0,0,0
Surrey,surrey,2014/15,Miscellaneous crimes against society,71,329,74,351
Surrey,surrey,2014/15,Possession of weapons offences,60,121,65,139
Surrey,surrey,2014/15,Public order offences,497,640,520,647
Surrey,surrey,2014/15,Robbery,2,55,2,43
Surrey,surrey,2014/15,Sexual offences,21,175,21,245
Surrey,surrey,2014/15,Theft offences,1128,1954,1136,1941
Surrey,surrey,2014/15,Violence against the person,1324,2059,1370,2139
Surrey,surrey,2015/16,Criminal damage and arson,685,385,609,375
Surrey,surrey,2015/16,Drug offences,1442,728,1291,656
Surrey,surrey,2015/16,Fraud offences to 2012/13,0,0,0,0
Surrey,surrey,2015/16,Miscellaneous crimes against society,72,309,75,300
Surrey,surrey,2015/16,Possession of weapons offences,73,126,80,114
Surrey,surrey,2015/16,Public order offences,759,653,731,610
Surrey,surrey,2015/16,Robbery,2,66,2,62
Surrey,surrey,2015/16,Sexual offences,29,245,36,287
Surrey,surrey,2015/16,Theft offences,1125,1685,1046,1487
Surrey,surrey,2015/16,Violence against the person,2254,2418,2196,2344
Surrey,surrey,2016/17,Criminal damage and arson,499,375,495,357
Surrey,surrey,2016/17,Drug offences,1111,607,1087,590
Surrey,surrey,2016/17,Fraud offences to 2012/13,0,0,0,0
Surrey,surrey,2016/17,Miscellaneous crimes against society,75,377,66,358
Surrey,surrey,2016/17,Possession of weapons offences,94,152,99,160
Surrey,surrey,2016/17,Public order offences,630,643,623,658
Surrey,surrey,2016/17,Robbery,0,40,0,43
Surrey,surrey,2016/17,Sexual offences,25,300,19,273
Surrey,surrey,2016/17,Theft offences,871,1225,846,1311
Surrey,surrey,2016/17,Violence against the person,1931,2168,1974,2186
Surrey,surrey,2017/18,Criminal damage and arson,457,323,444,321
Surrey,surrey,2017/18,Drug offences,1448,623,1479,659
Surrey,surrey,2017/18,Fraud offences to 2012/13,0,0,0,0
Surrey,surrey,2017/18,Miscellaneous crimes against society,58,397,62,428
Surrey,surrey,2017/18,Possession of weapons offences,118,166,128,180
Surrey,surrey,2017/18,Public order offences,617,611,616,618
Surrey,surrey,2017/18,Robbery,1,49,2,53
Surrey,surrey,2017/18,Sexual offences,26,274,39,203
Surrey,surrey,2017/18,Theft offences,723,1389,712,1335
Surrey,surrey,2017/18,Violence against the person,1762,2201,1753,2261
Surrey,surrey,2018/19,Criminal damage and arson,465,308,488,323
Surrey,surrey,2018/19,Drug offences,1667,674,1713,800
Surrey,surrey,2018/19,Fraud offences to 2012/13,0,0,0,0
Surrey,surrey,2018/19,Miscellaneous crimes against society,81,393,76,382
Surrey,surrey,2018/19,Possession of weapons offences,146,182,166,182
Surrey,surrey,2018/19,Public order offences,650,591,661,602
Surrey,surrey,2018/19,Robbery,3,42,3,56
Surrey,surrey,2018/19,Sexual offences,45,131,37,231
Surrey,surrey,2018/19,Theft offences,629,1133,632,1236
Surrey,surrey,2018/19,Violence against the person,1816,2198,1837,2190
Surrey,surrey,2019/20,Criminal damage and arson,495,263,475,279
Surrey,surrey,2019/20,Drug offences,1750,668,1705,695
Surrey,surrey,2019/20,Fraud offences to 2012/13,0,0,0,0
Surrey,surrey,2019/20,Miscellaneous crimes against society,86,374,85,382
Surrey,surrey,2019/20,Possession of weapons offences,191,166,159,174
Surrey,surrey,2019/20,Public order offences,686,596,673,604
Surrey,surrey,2019/20,Robbery,5,54,4,58
Surrey,surrey,2019/20,Sexual offences,35,196,30,197
Surrey,surrey,2019/20,Theft offences,576,1127,540,960
Surrey,surrey,2019/20,Violence against the person,1821,1789,1747,1862
Surrey,surrey,2020/21,Criminal damage and arson,444,255,422,246
Surrey,surrey,2020/21,Drug offences,2114,624,2165,568
Surrey,surrey,2020/21,Fraud offences to 2012/13,0,0,0,0
Surrey,surrey,2020/21,Miscellaneous crimes against society,83,342,85,361
Surrey,surrey,2020/21,Possession of weapons offences,188,156,187,146
Surrey,surrey,2020/21,Public order offences,686,576,690,600
Surrey,surrey,2020/21,Robbery,0,54,0,57
Surrey,surrey,2020/21,Sexual offences,20,166,17,174
Surrey,surrey,2020/21,Theft offences,335,609,315,601
Surrey,surrey,2020/21,Violence against the person,1670,1606,1738,1558
Surrey,surrey,2021/22,Criminal damage and arson,306,188,331,197
Surrey,surrey,2021/22,Drug offences,1310,411,1252,395
Surrey,surrey,2021/22,Fraud offences to 2012/13,0,0,0,0
Surrey,surrey,2021/22,Miscellaneous crimes against society,80,260,84,257
Surrey,surrey,2021/22,Possession of weapons offences,76,115,79,132
Surrey,surrey,2021/22,Public order offences,565,404,550,387
Surrey,surrey,2021/22,Robbery,1,48,3,38
Surrey,surrey,2021/22,Sexual offences,29,169,33,210
Surrey,surrey,2021/22,Theft offences,239,487,253,484
Surrey,surrey,2021/22,Violence against the person,1510,1255,1555,1376
Surrey,surrey,2022/23,Criminal damage and arson,335,210,348,218
Surrey,surrey,2022/23,Drug offences,1084,388,1079,413
Surrey,surrey,2022/23,Fraud offences to 2012/13,0,0,0,0
Surrey,surrey,2022/23,Miscellaneous crimes against society,112,252,115,257
Surrey,surrey,2022/23,Possession of weapons offences,66,134,75,138
Surrey,surrey,2022/23,Public order offences,506,400,534,460
Surrey,surrey,2022/23,Robbery,6,42,5,53
Surrey,surrey,2022/23,Sexual offences,34,240,30,234
Surrey,surrey,2022/23,Theft offences,311,646,329,747
Surrey,surrey,2022/23,Violence against the person,1735,1360,1821,1552
Surrey,surrey,2023/24,Criminal damage and arson,314,261,311,266
Surrey,surrey,2023/24,Drug offences,900,520,938,548
Surrey,surrey,2023/24,Fraud offences to 2012/13,0,0,0,0
Surrey,surrey,2023/24,Miscellaneous crimes against society,113,311,113,295
Surrey,surrey,2023/24,Possession of weapons offences,99,172,90,174
Surrey,surrey,2023/24,Public order offences,360,508,339,569
Surrey,surrey,2023/24,Robbery,2,55,3,61
Surrey,surrey,2023/24,Sexual offences,33,263,38,192
Surrey,surrey,2023/24,Theft offences,324,1099,390,1309
Surrey,surrey,2023/24,Violence against the person,1598,1859,1606,1927
Surrey,surrey,2024/25,Criminal damage and arson,236,314,252,310
Surrey,surrey,2024/25,Drug offences,1045,625,1029,595
Surrey,surrey,2024/25,Fraud offences to 2012/13,0,0,0,0
Surrey,surrey,2024/25,Miscellaneous crimes against society,117,373,124,359
Surrey,surrey,2024/25,Possession of weapons offences,78,183,88,181
Surrey,surrey,2024/25,Public order offences,252,701,262,678
Surrey,surrey,2024/25,Robbery,1,58,2,44
Surrey,surrey,2024/25,Sexual offences,33,294,35,200
Surrey,surrey,2024/25,Theft offences,395,1841,384,1854
Surrey,surrey,2024/25,Violence against the person,1121,2229,1085,2047
Surrey,surrey,2025/26,Criminal damage and arson,258,328,203,256
Surrey,surrey,2025/26,Drug offences,1194,793,1086,528
Surrey,surrey,2025/26,Fraud offences to 2012/13,0,0,0,0
Surrey,surrey,2025/26,Miscellaneous crimes against society,152,497,129,374
Surrey,surrey,2025/26,Possession of weapons offences,67,262,42,214
Surrey,surrey,2025/26,Public order offences,272,884,225,688
Surrey,surrey,2025/26,Robbery,2,96,0,70
Surrey,surrey,2025/26,Sexual offences,37,302,28,151
Surrey,surrey,2025/26,Theft offences,540,2178,468,1721
Surrey,surrey,2025/26,Violence against the person,1113,2481,866,1941
Sussex,sussex,2014/15,Criminal damage and arson,1128,1215,1120,1115
Sussex,sussex,2014/15,Drug offences,2246,1459,2266,1489
Sussex,sussex,2014/15,Fraud offences to 2012/13,0,15,0,0
Sussex,sussex,2014/15,Miscellaneous crimes against society,105,493,96,536
Sussex,sussex,2014/15,Possession of weapons offences,71,325,74,338
Sussex,sussex,2014/15,Public order offences,509,1094,518,1116
Sussex,sussex,2014/15,Robbery,1,134,2,142
Sussex,sussex,2014/15,Sexual offences,63,493,67,624
Sussex,sussex,2014/15,Theft offences,2400,4456,2396,4502
Sussex,sussex,2014/15,Violence against the person,3206,4413,3229,4502
Sussex,sussex,2015/16,Criminal damage and arson,1053,962,1059,941
Sussex,sussex,2015/16,Drug offences,1782,1302,1761,1291
Sussex,sussex,2015/16,Fraud offences to 2012/13,0,0,0,0
Sussex,sussex,2015/16,Miscellaneous crimes against society,232,468,271,502
Sussex,sussex,2015/16,Possession of weapons offences,74,349,79,346
Sussex,sussex,2015/16,Public order offences,485,919,482,940
Sussex,sussex,2015/16,Robbery,9,116,9,130
Sussex,sussex,2015/16,Sexual offences,58,563,52,542
Sussex,sussex,2015/16,Theft offences,2069,4187,2031,4118
Sussex,sussex,2015/16,Violence against the person,2940,3981,2961,4055
Sussex,sussex,2016/17,Criminal damage and arson,796,722,760,730
Sussex,sussex,2016/17,Drug offences,1586,1179,1590,1336
Sussex,sussex,2016/17,Fraud offences to 2012/13,0,0,0,0
Sussex,sussex,2016/17,Miscellaneous crimes against society,341,467,302,472
Sussex,sussex,2016/17,Possession of weapons offences,94,415,102,445
Sussex,sussex,2016/17,Public order offences,292,887,282,853
Sussex,sussex,2016/17,Robbery,5,115,7,123
Sussex,sussex,2016/17,Sexual offences,43,496,34,426
Sussex,sussex,2016/17,Theft offences,1571,3073,1533,3070
Sussex,sussex,2016/17,Violence against the person,2180,3501,2087,3471
Sussex,sussex,2017/18,Criminal damage and arson,583,662,580,643
Sussex,sussex,2017/18,Drug offences,1312,1160,1330,1120
Sussex,sussex,2017/18,Fraud offences to 2012/13,0,0,0,0
Sussex,sussex,2017/18,Miscellaneous crimes against society,313,470,318,449
Sussex,sussex,2017/18,Possession of weapons offences,110,434,106,449
Sussex,sussex,2017/18,Public order offences,222,816,212,853
Sussex,sussex,2017/18,Robbery,6,130,5,112
Sussex,sussex,2017/18,Sexual offences,28,425,41,363
Sussex,sussex,2017/18,Theft offences,1070,2644,1056,2643
Sussex,sussex,2017/18,Violence against the person,1456,3721,1495,3799
Sussex,sussex,2018/19,Criminal damage and arson,539,592,551,621
Sussex,sussex,2018/19,Drug offences,1277,1001,1317,1078
Sussex,sussex,2018/19,Fraud offences to 2012/13,0,0,0,0
Sussex,sussex,2018/19,Miscellaneous crimes against society,252,390,278,436
Sussex,sussex,2018/19,Possession of weapons offences,118,383,120,406
Sussex,sussex,2018/19,Public order offences,216,780,225,805
Sussex,sussex,2018/19,Robbery,8,107,8,140
Sussex,sussex,2018/19,Sexual offences,43,255,31,321
Sussex,sussex,2018/19,Theft offences,727,2115,749,2136
Sussex,sussex,2018/19,Violence against the person,1576,3259,1584,3461
Sussex,sussex,2019/20,Criminal damage and arson,592,567,594,598
Sussex,sussex,2019/20,Drug offences,1442,1008,1504,1076
Sussex,sussex,2019/20,Fraud offences to 2012/13,0,0,0,0
Sussex,sussex,2019/20,Miscellaneous crimes against society,331,386,312,402
Sussex,sussex,2019/20,Possession of weapons offences,134,419,143,453
Sussex,sussex,2019/20,Public order offences,251,732,270,768
Sussex,sussex,2019/20,Robbery,6,118,5,106
Sussex,sussex,2019/20,Sexual offences,17,306,31,340
Sussex,sussex,2019/20,Theft offences,631,1742,599,1763
Sussex,sussex,2019/20,Violence against the person,1705,3045,1711,3262
Sussex,sussex,2020/21,Criminal damage and arson,534,488,524,460
Sussex,sussex,2020/21,Drug offences,1650,1020,1726,1018
Sussex,sussex,2020/21,Fraud offences to 2012/13,0,0,0,0
Sussex,sussex,2020/21,Miscellaneous crimes against society,240,484,244,525
Sussex,sussex,2020/21,Possession of weapons offences,227,391,243,353
Sussex,sussex,2020/21,Public order offences,271,860,269,886
Sussex,sussex,2020/21,Robbery,3,116,5,95
Sussex,sussex,2020/21,Sexual offences,25,317,15,311
Sussex,sussex,2020/21,Theft offences,322,1347,277,1163
Sussex,sussex,2020/21,Violence against the person,1400,3239,1494,3040
Sussex,sussex,2021/22,Criminal damage and arson,549,479,571,529
Sussex,sussex,2021/22,Drug offences,1470,986,1384,882
Sussex,sussex,2021/22,Fraud offences to 2012/13,0,0,0,0
Sussex,sussex,2021/22,Miscellaneous crimes against society,255,505,272,500
Sussex,sussex,2021/22,Possession of weapons offences,279,347,317,362
Sussex,sussex,2021/22,Public order offences,313,861,314,884
Sussex,sussex,2021/22,Robbery,8,62,6,77
Sussex,sussex,2021/22,Sexual offences,49,290,62,328
Sussex,sussex,2021/22,Theft offences,318,1242,352,1249
Sussex,sussex,2021/22,Violence against the person,1729,2813,1762,2899
Sussex,sussex,2022/23,Criminal damage and arson,677,455,701,454
Sussex,sussex,2022/23,Drug offences,1349,808,1349,800
Sussex,sussex,2022/23,Fraud offences to 2012/13,0,0,0,0
Sussex,sussex,2022/23,Miscellaneous crimes against society,380,402,375,417
Sussex,sussex,2022/23,Possession of weapons offences,743,357,749,386
Sussex,sussex,2022/23,Public order offences,409,806,426,799
Sussex,sussex,2022/23,Robbery,8,84,9,90
Sussex,sussex,2022/23,Sexual offences,55,327,47,383
Sussex,sussex,2022/23,Theft offences,486,1513,531,1841
Sussex,sussex,2022/23,Violence against the person,2138,2503,2324,2624
Sussex,sussex,2023/24,Criminal damage and arson,731,480,780,559
Sussex,sussex,2023/24,Drug offences,1659,867,1766,928
Sussex,sussex,2023/24,Fraud offences to 2012/13,0,0,0,0
Sussex,sussex,2023/24,Miscellaneous crimes against society,321,424,345,406
Sussex,sussex,2023/24,Possession of weapons offences,849,445,873,490
Sussex,sussex,2023/24,Public order offences,390,679,416,753
Sussex,sussex,2023/24,Robbery,5,76,10,89
Sussex,sussex,2023/24,Sexual offences,51,334,68,376
Sussex,sussex,2023/24,Theft offences,751,2116,848,2347
Sussex,sussex,2023/24,Violence against the person,2730,2783,2878,3192
Sussex,sussex,2024/25,Criminal damage and arson,860,592,804,521
Sussex,sussex,2024/25,Drug offences,1912,991,1835,944
Sussex,sussex,2024/25,Fraud offences to 2012/13,0,0,0,0
Sussex,sussex,2024/25,Miscellaneous crimes against society,466,566,454,489
Sussex,sussex,2024/25,Possession of weapons offences,730,575,683,567
Sussex,sussex,2024/25,Public order offences,430,1116,395,1120
Sussex,sussex,2024/25,Robbery,12,110,15,108
Sussex,sussex,2024/25,Sexual offences,101,494,89,333
Sussex,sussex,2024/25,Theft offences,963,3477,950,3562
Sussex,sussex,2024/25,Violence against the person,3063,3442,2818,3140
Sussex,sussex,2025/26,Criminal damage and arson,654,516,560,385
Sussex,sussex,2025/26,Drug offences,2046,1373,1894,1069
Sussex,sussex,2025/26,Fraud offences to 2012/13,0,0,0,0
Sussex,sussex,2025/26,Miscellaneous crimes against society,413,605,374,431
Sussex,sussex,2025/26,Possession of weapons offences,544,689,502,578
Sussex,sussex,2025/26,Public order offences,416,1400,396,1226
Sussex,sussex,2025/26,Robbery,37,262,29,259
Sussex,sussex,2025/26,Sexual offences,73,638,64,225
Sussex,sussex,2025/26,Theft offences,982,4617,853,4179
Sussex,sussex,2025/26,Violence against the person,2487,3729,2234,2984
Thames Valley,thames-valley,2014/15,Criminal damage and arson,1085,1153,1122,1241
Thames Valley,thames-valley,2014/15,Drug offences,3161,2048,3199,2116
Thames Valley,thames-valley,2014/15,Fraud offences to 2012/13,1,7,0,0
Thames Valley,thames-valley,2014/15,Miscellaneous crimes against society,135,595,137,691
Thames Valley,thames-valley,2014/15,Possession of weapons offences,103,389,116,431
Thames Valley,thames-valley,2014/15,Public order offences,999,1227,1039,1273
Thames Valley,thames-valley,2014/15,Robbery,3,240,3,245
Thames Valley,thames-valley,2014/15,Sexual offences,127,688,80,793
Thames Valley,thames-valley,2014/15,Theft offences,2857,6569,2933,6649
Thames Valley,thames-valley,2014/15,Violence against the person,3028,5433,3046,5596
Thames Valley,thames-valley,2015/16,Criminal damage and arson,1021,1320,1011,1277
Thames Valley,thames-valley,2015/16,Drug offences,2555,1877,2532,1930
Thames Valley,thames-valley,2015/16,Fraud offences to 2012/13,0,0,0,0
Thames Valley,thames-valley,2015/16,Miscellaneous crimes against society,102,700,115,771
Thames Valley,thames-valley,2015/16,Possession of weapons offences,116,531,110,532
Thames Valley,thames-valley,2015/16,Public order offences,824,1480,820,1463
Thames Valley,thames-valley,2015/16,Robbery,3,232,3,240
Thames Valley,thames-valley,2015/16,Sexual offences,56,721,55,614
Thames Valley,thames-valley,2015/16,Theft offences,2540,6595,2473,6352
Thames Valley,thames-valley,2015/16,Violence against the person,2767,6173,2793,6238
Thames Valley,thames-valley,2016/17,Criminal damage and arson,810,1165,791,1135
Thames Valley,thames-valley,2016/17,Drug offences,2117,1762,2164,1793
Thames Valley,thames-valley,2016/17,Fraud offences to 2012/13,0,0,0,0
Thames Valley,thames-valley,2016/17,Miscellaneous crimes against society,92,777,90,792
Thames Valley,thames-valley,2016/17,Possession of weapons offences,103,509,107,531
Thames Valley,thames-valley,2016/17,Public order offences,567,1230,568,1247
Thames Valley,thames-valley,2016/17,Robbery,3,206,3,213
Thames Valley,thames-valley,2016/17,Sexual offences,41,510,35,526
Thames Valley,thames-valley,2016/17,Theft offences,1856,5472,1846,5455
Thames Valley,thames-valley,2016/17,Violence against the person,2123,5425,2092,5388
Thames Valley,thames-valley,2017/18,Criminal damage and arson,566,1027,615,1042
Thames Valley,thames-valley,2017/18,Drug offences,1652,1582,1856,1724
Thames Valley,thames-valley,2017/18,Fraud offences to 2012/13,0,0,0,0
Thames Valley,thames-valley,2017/18,Miscellaneous crimes against society,58,803,56,829
Thames Valley,thames-valley,2017/18,Possession of weapons offences,90,586,94,583
Thames Valley,thames-valley,2017/18,Public order offences,354,1098,399,1149
Thames Valley,thames-valley,2017/18,Robbery,8,194,8,224
Thames Valley,thames-valley,2017/18,Sexual offences,26,460,27,494
Thames Valley,thames-valley,2017/18,Theft offences,1161,4530,1160,4505
Thames Valley,thames-valley,2017/18,Violence against the person,1311,4551,1390,4781
Thames Valley,thames-valley,2018/19,Criminal damage and arson,502,866,483,913
Thames Valley,thames-valley,2018/19,Drug offences,1793,1510,1893,1619
Thames Valley,thames-valley,2018/19,Fraud offences to 2012/13,0,0,0,0
Thames Valley,thames-valley,2018/19,Miscellaneous crimes against society,61,813,58,847
Thames Valley,thames-valley,2018/19,Possession of weapons offences,97,490,111,514
Thames Valley,thames-valley,2018/19,Public order offences,402,1216,424,1299
Thames Valley,thames-valley,2018/19,Robbery,5,223,9,236
Thames Valley,thames-valley,2018/19,Sexual offences,24,366,30,460
Thames Valley,thames-valley,2018/19,Theft offences,790,3934,777,3895
Thames Valley,thames-valley,2018/19,Violence against the person,1191,4590,1172,4766
Thames Valley,thames-valley,2019/20,Criminal damage and arson,482,802,556,865
Thames Valley,thames-valley,2019/20,Drug offences,2203,1498,2443,1573
Thames Valley,thames-valley,2019/20,Fraud offences to 2012/13,0,0,0,0
Thames Valley,thames-valley,2019/20,Miscellaneous crimes against society,50,816,54,840
Thames Valley,thames-valley,2019/20,Possession of weapons offences,112,469,118,536
Thames Valley,thames-valley,2019/20,Public order offences,475,1260,511,1335
Thames Valley,thames-valley,2019/20,Robbery,5,249,6,261
Thames Valley,thames-valley,2019/20,Sexual offences,17,387,18,465
Thames Valley,thames-valley,2019/20,Theft offences,674,3705,714,3782
Thames Valley,thames-valley,2019/20,Violence against the person,1233,4292,1429,4643
Thames Valley,thames-valley,2020/21,Criminal damage and arson,932,841,899,809
Thames Valley,thames-valley,2020/21,Drug offences,3961,1463,3829,1478
Thames Valley,thames-valley,2020/21,Fraud offences to 2012/13,0,0,0,0
Thames Valley,thames-valley,2020/21,Miscellaneous crimes against society,89,773,106,752
Thames Valley,thames-valley,2020/21,Possession of weapons offences,264,521,267,507
Thames Valley,thames-valley,2020/21,Public order offences,965,1379,1033,1371
Thames Valley,thames-valley,2020/21,Robbery,10,228,7,204
Thames Valley,thames-valley,2020/21,Sexual offences,44,467,46,398
Thames Valley,thames-valley,2020/21,Theft offences,785,2580,730,2391
Thames Valley,thames-valley,2020/21,Violence against the person,3106,4686,3302,4523
Thames Valley,thames-valley,2021/22,Criminal damage and arson,1069,617,1123,670
Thames Valley,thames-valley,2021/22,Drug offences,3613,1131,3527,1107
Thames Valley,thames-valley,2021/22,Fraud offences to 2012/13,0,0,0,0
Thames Valley,thames-valley,2021/22,Miscellaneous crimes against society,157,594,158,601
Thames Valley,thames-valley,2021/22,Possession of weapons offences,284,453,300,461
Thames Valley,thames-valley,2021/22,Public order offences,1627,1251,1733,1335
Thames Valley,thames-valley,2021/22,Robbery,4,155,6,141
Thames Valley,thames-valley,2021/22,Sexual offences,55,407,67,524
Thames Valley,thames-valley,2021/22,Theft offences,937,2028,941,1943
Thames Valley,thames-valley,2021/22,Violence against the person,4147,3692,4338,4174
Thames Valley,thames-valley,2022/23,Criminal damage and arson,1062,745,1026,726
Thames Valley,thames-valley,2022/23,Drug offences,3606,1214,3413,1070
Thames Valley,thames-valley,2022/23,Fraud offences to 2012/13,0,0,0,0
Thames Valley,thames-valley,2022/23,Miscellaneous crimes against society,148,692,158,712
Thames Valley,thames-valley,2022/23,Possession of weapons offences,330,626,325,619
Thames Valley,thames-valley,2022/23,Public order offences,1624,1366,1554,1337
Thames Valley,thames-valley,2022/23,Robbery,9,165,9,179
Thames Valley,thames-valley,2022/23,Sexual offences,71,546,65,559
Thames Valley,thames-valley,2022/23,Theft offences,954,2218,931,2297
Thames Valley,thames-valley,2022/23,Violence against the person,4236,4413,4096,4178
Thames Valley,thames-valley,2023/24,Criminal damage and arson,875,672,845,657
Thames Valley,thames-valley,2023/24,Drug offences,3485,1125,3548,1054
Thames Valley,thames-valley,2023/24,Fraud offences to 2012/13,0,0,0,0
Thames Valley,thames-valley,2023/24,Miscellaneous crimes against society,139,791,136,737
Thames Valley,thames-valley,2023/24,Possession of weapons offences,358,735,360,712
Thames Valley,thames-valley,2023/24,Public order offences,994,1181,915,1213
Thames Valley,thames-valley,2023/24,Robbery,15,189,16,197
Thames Valley,thames-valley,2023/24,Sexual offences,49,625,52,548
Thames Valley,thames-valley,2023/24,Theft offences,1030,3209,1048,3494
Thames Valley,thames-valley,2023/24,Violence against the person,3652,4369,3633,4475
Thames Valley,thames-valley,2024/25,Criminal damage and arson,804,690,826,626
Thames Valley,thames-valley,2024/25,Drug offences,3813,1214,3759,1114
Thames Valley,thames-valley,2024/25,Fraud offences to 2012/13,0,0,0,0
Thames Valley,thames-valley,2024/25,Miscellaneous crimes against society,161,806,158,691
Thames Valley,thames-valley,2024/25,Possession of weapons offences,262,688,282,665
Thames Valley,thames-valley,2024/25,Public order offences,896,1258,898,1198
Thames Valley,thames-valley,2024/25,Robbery,11,328,16,335
Thames Valley,thames-valley,2024/25,Sexual offences,65,600,62,493
Thames Valley,thames-valley,2024/25,Theft offences,1239,5075,1288,5110
Thames Valley,thames-valley,2024/25,Violence against the person,3311,4592,3275,4394
Thames Valley,thames-valley,2025/26,Criminal damage and arson,901,659,788,513
Thames Valley,thames-valley,2025/26,Drug offences,4114,1263,3901,866
Thames Valley,thames-valley,2025/26,Fraud offences to 2012/13,0,0,0,0
Thames Valley,thames-valley,2025/26,Miscellaneous crimes against society,164,845,115,602
Thames Valley,thames-valley,2025/26,Possession of weapons offences,308,593,267,507
Thames Valley,thames-valley,2025/26,Public order offences,921,1380,776,1084
Thames Valley,thames-valley,2025/26,Robbery,22,317,14,242
Thames Valley,thames-valley,2025/26,Sexual offences,62,775,41,314
Thames Valley,thames-valley,2025/26,Theft offences,1501,5529,1388,4963
Thames Valley,thames-valley,2025/26,Violence against the person,3265,4295,2939,3183
Warwickshire,warwickshire,2014/15,Criminal damage and arson,268,292,282,279
Warwickshire,warwickshire,2014/15,Drug offences,712,276,712,284
Warwickshire,warwickshire,2014/15,Fraud offences to 2012/13,0,0,0,0
Warwickshire,warwickshire,2014/15,Miscellaneous crimes against society,21,117,32,127
Warwickshire,warwickshire,2014/15,Possession of weapons offences,16,98,18,95
Warwickshire,warwickshire,2014/15,Public order offences,120,220,123,217
Warwickshire,warwickshire,2014/15,Robbery,5,53,3,53
Warwickshire,warwickshire,2014/15,Sexual offences,33,130,31,133
Warwickshire,warwickshire,2014/15,Theft offences,608,1337,602,1366
Warwickshire,warwickshire,2014/15,Violence against the person,699,1050,678,1055
Warwickshire,warwickshire,2015/16,Criminal damage and arson,306,266,315,271
Warwickshire,warwickshire,2015/16,Drug offences,541,302,540,297
Warwickshire,warwickshire,2015/16,Fraud offences to 2012/13,0,0,0,0
Warwickshire,warwickshire,2015/16,Miscellaneous crimes against society,39,147,35,164
Warwickshire,warwickshire,2015/16,Possession of weapons offences,21,94,20,93
Warwickshire,warwickshire,2015/16,Public order offences,136,243,140,269
Warwickshire,warwickshire,2015/16,Robbery,1,53,2,55
Warwickshire,warwickshire,2015/16,Sexual offences,30,154,27,181
Warwickshire,warwickshire,2015/16,Theft offences,530,1406,519,1398
Warwickshire,warwickshire,2015/16,Violence against the person,744,1191,773,1239
Warwickshire,warwickshire,2016/17,Criminal damage and arson,269,274,261,260
Warwickshire,warwickshire,2016/17,Drug offences,502,339,503,348
Warwickshire,warwickshire,2016/17,Fraud offences to 2012/13,0,0,0,0
Warwickshire,warwickshire,2016/17,Miscellaneous crimes against society,35,187,36,193
Warwickshire,warwickshire,2016/17,Possession of weapons offences,33,133,39,136
Warwickshire,warwickshire,2016/17,Public order offences,157,295,158,289
Warwickshire,warwickshire,2016/17,Robbery,2,58,2,50
Warwickshire,warwickshire,2016/17,Sexual offences,11,213,11,191
Warwickshire,warwickshire,2016/17,Theft offences,556,1524,541,1515
Warwickshire,warwickshire,2016/17,Violence against the person,731,1296,715,1279
Warwickshire,warwickshire,2017/18,Criminal damage and arson,215,249,204,259
Warwickshire,warwickshire,2017/18,Drug offences,381,266,406,298
Warwickshire,warwickshire,2017/18,Fraud offences to 2012/13,0,0,0,0
Warwickshire,warwickshire,2017/18,Miscellaneous crimes against society,12,191,10,190
Warwickshire,warwickshire,2017/18,Possession of weapons offences,36,110,43,129
Warwickshire,warwickshire,2017/18,Public order offences,125,263,125,257
Warwickshire,warwickshire,2017/18,Robbery,3,60,2,71
Warwickshire,warwickshire,2017/18,Sexual offences,8,136,11,144
Warwickshire,warwickshire,2017/18,Theft offences,393,1356,428,1325
Warwickshire,warwickshire,2017/18,Violence against the person,485,1095,504,1100
Warwickshire,warwickshire,2018/19,Criminal damage and arson,179,258,181,237
Warwickshire,warwickshire,2018/19,Drug offences,336,295,335,313
Warwickshire,warwickshire,2018/19,Fraud offences to 2012/13,0,0,0,0
Warwickshire,warwickshire,2018/19,Miscellaneous crimes against society,16,132,22,148
Warwickshire,warwickshire,2018/19,Possession of weapons offences,41,131,33,130
Warwickshire,warwickshire,2018/19,Public order offences,104,237,104,247
Warwickshire,warwickshire,2018/19,Robbery,0,51,0,59
Warwickshire,warwickshire,2018/19,Sexual offences,10,76,10,100
Warwickshire,warwickshire,2018/19,Theft offences,293,939,256,913
Warwickshire,warwickshire,2018/19,Violence against the person,475,1058,460,1078
Warwickshire,warwickshire,2019/20,Criminal damage and arson,188,175,202,193
Warwickshire,warwickshire,2019/20,Drug offences,341,257,341,276
Warwickshire,warwickshire,2019/20,Fraud offences to 2012/13,0,0,0,0
Warwickshire,warwickshire,2019/20,Miscellaneous crimes against society,56,148,58,137
Warwickshire,warwickshire,2019/20,Possession of weapons offences,33,120,43,120
Warwickshire,warwickshire,2019/20,Public order offences,70,221,67,230
Warwickshire,warwickshire,2019/20,Robbery,0,55,0,55
Warwickshire,warwickshire,2019/20,Sexual offences,8,122,10,100
Warwickshire,warwickshire,2019/20,Theft offences,236,884,243,926
Warwickshire,warwickshire,2019/20,Violence against the person,521,1046,545,1089
Warwickshire,warwickshire,2020/21,Criminal damage and arson,206,215,185,226
Warwickshire,warwickshire,2020/21,Drug offences,531,391,522,408
Warwickshire,warwickshire,2020/21,Fraud offences to 2012/13,0,0,0,0
Warwickshire,warwickshire,2020/21,Miscellaneous crimes against society,32,159,30,172
Warwickshire,warwickshire,2020/21,Possession of weapons offences,68,122,68,119
Warwickshire,warwickshire,2020/21,Public order offences,115,314,120,299
Warwickshire,warwickshire,2020/21,Robbery,4,51,4,41
Warwickshire,warwickshire,2020/21,Sexual offences,13,98,11,91
Warwickshire,warwickshire,2020/21,Theft offences,167,733,160,677
Warwickshire,warwickshire,2020/21,Violence against the person,672,1338,651,1298
Warwickshire,warwickshire,2021/22,Criminal damage and arson,154,241,154,230
Warwickshire,warwickshire,2021/22,Drug offences,326,333,315,338
Warwickshire,warwickshire,2021/22,Fraud offences to 2012/13,0,0,0,0
Warwickshire,warwickshire,2021/22,Miscellaneous crimes against society,24,114,28,127
Warwickshire,warwickshire,2021/22,Possession of weapons offences,27,110,23,123
Warwickshire,warwickshire,2021/22,Public order offences,79,298,83,288
Warwickshire,warwickshire,2021/22,Robbery,0,34,0,32
Warwickshire,warwickshire,2021/22,Sexual offences,11,105,18,124
Warwickshire,warwickshire,2021/22,Theft offences,116,493,111,428
Warwickshire,warwickshire,2021/22,Violence against the person,473,1053,492,1059
Warwickshire,warwickshire,2022/23,Criminal damage and arson,116,206,110,188
Warwickshire,warwickshire,2022/23,Drug offences,229,326,235,312
Warwickshire,warwickshire,2022/23,Fraud offences to 2012/13,0,0,0,0
Warwickshire,warwickshire,2022/23,Miscellaneous crimes against society,23,146,16,168
Warwickshire,warwickshire,2022/23,Possession of weapons offences,28,145,28,134
Warwickshire,warwickshire,2022/23,Public order offences,74,214,62,222
Warwickshire,warwickshire,2022/23,Robbery,2,27,2,22
Warwickshire,warwickshire,2022/23,Sexual offences,14,100,12,154
Warwickshire,warwickshire,2022/23,Theft offences,80,505,85,529
Warwickshire,warwickshire,2022/23,Violence against the person,292,945,258,985
Warwickshire,warwickshire,2023/24,Criminal damage and arson,92,181,111,231
Warwickshire,warwickshire,2023/24,Drug offences,223,325,254,343
Warwickshire,warwickshire,2023/24,Fraud offences to 2012/13,0,0,0,0
Warwickshire,warwickshire,2023/24,Miscellaneous crimes against society,24,161,33,158
Warwickshire,warwickshire,2023/24,Possession of weapons offences,36,141,39,155
Warwickshire,warwickshire,2023/24,Public order offences,61,220,77,256
Warwickshire,warwickshire,2023/24,Robbery,0,24,0,29
Warwickshire,warwickshire,2023/24,Sexual offences,18,149,17,175
Warwickshire,warwickshire,2023/24,Theft offences,150,741,161,876
Warwickshire,warwickshire,2023/24,Violence against the person,299,1030,360,1140
Warwickshire,warwickshire,2024/25,Criminal damage and arson,105,212,105,200
Warwickshire,warwickshire,2024/25,Drug offences,265,327,253,313
Warwickshire,warwickshire,2024/25,Fraud offences to 2012/13,0,0,0,0
Warwickshire,warwickshire,2024/25,Miscellaneous crimes against society,55,165,64,155
Warwickshire,warwickshire,2024/25,Possession of weapons offences,25,149,16,138
Warwickshire,warwickshire,2024/25,Public order offences,47,242,40,255
Warwickshire,warwickshire,2024/25,Robbery,0,33,1,23
Warwickshire,warwickshire,2024/25,Sexual offences,17,189,22,142
Warwickshire,warwickshire,2024/25,Theft offences,106,833,101,927
Warwickshire,warwickshire,2024/25,Violence against the person,295,1086,283,1125
Warwickshire,warwickshire,2025/26,Criminal damage and arson,105,202,88,161
Warwickshire,warwickshire,2025/26,Drug offences,201,382,179,256
Warwickshire,warwickshire,2025/26,Fraud offences to 2012/13,0,0,0,0
Warwickshire,warwickshire,2025/26,Miscellaneous crimes against society,115,215,101,130
Warwickshire,warwickshire,2025/26,Possession of weapons offences,10,129,11,104
Warwickshire,warwickshire,2025/26,Public order offences,66,274,57,213
Warwickshire,warwickshire,2025/26,Robbery,1,41,0,40
Warwickshire,warwickshire,2025/26,Sexual offences,24,230,15,80
Warwickshire,warwickshire,2025/26,Theft offences,107,1237,88,957
Warwickshire,warwickshire,2025/26,Violence against the person,274,1149,225,838
West Mercia,west-mercia,2014/15,Criminal damage and arson,745,816,736,843
West Mercia,west-mercia,2014/15,Drug offences,1526,820,1517,828
West Mercia,west-mercia,2014/15,Fraud offences to 2012/13,0,0,0,0
West Mercia,west-mercia,2014/15,Miscellaneous crimes against society,73,406,79,432
West Mercia,west-mercia,2014/15,Possession of weapons offences,75,197,79,213
West Mercia,west-mercia,2014/15,Public order offences,316,798,328,799
West Mercia,west-mercia,2014/15,Robbery,3,111,5,104
West Mercia,west-mercia,2014/15,Sexual offences,38,407,50,446
West Mercia,west-mercia,2014/15,Theft offences,1986,3535,1969,3445
West Mercia,west-mercia,2014/15,Violence against the person,1787,3074,1796,3143
West Mercia,west-mercia,2015/16,Criminal damage and arson,725,861,736,876
West Mercia,west-mercia,2015/16,Drug offences,1530,871,1533,950
West Mercia,west-mercia,2015/16,Fraud offences to 2012/13,0,0,0,0
West Mercia,west-mercia,2015/16,Miscellaneous crimes against society,78,435,77,469
West Mercia,west-mercia,2015/16,Possession of weapons offences,79,248,76,263
West Mercia,west-mercia,2015/16,Public order offences,340,918,344,988
West Mercia,west-mercia,2015/16,Robbery,5,112,3,116
West Mercia,west-mercia,2015/16,Sexual offences,48,475,43,492
West Mercia,west-mercia,2015/16,Theft offences,1823,3291,1808,3382
West Mercia,west-mercia,2015/16,Violence against the person,1895,3572,1915,3694
West Mercia,west-mercia,2016/17,Criminal damage and arson,668,779,652,758
West Mercia,west-mercia,2016/17,Drug offences,1188,939,1209,883
West Mercia,west-mercia,2016/17,Fraud offences to 2012/13,0,0,0,0
West Mercia,west-mercia,2016/17,Miscellaneous crimes against society,64,512,67,502
West Mercia,west-mercia,2016/17,Possession of weapons offences,84,300,91,284
West Mercia,west-mercia,2016/17,Public order offences,342,1171,346,1128
West Mercia,west-mercia,2016/17,Robbery,5,95,6,98
West Mercia,west-mercia,2016/17,Sexual offences,24,464,32,408
West Mercia,west-mercia,2016/17,Theft offences,1565,3606,1547,3481
West Mercia,west-mercia,2016/17,Violence against the person,1618,3678,1627,3624
West Mercia,west-mercia,2017/18,Criminal damage and arson,479,681,493,666
West Mercia,west-mercia,2017/18,Drug offences,961,705,989,729
West Mercia,west-mercia,2017/18,Fraud offences to 2012/13,0,0,0,0
West Mercia,west-mercia,2017/18,Miscellaneous crimes against society,38,404,46,405
West Mercia,west-mercia,2017/18,Possession of weapons offences,68,246,80,264
West Mercia,west-mercia,2017/18,Public order offences,224,952,219,956
West Mercia,west-mercia,2017/18,Robbery,4,109,4,104
West Mercia,west-mercia,2017/18,Sexual offences,31,345,23,331
West Mercia,west-mercia,2017/18,Theft offences,1179,3182,1218,3234
West Mercia,west-mercia,2017/18,Violence against the person,1102,3159,1121,3162
West Mercia,west-mercia,2018/19,Criminal damage and arson,405,552,375,528
West Mercia,west-mercia,2018/19,Drug offences,857,646,840,716
West Mercia,west-mercia,2018/19,Fraud offences to 2012/13,0,0,0,0
West Mercia,west-mercia,2018/19,Miscellaneous crimes against society,29,296,41,321
West Mercia,west-mercia,2018/19,Possession of weapons offences,137,246,132,256
West Mercia,west-mercia,2018/19,Public order offences,174,824,177,816
West Mercia,west-mercia,2018/19,Robbery,0,78,3,81
West Mercia,west-mercia,2018/19,Sexual offences,16,219,23,300
West Mercia,west-mercia,2018/19,Theft offences,940,2988,892,2974
West Mercia,west-mercia,2018/19,Violence against the person,984,2725,962,2681
West Mercia,west-mercia,2019/20,Criminal damage and arson,366,499,352,521
West Mercia,west-mercia,2019/20,Drug offences,907,667,922,720
West Mercia,west-mercia,2019/20,Fraud offences to 2012/13,0,0,0,0
West Mercia,west-mercia,2019/20,Miscellaneous crimes against society,67,344,61,303
West Mercia,west-mercia,2019/20,Possession of weapons offences,117,265,114,251
West Mercia,west-mercia,2019/20,Public order offences,185,859,185,901
West Mercia,west-mercia,2019/20,Robbery,6,89,3,86
West Mercia,west-mercia,2019/20,Sexual offences,45,288,45,294
West Mercia,west-mercia,2019/20,Theft offences,756,2852,740,2861
West Mercia,west-mercia,2019/20,Violence against the person,1079,2686,1065,2851
West Mercia,west-mercia,2020/21,Criminal damage and arson,287,443,275,430
West Mercia,west-mercia,2020/21,Drug offences,1138,760,1168,730
West Mercia,west-mercia,2020/21,Fraud offences to 2012/13,0,0,0,0
West Mercia,west-mercia,2020/21,Miscellaneous crimes against society,52,312,54,320
West Mercia,west-mercia,2020/21,Possession of weapons offences,100,208,104,210
West Mercia,west-mercia,2020/21,Public order offences,177,863,169,836
West Mercia,west-mercia,2020/21,Robbery,1,60,1,55
West Mercia,west-mercia,2020/21,Sexual offences,32,287,35,274
West Mercia,west-mercia,2020/21,Theft offences,358,1716,337,1560
West Mercia,west-mercia,2020/21,Violence against the person,856,2587,842,2515
West Mercia,west-mercia,2021/22,Criminal damage and arson,297,362,317,386
West Mercia,west-mercia,2021/22,Drug offences,849,575,832,534
West Mercia,west-mercia,2021/22,Fraud offences to 2012/13,0,0,0,0
West Mercia,west-mercia,2021/22,Miscellaneous crimes against society,56,241,54,281
West Mercia,west-mercia,2021/22,Possession of weapons offences,99,215,98,217
West Mercia,west-mercia,2021/22,Public order offences,207,796,222,807
West Mercia,west-mercia,2021/22,Robbery,4,50,3,52
West Mercia,west-mercia,2021/22,Sexual offences,44,316,42,370
West Mercia,west-mercia,2021/22,Theft offences,281,1582,292,1541
West Mercia,west-mercia,2021/22,Violence against the person,851,2187,886,2231
West Mercia,west-mercia,2022/23,Criminal damage and arson,251,457,235,438
West Mercia,west-mercia,2022/23,Drug offences,800,418,786,382
West Mercia,west-mercia,2022/23,Fraud offences to 2012/13,0,0,0,0
West Mercia,west-mercia,2022/23,Miscellaneous crimes against society,51,265,50,294
West Mercia,west-mercia,2022/23,Possession of weapons offences,91,219,84,220
West Mercia,west-mercia,2022/23,Public order offences,201,736,183,755
West Mercia,west-mercia,2022/23,Robbery,2,76,3,85
West Mercia,west-mercia,2022/23,Sexual offences,43,351,35,382
West Mercia,west-mercia,2022/23,Theft offences,290,2190,303,2294
West Mercia,west-mercia,2022/23,Violence against the person,786,2262,730,2382
West Mercia,west-mercia,2023/24,Criminal damage and arson,275,448,300,466
West Mercia,west-mercia,2023/24,Drug offences,751,433,746,434
West Mercia,west-mercia,2023/24,Fraud offences to 2012/13,0,0,0,0
West Mercia,west-mercia,2023/24,Miscellaneous crimes against society,44,323,57,346
West Mercia,west-mercia,2023/24,Possession of weapons offences,79,257,89,274
West Mercia,west-mercia,2023/24,Public order offences,174,693,197,698
West Mercia,west-mercia,2023/24,Robbery,1,60,1,62
West Mercia,west-mercia,2023/24,Sexual offences,24,385,34,383
West Mercia,west-mercia,2023/24,Theft offences,372,3224,411,3312
West Mercia,west-mercia,2023/24,Violence against the person,848,2496,947,2711
West Mercia,west-mercia,2024/25,Criminal damage and arson,264,462,256,504
West Mercia,west-mercia,2024/25,Drug offences,516,540,528,530
West Mercia,west-mercia,2024/25,Fraud offences to 2012/13,0,0,0,0
West Mercia,west-mercia,2024/25,Miscellaneous crimes against society,96,411,107,305
West Mercia,west-mercia,2024/25,Possession of weapons offences,78,291,72,304
West Mercia,west-mercia,2024/25,Public order offences,166,715,169,716
West Mercia,west-mercia,2024/25,Robbery,3,69,3,60
West Mercia,west-mercia,2024/25,Sexual offences,48,430,64,336
West Mercia,west-mercia,2024/25,Theft offences,386,3477,372,3415
West Mercia,west-mercia,2024/25,Violence against the person,791,2810,807,2736
West Mercia,west-mercia,2025/26,Criminal damage and arson,308,495,282,387
West Mercia,west-mercia,2025/26,Drug offences,603,732,546,560
West Mercia,west-mercia,2025/26,Fraud offences to 2012/13,0,0,0,0
West Mercia,west-mercia,2025/26,Miscellaneous crimes against society,260,387,220,289
West Mercia,west-mercia,2025/26,Possession of weapons offences,77,313,67,263
West Mercia,west-mercia,2025/26,Public order offences,207,724,180,642
West Mercia,west-mercia,2025/26,Robbery,11,181,10,164
West Mercia,west-mercia,2025/26,Sexual offences,84,429,56,159
West Mercia,west-mercia,2025/26,Theft offences,496,3546,444,3302
West Mercia,west-mercia,2025/26,Violence against the person,1222,2701,1079,2102
West Midlands,west-midlands,2014/15,Criminal damage and arson,1524,1992,1556,1971
West Midlands,west-midlands,2014/15,Drug offences,2453,2625,2507,2598
West Midlands,west-midlands,2014/15,Fraud offences to 2012/13,2,10,0,0
West Midlands,west-midlands,2014/15,Miscellaneous crimes against society,212,1000,214,1025
West Midlands,west-midlands,2014/15,Possession of weapons offences,156,729,168,743
West Midlands,west-midlands,2014/15,Public order offences,807,2233,852,2284
West Midlands,west-midlands,2014/15,Robbery,32,976,29,955
West Midlands,west-midlands,2014/15,Sexual offences,173,766,156,743
West Midlands,west-midlands,2014/15,Theft offences,4950,10779,5013,10686
West Midlands,west-midlands,2014/15,Violence against the person,4719,9207,4776,9262
West Midlands,west-midlands,2015/16,Criminal damage and arson,1499,1982,1465,2016
West Midlands,west-midlands,2015/16,Drug offences,2227,2496,2266,2583
West Midlands,west-midlands,2015/16,Fraud offences to 2012/13,0,0,0,0
West Midlands,west-midlands,2015/16,Miscellaneous crimes against society,171,991,178,998
West Midlands,west-midlands,2015/16,Possession of weapons offences,173,796,190,815
West Midlands,west-midlands,2015/16,Public order offences,818,2168,808,2231
West Midlands,west-midlands,2015/16,Robbery,20,815,22,821
West Midlands,west-midlands,2015/16,Sexual offences,127,784,109,811
West Midlands,west-midlands,2015/16,Theft offences,4323,10596,4281,10596
West Midlands,west-midlands,2015/16,Violence against the person,4599,8732,4592,8882
West Midlands,west-midlands,2016/17,Criminal damage and arson,1059,1773,1030,1773
West Midlands,west-midlands,2016/17,Drug offences,1724,2252,1695,2183
West Midlands,west-midlands,2016/17,Fraud offences to 2012/13,0,0,0,0
West Midlands,west-midlands,2016/17,Miscellaneous crimes against society,114,910,107,942
West Midlands,west-midlands,2016/17,Possession of weapons offences,168,911,166,913
West Midlands,west-midlands,2016/17,Public order offences,609,2142,594,2106
West Midlands,west-midlands,2016/17,Robbery,19,896,18,947
West Midlands,west-midlands,2016/17,Sexual offences,107,820,110,658
West Midlands,west-midlands,2016/17,Theft offences,2865,9647,2900,9659
West Midlands,west-midlands,2016/17,Violence against the person,3687,8708,3789,8661
West Midlands,west-midlands,2017/18,Criminal damage and arson,793,1674,813,1691
West Midlands,west-midlands,2017/18,Drug offences,1393,1911,1392,1913
West Midlands,west-midlands,2017/18,Fraud offences to 2012/13,0,0,0,0
West Midlands,west-midlands,2017/18,Miscellaneous crimes against society,123,818,111,801
West Midlands,west-midlands,2017/18,Possession of weapons offences,192,853,219,856
West Midlands,west-midlands,2017/18,Public order offences,447,2063,445,2075
West Midlands,west-midlands,2017/18,Robbery,15,807,17,773
West Midlands,west-midlands,2017/18,Sexual offences,119,621,141,582
West Midlands,west-midlands,2017/18,Theft offences,1793,8039,1743,8273
West Midlands,west-midlands,2017/18,Violence against the person,3343,7717,3352,7702
West Midlands,west-midlands,2018/19,Criminal damage and arson,727,1471,719,1474
West Midlands,west-midlands,2018/19,Drug offences,1431,1919,1504,2041
West Midlands,west-midlands,2018/19,Fraud offences to 2012/13,0,0,0,0
West Midlands,west-midlands,2018/19,Miscellaneous crimes against society,97,786,107,813
West Midlands,west-midlands,2018/19,Possession of weapons offences,200,1032,225,1078
West Midlands,west-midlands,2018/19,Public order offences,311,1852,313,1857
West Midlands,west-midlands,2018/19,Robbery,16,809,19,887
West Midlands,west-midlands,2018/19,Sexual offences,128,381,127,460
West Midlands,west-midlands,2018/19,Theft offences,1286,7867,1246,7724
West Midlands,west-midlands,2018/19,Violence against the person,2914,6786,2957,6820
West Midlands,west-midlands,2019/20,Criminal damage and arson,550,1350,503,1283
West Midlands,west-midlands,2019/20,Drug offences,1708,1955,1673,1886
West Midlands,west-midlands,2019/20,Fraud offences to 2012/13,0,0,0,0
West Midlands,west-midlands,2019/20,Miscellaneous crimes against society,91,716,78,651
West Midlands,west-midlands,2019/20,Possession of weapons offences,196,1095,187,1084
West Midlands,west-midlands,2019/20,Public order offences,287,1765,274,1790
West Midlands,west-midlands,2019/20,Robbery,31,935,31,898
West Midlands,west-midlands,2019/20,Sexual offences,91,514,91,392
West Midlands,west-midlands,2019/20,Theft offences,862,6203,752,5836
West Midlands,west-midlands,2019/20,Violence against the person,2611,5528,2506,5598
West Midlands,west-midlands,2020/21,Criminal damage and arson,228,700,146,616
West Midlands,west-midlands,2020/21,Drug offences,1623,1393,1489,1092
West Midlands,west-midlands,2020/21,Fraud offences to 2012/13,0,0,0,0
West Midlands,west-midlands,2020/21,Miscellaneous crimes against society,59,555,44,426
West Midlands,west-midlands,2020/21,Possession of weapons offences,151,888,72,809
West Midlands,west-midlands,2020/21,Public order offences,245,1601,207,1384
West Midlands,west-midlands,2020/21,Robbery,26,618,18,423
West Midlands,west-midlands,2020/21,Sexual offences,78,460,34,183
West Midlands,west-midlands,2020/21,Theft offences,366,3209,281,2686
West Midlands,west-midlands,2020/21,Violence against the person,1790,4757,1412,3869
West Midlands,west-midlands,2021/22,Criminal damage and arson,451,973,383,921
West Midlands,west-midlands,2021/22,Drug offences,2071,1040,2306,1038
West Midlands,west-midlands,2021/22,Fraud offences to 2012/13,0,0,0,0
West Midlands,west-midlands,2021/22,Miscellaneous crimes against society,73,427,58,461
West Midlands,west-midlands,2021/22,Possession of weapons offences,248,1004,273,947
West Midlands,west-midlands,2021/22,Public order offences,357,1371,337,1349
West Midlands,west-midlands,2021/22,Robbery,181,520,220,538
West Midlands,west-midlands,2021/22,Sexual offences,48,417,65,507
West Midlands,west-midlands,2021/22,Theft offences,407,3092,466,3107
West Midlands,west-midlands,2021/22,Violence against the person,2279,4545,2221,4655
West Midlands,west-midlands,2022/23,Criminal damage and arson,426,885,391,937
West Midlands,west-midlands,2022/23,Drug offences,2580,926,2673,1054
West Midlands,west-midlands,2022/23,Fraud offences to 2012/13,0,0,0,0
West Midlands,west-midlands,2022/23,Miscellaneous crimes against society,76,370,73,500
West Midlands,west-midlands,2022/23,Possession of weapons offences,276,974,274,1047
West Midlands,west-midlands,2022/23,Public order offences,363,1267,342,1386
West Midlands,west-midlands,2022/23,Robbery,240,465,238,581
West Midlands,west-midlands,2022/23,Sexual offences,67,365,81,629
West Midlands,west-midlands,2022/23,Theft offences,525,3484,529,4105
West Midlands,west-midlands,2022/23,Violence against the person,2333,4536,2228,4917
West Midlands,west-midlands,2023/24,Criminal damage and arson,491,906,538,956
West Midlands,west-midlands,2023/24,Drug offences,3542,1156,3158,1213
West Midlands,west-midlands,2023/24,Fraud offences to 2012/13,0,0,0,0
West Midlands,west-midlands,2023/24,Miscellaneous crimes against society,104,549,115,583
West Midlands,west-midlands,2023/24,Possession of weapons offences,307,1135,298,1217
West Midlands,west-midlands,2023/24,Public order offences,381,1366,398,1398
West Midlands,west-midlands,2023/24,Robbery,215,825,178,892
West Midlands,west-midlands,2023/24,Sexual offences,86,638,74,710
West Midlands,west-midlands,2023/24,Theft offences,868,5393,933,5803
West Midlands,west-midlands,2023/24,Violence against the person,2705,5362,2880,5743
West Midlands,west-midlands,2024/25,Criminal damage and arson,810,1248,813,1164
West Midlands,west-midlands,2024/25,Drug offences,4234,1614,4132,1498
West Midlands,west-midlands,2024/25,Fraud offences to 2012/13,0,0,0,0
West Midlands,west-midlands,2024/25,Miscellaneous crimes against society,136,991,118,910
West Midlands,west-midlands,2024/25,Possession of weapons offences,393,1702,318,1600
West Midlands,west-midlands,2024/25,Public order offences,507,1911,500,1885
West Midlands,west-midlands,2024/25,Robbery,102,908,100,816
West Midlands,west-midlands,2024/25,Sexual offences,93,769,98,676
West Midlands,west-midlands,2024/25,Theft offences,1451,9044,1452,8955
West Midlands,west-midlands,2024/25,Violence against the person,4230,7513,4247,7366
West Midlands,west-midlands,2025/26,Criminal damage and arson,1023,1563,911,1407
West Midlands,west-midlands,2025/26,Drug offences,5156,2037,4941,1687
West Midlands,west-midlands,2025/26,Fraud offences to 2012/13,0,0,0,0
West Midlands,west-midlands,2025/26,Miscellaneous crimes against society,173,1176,153,964
West Midlands,west-midlands,2025/26,Possession of weapons offences,350,2073,291,1897
West Midlands,west-midlands,2025/26,Public order offences,635,2243,573,1869
West Midlands,west-midlands,2025/26,Robbery,91,1172,62,972
West Midlands,west-midlands,2025/26,Sexual offences,147,1191,105,630
West Midlands,west-midlands,2025/26,Theft offences,1911,11280,1772,10276
West Midlands,west-midlands,2025/26,Violence against the person,5224,9704,4654,8009
West Yorkshire,west-yorkshire,2014/15,Criminal damage and arson,1830,1804,1939,1972
West Yorkshire,west-yorkshire,2014/15,Drug offences,2276,1796,2362,1793
West Yorkshire,west-yorkshire,2014/15,Fraud offences to 2012/13,1,50,0,0
West Yorkshire,west-yorkshire,2014/15,Miscellaneous crimes against society,210,1026,235,1078
West Yorkshire,west-yorkshire,2014/15,Possession of weapons offences,106,432,109,466
West Yorkshire,west-yorkshire,2014/15,Public order offences,682,1788,743,1870
West Yorkshire,west-yorkshire,2014/15,Robbery,10,376,12,414
West Yorkshire,west-yorkshire,2014/15,Sexual offences,50,646,51,595
West Yorkshire,west-yorkshire,2014/15,Theft offences,3941,7627,4098,7811
West Yorkshire,west-yorkshire,2014/15,Violence against the person,3196,6724,3457,7345
West Yorkshire,west-yorkshire,2015/16,Criminal damage and arson,1628,2101,1604,2089
West Yorkshire,west-yorkshire,2015/16,Drug offences,1892,1763,1901,1764
West Yorkshire,west-yorkshire,2015/16,Fraud offences to 2012/13,0,0,0,0
West Yorkshire,west-yorkshire,2015/16,Miscellaneous crimes against society,205,1120,199,1156
West Yorkshire,west-yorkshire,2015/16,Possession of weapons offences,106,512,124,507
West Yorkshire,west-yorkshire,2015/16,Public order offences,803,2114,816,2160
West Yorkshire,west-yorkshire,2015/16,Robbery,12,374,12,389
West Yorkshire,west-yorkshire,2015/16,Sexual offences,62,626,62,784
West Yorkshire,west-yorkshire,2015/16,Theft offences,3934,7155,3768,7029
West Yorkshire,west-yorkshire,2015/16,Violence against the person,3353,8220,3373,8184
West Yorkshire,west-yorkshire,2016/17,Criminal damage and arson,1337,1993,1304,2012
West Yorkshire,west-yorkshire,2016/17,Drug offences,1872,1704,1926,1765
West Yorkshire,west-yorkshire,2016/17,Fraud offences to 2012/13,0,0,0,0
West Yorkshire,west-yorkshire,2016/17,Miscellaneous crimes against society,124,1192,131,1270
West Yorkshire,west-yorkshire,2016/17,Possession of weapons offences,134,541,146,582
West Yorkshire,west-yorkshire,2016/17,Public order offences,774,2056,772,2183
West Yorkshire,west-yorkshire,2016/17,Robbery,11,363,11,384
West Yorkshire,west-yorkshire,2016/17,Sexual offences,67,715,86,693
West Yorkshire,west-yorkshire,2016/17,Theft offences,3369,6720,3401,6917
West Yorkshire,west-yorkshire,2016/17,Violence against the person,2829,7636,2958,8131
West Yorkshire,west-yorkshire,2017/18,Criminal damage and arson,1059,1873,1073,1975
West Yorkshire,west-yorkshire,2017/18,Drug offences,1932,1517,1997,1836
West Yorkshire,west-yorkshire,2017/18,Fraud offences to 2012/13,0,0,0,0
West Yorkshire,west-yorkshire,2017/18,Miscellaneous crimes against society,124,1180,119,1260
West Yorkshire,west-yorkshire,2017/18,Possession of weapons offences,173,597,180,651
West Yorkshire,west-yorkshire,2017/18,Public order offences,667,2242,703,2327
West Yorkshire,west-yorkshire,2017/18,Robbery,10,430,12,445
West Yorkshire,west-yorkshire,2017/18,Sexual offences,62,656,55,828
West Yorkshire,west-yorkshire,2017/18,Theft offences,2850,6510,2875,6692
West Yorkshire,west-yorkshire,2017/18,Violence against the person,2566,8248,2498,8522
West Yorkshire,west-yorkshire,2018/19,Criminal damage and arson,919,1715,931,1761
West Yorkshire,west-yorkshire,2018/19,Drug offences,2208,1519,2397,1919
West Yorkshire,west-yorkshire,2018/19,Fraud offences to 2012/13,0,0,0,0
West Yorkshire,west-yorkshire,2018/19,Miscellaneous crimes against society,115,955,140,1159
West Yorkshire,west-yorkshire,2018/19,Possession of weapons offences,157,612,173,722
West Yorkshire,west-yorkshire,2018/19,Public order offences,602,2200,620,2347
West Yorkshire,west-yorkshire,2018/19,Robbery,8,383,8,439
West Yorkshire,west-yorkshire,2018/19,Sexual offences,53,580,52,602
West Yorkshire,west-yorkshire,2018/19,Theft offences,2174,5798,2218,5956
West Yorkshire,west-yorkshire,2018/19,Violence against the person,1975,7448,2059,7745
West Yorkshire,west-yorkshire,2019/20,Criminal damage and arson,805,1604,748,1552
West Yorkshire,west-yorkshire,2019/20,Drug offences,3228,2041,3206,2126
West Yorkshire,west-yorkshire,2019/20,Fraud offences to 2012/13,0,0,0,0
West Yorkshire,west-yorkshire,2019/20,Miscellaneous crimes against society,131,1230,109,1167
West Yorkshire,west-yorkshire,2019/20,Possession of weapons offences,164,783,176,802
West Yorkshire,west-yorkshire,2019/20,Public order offences,568,2332,497,2304
West Yorkshire,west-yorkshire,2019/20,Robbery,8,395,7,376
West Yorkshire,west-yorkshire,2019/20,Sexual offences,44,506,35,638
West Yorkshire,west-yorkshire,2019/20,Theft offences,1735,6102,1627,5779
West Yorkshire,west-yorkshire,2019/20,Violence against the person,1840,7259,1678,7195
West Yorkshire,west-yorkshire,2020/21,Criminal damage and arson,803,1595,811,1598
West Yorkshire,west-yorkshire,2020/21,Drug offences,4248,2407,4227,2422
West Yorkshire,west-yorkshire,2020/21,Fraud offences to 2012/13,0,0,0,0
West Yorkshire,west-yorkshire,2020/21,Miscellaneous crimes against society,107,1167,113,1122
West Yorkshire,west-yorkshire,2020/21,Possession of weapons offences,220,878,208,864
West Yorkshire,west-yorkshire,2020/21,Public order offences,644,2442,667,2449
West Yorkshire,west-yorkshire,2020/21,Robbery,8,308,6,281
West Yorkshire,west-yorkshire,2020/21,Sexual offences,46,689,43,656
West Yorkshire,west-yorkshire,2020/21,Theft offences,914,4372,750,4063
West Yorkshire,west-yorkshire,2020/21,Violence against the person,2116,7074,2240,6926
West Yorkshire,west-yorkshire,2021/22,Criminal damage and arson,971,1498,1037,1463
West Yorkshire,west-yorkshire,2021/22,Drug offences,3680,2157,3632,2120
West Yorkshire,west-yorkshire,2021/22,Fraud offences to 2012/13,0,0,0,0
West Yorkshire,west-yorkshire,2021/22,Miscellaneous crimes against society,177,1120,197,1026
West Yorkshire,west-yorkshire,2021/22,Possession of weapons offences,228,839,247,837
West Yorkshire,west-yorkshire,2021/22,Public order offences,897,2384,1005,2499
West Yorkshire,west-yorkshire,2021/22,Robbery,6,268,19,260
West Yorkshire,west-yorkshire,2021/22,Sexual offences,65,729,77,786
West Yorkshire,west-yorkshire,2021/22,Theft offences,994,4489,1066,4556
West Yorkshire,west-yorkshire,2021/22,Violence against the person,2834,6504,3151,6779
West Yorkshire,west-yorkshire,2022/23,Criminal damage and arson,993,1360,934,1367
West Yorkshire,west-yorkshire,2022/23,Drug offences,3840,2245,3795,2146
West Yorkshire,west-yorkshire,2022/23,Fraud offences to 2012/13,0,0,0,0
West Yorkshire,west-yorkshire,2022/23,Miscellaneous crimes against society,249,1052,261,1113
West Yorkshire,west-yorkshire,2022/23,Possession of weapons offences,224,924,221,928
West Yorkshire,west-yorkshire,2022/23,Public order offences,946,2429,882,2406
West Yorkshire,west-yorkshire,2022/23,Robbery,19,330,10,353
West Yorkshire,west-yorkshire,2022/23,Sexual offences,77,837,69,828
West Yorkshire,west-yorkshire,2022/23,Theft offences,1241,5597,1260,5800
West Yorkshire,west-yorkshire,2022/23,Violence against the person,3212,6617,3112,6558
West Yorkshire,west-yorkshire,2023/24,Criminal damage and arson,792,1366,795,1365
West Yorkshire,west-yorkshire,2023/24,Drug offences,3786,2474,3835,2349
West Yorkshire,west-yorkshire,2023/24,Fraud offences to 2012/13,0,0,0,0
West Yorkshire,west-yorkshire,2023/24,Miscellaneous crimes against society,286,1077,287,1091
West Yorkshire,west-yorkshire,2023/24,Possession of weapons offences,215,913,218,912
West Yorkshire,west-yorkshire,2023/24,Public order offences,778,2350,801,2361
West Yorkshire,west-yorkshire,2023/24,Robbery,9,371,10,357
West Yorkshire,west-yorkshire,2023/24,Sexual offences,77,943,94,759
West Yorkshire,west-yorkshire,2023/24,Theft offences,1322,6764,1324,7031
West Yorkshire,west-yorkshire,2023/24,Violence against the person,2645,6734,2669,6972
West Yorkshire,west-yorkshire,2024/25,Criminal damage and arson,734,1259,698,1232
West Yorkshire,west-yorkshire,2024/25,Drug offences,4244,2513,4212,2285
West Yorkshire,west-yorkshire,2024/25,Fraud offences to 2012/13,0,0,0,0
West Yorkshire,west-yorkshire,2024/25,Miscellaneous crimes against society,463,1097,579,1037
West Yorkshire,west-yorkshire,2024/25,Possession of weapons offences,202,922,171,922
West Yorkshire,west-yorkshire,2024/25,Public order offences,650,2407,639,2456
West Yorkshire,west-yorkshire,2024/25,Robbery,7,378,9,377
West Yorkshire,west-yorkshire,2024/25,Sexual offences,137,959,126,747
West Yorkshire,west-yorkshire,2024/25,Theft offences,1155,7680,1161,7661
West Yorkshire,west-yorkshire,2024/25,Violence against the person,2899,6794,2999,6884
West Yorkshire,west-yorkshire,2025/26,Criminal damage and arson,803,1453,653,1177
West Yorkshire,west-yorkshire,2025/26,Drug offences,5027,2992,4730,2188
West Yorkshire,west-yorkshire,2025/26,Fraud offences to 2012/13,0,0,0,0
West Yorkshire,west-yorkshire,2025/26,Miscellaneous crimes against society,969,1442,844,869
West Yorkshire,west-yorkshire,2025/26,Possession of weapons offences,192,1057,150,824
West Yorkshire,west-yorkshire,2025/26,Public order offences,698,2906,558,2257
West Yorkshire,west-yorkshire,2025/26,Robbery,12,446,7,299
West Yorkshire,west-yorkshire,2025/26,Sexual offences,227,1234,214,393
West Yorkshire,west-yorkshire,2025/26,Theft offences,1280,8891,1122,7997
West Yorkshire,west-yorkshire,2025/26,Violence against the person,4549,8075,3885,5800
Wiltshire,wiltshire,2014/15,Criminal damage and arson,418,516,418,516
Wiltshire,wiltshire,2014/15,Drug offences,719,530,781,508
Wiltshire,wiltshire,2014/15,Fraud offences to 2012/13,0,0,0,0
Wiltshire,wiltshire,2014/15,Miscellaneous crimes against society,51,173,61,186
Wiltshire,wiltshire,2014/15,Possession of weapons offences,24,93,30,98
Wiltshire,wiltshire,2014/15,Public order offences,94,396,131,405
Wiltshire,wiltshire,2014/15,Robbery,0,53,1,56
Wiltshire,wiltshire,2014/15,Sexual offences,15,154,20,177
Wiltshire,wiltshire,2014/15,Theft offences,767,1526,837,1587
Wiltshire,wiltshire,2014/15,Violence against the person,826,1560,846,1605
Wiltshire,wiltshire,2015/16,Criminal damage and arson,349,459,161,209
Wiltshire,wiltshire,2015/16,Drug offences,763,402,332,214
Wiltshire,wiltshire,2015/16,Fraud offences to 2012/13,0,0,0,0
Wiltshire,wiltshire,2015/16,Miscellaneous crimes against society,45,184,24,89
Wiltshire,wiltshire,2015/16,Possession of weapons offences,35,122,16,73
Wiltshire,wiltshire,2015/16,Public order offences,167,448,83,177
Wiltshire,wiltshire,2015/16,Robbery,2,31,0,19
Wiltshire,wiltshire,2015/16,Sexual offences,17,162,10,67
Wiltshire,wiltshire,2015/16,Theft offences,774,1757,296,709
Wiltshire,wiltshire,2015/16,Violence against the person,818,1680,335,817
Wiltshire,wiltshire,2016/17,Criminal damage and arson,276,392,330,411
Wiltshire,wiltshire,2016/17,Drug offences,619,393,603,455
Wiltshire,wiltshire,2016/17,Fraud offences to 2012/13,0,0,0,0
Wiltshire,wiltshire,2016/17,Miscellaneous crimes against society,35,174,36,203
Wiltshire,wiltshire,2016/17,Possession of weapons offences,24,131,26,140
Wiltshire,wiltshire,2016/17,Public order offences,157,383,154,398
Wiltshire,wiltshire,2016/17,Robbery,2,31,2,33
Wiltshire,wiltshire,2016/17,Sexual offences,14,115,17,116
Wiltshire,wiltshire,2016/17,Theft offences,504,1397,518,1364
Wiltshire,wiltshire,2016/17,Violence against the person,698,1446,688,1454
Wiltshire,wiltshire,2017/18,Criminal damage and arson,311,352,269,371
Wiltshire,wiltshire,2017/18,Drug offences,491,363,479,427
Wiltshire,wiltshire,2017/18,Fraud offences to 2012/13,0,0,0,0
Wiltshire,wiltshire,2017/18,Miscellaneous crimes against society,33,198,31,221
Wiltshire,wiltshire,2017/18,Possession of weapons offences,43,115,47,119
Wiltshire,wiltshire,2017/18,Public order offences,99,351,92,370
Wiltshire,wiltshire,2017/18,Robbery,1,32,1,39
Wiltshire,wiltshire,2017/18,Sexual offences,18,96,13,160
Wiltshire,wiltshire,2017/18,Theft offences,486,1516,458,1723
Wiltshire,wiltshire,2017/18,Violence against the person,534,1490,509,1649
Wiltshire,wiltshire,2018/19,Criminal damage and arson,226,413,212,412
Wiltshire,wiltshire,2018/19,Drug offences,432,449,519,480
Wiltshire,wiltshire,2018/19,Fraud offences to 2012/13,0,0,0,0
Wiltshire,wiltshire,2018/19,Miscellaneous crimes against society,22,225,19,241
Wiltshire,wiltshire,2018/19,Possession of weapons offences,34,143,39,153
Wiltshire,wiltshire,2018/19,Public order offences,75,429,94,430
Wiltshire,wiltshire,2018/19,Robbery,1,43,1,58
Wiltshire,wiltshire,2018/19,Sexual offences,8,141,10,158
Wiltshire,wiltshire,2018/19,Theft offences,291,1903,310,1921
Wiltshire,wiltshire,2018/19,Violence against the person,401,1680,421,1699
Wiltshire,wiltshire,2019/20,Criminal damage and arson,216,405,216,413
Wiltshire,wiltshire,2019/20,Drug offences,614,572,554,688
Wiltshire,wiltshire,2019/20,Fraud offences to 2012/13,0,0,0,0
Wiltshire,wiltshire,2019/20,Miscellaneous crimes against society,11,208,14,225
Wiltshire,wiltshire,2019/20,Possession of weapons offences,49,186,47,200
Wiltshire,wiltshire,2019/20,Public order offences,100,435,88,467
Wiltshire,wiltshire,2019/20,Robbery,0,42,1,34
Wiltshire,wiltshire,2019/20,Sexual offences,12,121,15,108
Wiltshire,wiltshire,2019/20,Theft offences,319,1571,280,1489
Wiltshire,wiltshire,2019/20,Violence against the person,441,1655,420,1759
Wiltshire,wiltshire,2020/21,Criminal damage and arson,176,431,177,405
Wiltshire,wiltshire,2020/21,Drug offences,631,605,668,564
Wiltshire,wiltshire,2020/21,Fraud offences to 2012/13,0,0,0,0
Wiltshire,wiltshire,2020/21,Miscellaneous crimes against society,20,238,17,245
Wiltshire,wiltshire,2020/21,Possession of weapons offences,35,167,31,153
Wiltshire,wiltshire,2020/21,Public order offences,80,552,77,537
Wiltshire,wiltshire,2020/21,Robbery,2,50,2,40
Wiltshire,wiltshire,2020/21,Sexual offences,10,146,4,142
Wiltshire,wiltshire,2020/21,Theft offences,108,902,97,744
Wiltshire,wiltshire,2020/21,Violence against the person,339,1604,333,1443
Wiltshire,wiltshire,2021/22,Criminal damage and arson,145,349,151,380
Wiltshire,wiltshire,2021/22,Drug offences,410,483,443,453
Wiltshire,wiltshire,2021/22,Fraud offences to 2012/13,0,0,0,0
Wiltshire,wiltshire,2021/22,Miscellaneous crimes against society,16,203,16,210
Wiltshire,wiltshire,2021/22,Possession of weapons offences,25,145,36,160
Wiltshire,wiltshire,2021/22,Public order offences,65,427,88,440
Wiltshire,wiltshire,2021/22,Robbery,2,15,2,16
Wiltshire,wiltshire,2021/22,Sexual offences,9,117,11,209
Wiltshire,wiltshire,2021/22,Theft offences,108,765,142,777
Wiltshire,wiltshire,2021/22,Violence against the person,279,1326,312,1457
Wiltshire,wiltshire,2022/23,Criminal damage and arson,166,351,175,365
Wiltshire,wiltshire,2022/23,Drug offences,407,465,336,445
Wiltshire,wiltshire,2022/23,Fraud offences to 2012/13,0,0,0,0
Wiltshire,wiltshire,2022/23,Miscellaneous crimes against society,25,183,50,200
Wiltshire,wiltshire,2022/23,Possession of weapons offences,47,173,40,178
Wiltshire,wiltshire,2022/23,Public order offences,121,423,98,429
Wiltshire,wiltshire,2022/23,Robbery,3,26,6,29
Wiltshire,wiltshire,2022/23,Sexual offences,21,199,26,202
Wiltshire,wiltshire,2022/23,Theft offences,161,1018,132,1094
Wiltshire,wiltshire,2022/23,Violence against the person,377,1361,418,1423
Wiltshire,wiltshire,2023/24,Criminal damage and arson,222,362,235,348
Wiltshire,wiltshire,2023/24,Drug offences,363,452,355,412
Wiltshire,wiltshire,2023/24,Fraud offences to 2012/13,0,0,0,0
Wiltshire,wiltshire,2023/24,Miscellaneous crimes against society,78,159,65,132
Wiltshire,wiltshire,2023/24,Possession of weapons offences,51,142,55,134
Wiltshire,wiltshire,2023/24,Public order offences,122,413,152,429
Wiltshire,wiltshire,2023/24,Robbery,7,28,4,39
Wiltshire,wiltshire,2023/24,Sexual offences,15,197,19,184
Wiltshire,wiltshire,2023/24,Theft offences,196,1261,210,1285
Wiltshire,wiltshire,2023/24,Violence against the person,684,1508,797,1532
Wiltshire,wiltshire,2024/25,Criminal damage and arson,341,317,317,305
Wiltshire,wiltshire,2024/25,Drug offences,450,421,441,362
Wiltshire,wiltshire,2024/25,Fraud offences to 2012/13,0,0,0,0
Wiltshire,wiltshire,2024/25,Miscellaneous crimes against society,105,188,116,158
Wiltshire,wiltshire,2024/25,Possession of weapons offences,55,164,56,148
Wiltshire,wiltshire,2024/25,Public order offences,252,409,253,386
Wiltshire,wiltshire,2024/25,Robbery,5,43,4,31
Wiltshire,wiltshire,2024/25,Sexual offences,62,192,67,151
Wiltshire,wiltshire,2024/25,Theft offences,321,1278,333,1214
Wiltshire,wiltshire,2024/25,Violence against the person,1354,1434,1331,1361
Wiltshire,wiltshire,2025/26,Criminal damage and arson,297,259,277,203
Wiltshire,wiltshire,2025/26,Drug offences,530,445,504,332
Wiltshire,wiltshire,2025/26,Fraud offences to 2012/13,0,0,0,0
Wiltshire,wiltshire,2025/26,Miscellaneous crimes against society,130,227,104,146
Wiltshire,wiltshire,2025/26,Possession of weapons offences,66,145,59,125
Wiltshire,wiltshire,2025/26,Public order offences,248,420,203,353
Wiltshire,wiltshire,2025/26,Robbery,1,32,1,23
Wiltshire,wiltshire,2025/26,Sexual offences,42,239,28,64
Wiltshire,wiltshire,2025/26,Theft offences,332,1265,294,1131
Wiltshire,wiltshire,2025/26,Violence against the person,1299,1386,1155,987
