force,slug,fy,q,closed_all_t1,closed_all_t2,closed_all_t3,closed_all_t6,closed_all_t7,closed_all_t8,closed_all_t22,closed_all_oocd,closed_all_positive,closed_all_assigned,closed_ex_fraud_t1,closed_ex_fraud_t2,closed_ex_fraud_t3,closed_ex_fraud_t6,closed_ex_fraud_t7,closed_ex_fraud_t8,closed_ex_fraud_t22,closed_ex_fraud_oocd,closed_ex_fraud_positive,closed_ex_fraud_assigned,recorded_all_t1,recorded_all_t2,recorded_all_t3,recorded_all_t6,recorded_all_t7,recorded_all_t8,recorded_all_t22,recorded_all_oocd,recorded_all_positive,recorded_all_assigned,recorded_ex_fraud_t1,recorded_ex_fraud_t2,recorded_ex_fraud_t3,recorded_ex_fraud_t6,recorded_ex_fraud_t7,recorded_ex_fraud_t8,recorded_ex_fraud_t22,recorded_ex_fraud_oocd,recorded_ex_fraud_positive,recorded_ex_fraud_assigned
Avon and Somerset,avon-and-somerset,2014/15,1,4066,328,1108,157,261,847,0,2701,6767,23674,4066,328,1108,157,261,847,0,2701,6767,23674,4161,311,1107,153,273,853,0,2697,6858,24558,4161,311,1107,153,273,853,0,2697,6858,24558
Avon and Somerset,avon-and-somerset,2014/15,2,4141,270,964,145,272,716,0,2367,6508,24824,4141,270,964,145,272,716,0,2367,6508,24824,4346,265,932,140,265,712,0,2314,6660,25573,4346,265,932,140,265,712,0,2314,6660,25573
Avon and Somerset,avon-and-somerset,2014/15,3,4080,255,814,155,261,684,0,2169,6249,23553,4080,255,814,155,261,684,0,2169,6249,23553,3799,253,822,158,266,683,0,2182,5981,24377,3799,253,822,158,266,683,0,2182,5981,24377
Avon and Somerset,avon-and-somerset,2014/15,4,3767,213,696,113,277,635,0,1934,5701,24044,3767,213,696,113,277,635,0,1934,5701,24044,3608,226,676,120,286,617,0,1925,5533,23064,3608,226,676,120,286,617,0,1925,5533,23064
Avon and Somerset,avon-and-somerset,2015/16,1,3469,219,624,131,205,603,0,1782,5251,26604,3469,219,624,131,205,603,0,1782,5251,26604,3681,225,733,138,222,633,0,1951,5632,28098,3681,225,733,138,222,633,0,1951,5632,28098
Avon and Somerset,avon-and-somerset,2015/16,2,3537,228,687,89,196,552,0,1752,5289,32241,3537,228,687,89,196,552,0,1752,5289,32241,3031,140,555,74,189,464,0,1422,4453,27953,3031,140,555,74,189,464,0,1422,4453,27953
Avon and Somerset,avon-and-somerset,2015/16,3,1987,74,362,63,181,325,0,1005,2992,18550,1987,74,362,63,181,325,0,1005,2992,18550,3421,201,586,83,233,514,0,1617,5038,29083,3421,201,586,83,233,514,0,1617,5038,29083
Avon and Somerset,avon-and-somerset,2015/16,4,2641,130,486,72,227,410,0,1325,3966,27674,2641,130,486,72,227,410,0,1325,3966,27674,3563,181,597,92,216,463,0,1549,5112,31017,3563,181,597,92,216,463,0,1549,5112,31017
Avon and Somerset,avon-and-somerset,2016/17,1,3444,217,640,117,184,602,0,1760,5204,35991,3444,217,640,117,184,602,0,1760,5204,35991,3665,186,574,103,188,538,0,1589,5254,35073,3665,186,574,103,188,538,0,1589,5254,35073
Avon and Somerset,avon-and-somerset,2016/17,2,3102,180,501,67,169,420,0,1337,4439,32881,3102,180,501,67,169,420,0,1337,4439,32881,3488,153,554,91,200,437,1,1436,4924,35234,3488,153,554,91,200,437,1,1436,4924,35234
Avon and Somerset,avon-and-somerset,2016/17,3,4300,171,652,109,210,521,0,1663,5963,38644,4300,171,652,109,210,521,0,1663,5963,38644,3399,144,536,86,215,456,3,1440,4839,33343,3399,144,536,86,215,456,3,1440,4839,33343
Avon and Somerset,avon-and-somerset,2016/17,4,3893,179,642,94,246,455,0,1616,5509,35145,3893,179,642,94,246,455,0,1616,5509,35145,3399,123,531,81,197,411,2,1345,4744,34131,3399,123,531,81,197,411,2,1345,4744,34131
Avon and Somerset,avon-and-somerset,2017/18,1,3336,105,457,58,168,351,0,1139,4475,34853,3336,105,457,58,168,351,0,1139,4475,34853,3368,137,490,63,176,381,2,1249,4617,36769,3368,137,490,63,176,381,2,1249,4617,36769
Avon and Somerset,avon-and-somerset,2017/18,2,3325,138,469,49,167,399,0,1222,4547,37071,3325,138,469,49,167,399,0,1222,4547,37071,3222,139,463,42,173,351,0,1168,4390,35915,3222,139,463,42,173,351,0,1168,4390,35915
Avon and Somerset,avon-and-somerset,2017/18,3,2983,120,455,61,212,314,0,1162,4145,33828,2983,120,455,61,212,314,0,1162,4145,33828,3051,125,501,56,211,382,2,1277,4328,34666,3051,125,501,56,211,382,2,1277,4328,34666
Avon and Somerset,avon-and-somerset,2017/18,4,2622,93,373,39,177,359,0,1041,3663,32219,2622,93,373,39,177,359,0,1041,3663,32219,3051,117,382,55,173,425,3,1155,4206,31330,3051,117,382,55,173,425,3,1155,4206,31330
Avon and Somerset,avon-and-somerset,2018/19,1,1971,78,284,44,100,290,0,796,2767,29230,1971,78,284,44,100,290,0,796,2767,29230,3493,124,487,63,150,417,1,1242,4735,35279,3493,124,487,63,150,417,1,1242,4735,35279
Avon and Somerset,avon-and-somerset,2018/19,2,2937,147,424,67,182,406,0,1226,4163,33638,2937,147,424,67,182,406,0,1226,4163,33638,3360,100,399,40,115,325,6,985,4345,34955,3360,100,399,40,115,325,6,985,4345,34955
Avon and Somerset,avon-and-somerset,2018/19,3,3910,95,620,27,93,496,0,1331,5241,37858,3910,95,620,27,93,496,0,1331,5241,37858,2965,79,426,10,59,487,13,1074,4039,33027,2965,79,426,10,59,487,13,1074,4039,33027
Avon and Somerset,avon-and-somerset,2018/19,4,2593,74,252,0,5,362,0,693,3286,29178,2593,74,252,0,5,362,0,693,3286,29178,3002,81,405,1,1,484,45,1017,4019,32245,3002,81,405,1,1,484,45,1017,4019,32245
Avon and Somerset,avon-and-somerset,2019/20,1,2294,59,343,4,5,251,0,662,2956,32291,2294,59,343,4,5,251,0,662,2956,32291,3076,107,390,0,1,451,227,1176,4252,35228,3076,107,390,0,1,451,227,1176,4252,35228
Avon and Somerset,avon-and-somerset,2019/20,2,4263,132,541,0,2,721,362,1758,6021,37877,4263,132,541,0,2,721,362,1758,6021,37877,3046,67,353,0,0,485,353,1258,4304,34761,3046,67,353,0,0,485,353,1258,4304,34761
Avon and Somerset,avon-and-somerset,2019/20,3,3179,95,420,0,1,539,360,1415,4594,34695,3179,95,420,0,1,539,360,1415,4594,34695,2856,77,391,0,0,431,441,1340,4196,33672,2856,77,391,0,0,431,441,1340,4196,33672
Avon and Somerset,avon-and-somerset,2019/20,4,3335,74,412,1,3,422,427,1339,4674,37263,3335,74,412,1,3,422,427,1339,4674,37263,2953,86,324,1,4,359,375,1149,4102,33660,2953,86,324,1,4,359,375,1149,4102,33660
Avon and Somerset,avon-and-somerset,2020/21,1,3002,92,324,3,5,466,499,1389,4391,31204,3002,92,324,3,5,466,499,1389,4391,31204,2802,39,359,1,0,439,489,1327,4129,29092,2802,39,359,1,0,439,489,1327,4129,29092
Avon and Somerset,avon-and-somerset,2020/21,2,2493,57,351,0,3,388,313,1112,3605,31063,2493,57,351,0,3,388,313,1112,3605,31063,3082,79,432,0,1,456,369,1337,4419,34748,3082,79,432,0,1,456,369,1337,4419,34748
Avon and Somerset,avon-and-somerset,2020/21,3,2707,75,407,0,0,462,473,1417,4124,31452,2707,75,407,0,0,462,473,1417,4124,31452,2467,79,296,0,1,513,408,1297,3764,30029,2467,79,296,0,1,513,408,1297,3764,30029
Avon and Somerset,avon-and-somerset,2020/21,4,2716,67,250,3,7,484,404,1215,3931,28655,2716,67,250,3,7,484,404,1215,3931,28655,2265,50,255,0,2,468,397,1172,3437,27205,2265,50,255,0,2,468,397,1172,3437,27205
Avon and Somerset,avon-and-somerset,2021/22,1,2227,54,338,0,3,653,426,1474,3701,31209,2227,54,338,0,3,653,426,1474,3701,31209,2513,65,340,0,3,614,394,1416,3929,33036,2513,65,340,0,3,614,394,1416,3929,33036
Avon and Somerset,avon-and-somerset,2021/22,2,2404,42,309,0,1,469,273,1094,3498,35298,2404,42,309,0,1,469,273,1094,3498,35298,2876,67,342,0,0,520,310,1239,4115,37080,2876,67,342,0,0,520,310,1239,4115,37080
Avon and Somerset,avon-and-somerset,2021/22,3,2659,84,371,0,1,499,376,1331,3990,36338,2659,84,371,0,1,499,376,1331,3990,36338,2630,71,360,0,1,487,396,1315,3945,35401,2630,71,360,0,1,487,396,1315,3945,35401
Avon and Somerset,avon-and-somerset,2021/22,4,2801,66,372,0,0,581,456,1475,4276,35423,2801,66,372,0,0,581,456,1475,4276,35423,2581,47,369,0,0,593,445,1454,4035,33948,2581,47,369,0,0,593,445,1454,4035,33948
Avon and Somerset,avon-and-somerset,2022/23,1,2793,47,343,0,1,635,458,1484,4277,36680,2793,47,343,0,1,635,458,1484,4277,36680,2898,46,323,0,0,663,470,1502,4400,36539,2898,46,323,0,0,663,470,1502,4400,36539
Avon and Somerset,avon-and-somerset,2022/23,2,2637,27,298,0,1,598,494,1418,4055,36669,2637,27,298,0,1,598,494,1418,4055,36669,2910,60,289,0,0,552,470,1371,4281,36954,2910,60,289,0,0,552,470,1371,4281,36954
Avon and Somerset,avon-and-somerset,2022/23,3,2582,91,265,0,0,525,454,1335,3917,33764,2582,91,265,0,0,525,454,1335,3917,33764,2627,45,299,0,0,495,454,1293,3920,33496,2627,45,299,0,0,495,454,1293,3920,33496
Avon and Somerset,avon-and-somerset,2022/23,4,2828,38,341,0,0,493,428,1300,4128,33541,2828,38,341,0,0,493,428,1300,4128,33541,2876,59,304,0,1,477,459,1300,4176,34141,2876,59,304,0,1,477,459,1300,4176,34141
Avon and Somerset,avon-and-somerset,2023/24,1,2318,73,296,0,0,505,444,1318,3636,35547,2318,73,296,0,0,505,444,1318,3636,35547,2822,63,279,0,0,521,479,1342,4164,36748,2822,63,279,0,0,521,479,1342,4164,36748
Avon and Somerset,avon-and-somerset,2023/24,2,2821,64,251,0,1,484,385,1185,4006,36927,2821,64,251,0,1,484,385,1185,4006,36927,2875,66,267,0,1,446,346,1126,4001,37029,2875,66,267,0,1,446,346,1126,4001,37029
Avon and Somerset,avon-and-somerset,2023/24,3,2996,60,272,0,3,418,375,1128,4124,37243,2996,60,272,0,3,418,375,1128,4124,37243,2842,55,249,0,5,394,382,1085,3927,36916,2842,55,249,0,5,394,382,1085,3927,36916
Avon and Somerset,avon-and-somerset,2023/24,4,2756,58,252,0,1,423,426,1160,3916,36517,2756,58,252,0,1,423,426,1160,3916,36517,2883,47,234,0,0,393,454,1128,4011,37933,2883,47,234,0,0,393,454,1128,4011,37933
Avon and Somerset,avon-and-somerset,2024/25,1,3104,53,247,0,0,386,499,1185,4289,41732,3104,53,247,0,0,386,499,1185,4289,41732,3183,22,220,0,0,385,527,1154,4337,42546,3183,22,220,0,0,385,527,1154,4337,42546
Avon and Somerset,avon-and-somerset,2024/25,2,3190,21,210,0,2,349,426,1008,4198,43460,3190,21,210,0,2,349,426,1008,4198,43460,3179,34,251,0,3,342,411,1041,4220,43600,3179,34,251,0,3,342,411,1041,4220,43600
Avon and Somerset,avon-and-somerset,2024/25,3,3111,32,233,0,1,329,421,1016,4127,41508,3111,32,233,0,1,329,421,1016,4127,41508,2788,26,222,0,0,306,389,943,3731,40142,2788,26,222,0,0,306,389,943,3731,40142
Avon and Somerset,avon-and-somerset,2024/25,4,2913,29,199,0,1,309,422,960,3873,37605,2913,29,199,0,1,309,422,960,3873,37605,2629,27,207,0,0,313,408,955,3584,36896,2629,27,207,0,0,313,408,955,3584,36896
Avon and Somerset,avon-and-somerset,2025/26,1,2900,26,219,0,0,320,439,1004,3904,36927,2900,26,219,0,0,320,439,1004,3904,36927,2893,39,200,0,1,312,406,958,3851,42445,2893,39,200,0,1,312,406,958,3851,42445
Avon and Somerset,avon-and-somerset,2025/26,2,3555,35,192,0,1,261,326,815,4370,48077,3555,35,192,0,1,261,326,815,4370,48077,3229,26,175,0,3,287,267,758,3987,42317,3229,26,175,0,3,287,267,758,3987,42317
Avon and Somerset,avon-and-somerset,2025/26,3,4639,36,225,0,6,478,315,1060,5699,43803,4639,36,225,0,6,478,315,1060,5699,43803,2956,4,180,0,2,477,258,921,3877,38666,2956,4,180,0,2,477,258,921,3877,38666
Avon and Somerset,avon-and-somerset,2025/26,4,3749,17,168,0,2,561,271,1019,4768,39959,3749,17,168,0,2,561,271,1019,4768,39959,2366,4,119,0,2,520,157,802,3168,34780,2366,4,119,0,2,520,157,802,3168,34780
Bedfordshire,bedfordshire,2014/15,1,1283,37,335,28,67,440,0,907,2190,2278,1282,37,335,28,67,440,0,907,2189,2277,0,0,0,0,0,0,0,0,0,0,0,0,0,0,0,0,0,0,0,0
Bedfordshire,bedfordshire,2014/15,2,1309,39,331,36,101,480,0,987,2296,10126,1308,39,331,36,101,480,0,987,2295,10121,1235,39,291,41,86,450,0,907,2142,9510,1235,39,291,41,86,450,0,907,2142,9510
Bedfordshire,bedfordshire,2014/15,3,1367,30,303,47,106,459,0,945,2312,10230,1367,30,303,47,106,459,0,945,2312,10226,1363,25,325,44,97,459,0,950,2313,9932,1363,25,325,44,97,459,0,950,2313,9932
Bedfordshire,bedfordshire,2014/15,4,1431,30,294,35,95,428,0,882,2313,9902,1431,30,294,35,95,428,0,882,2313,9895,1339,30,290,38,86,436,0,880,2219,9537,1339,30,290,38,86,436,0,880,2219,9537
Bedfordshire,bedfordshire,2015/16,1,1185,30,300,48,65,472,0,915,2100,10556,1185,30,300,48,65,472,0,915,2100,10556,1244,27,301,35,62,493,0,918,2162,10198,1244,27,301,35,62,493,0,918,2162,10198
Bedfordshire,bedfordshire,2015/16,2,1298,24,301,25,66,454,0,870,2168,9812,1298,24,301,25,66,454,0,870,2168,9812,1264,23,292,30,70,441,0,856,2120,9796,1264,23,292,30,70,441,0,856,2120,9796
Bedfordshire,bedfordshire,2015/16,3,1264,17,266,22,70,475,0,850,2114,10195,1264,17,266,22,70,475,0,850,2114,10195,1225,13,262,18,65,466,0,824,2049,10139,1225,13,262,18,65,466,0,824,2049,10139
Bedfordshire,bedfordshire,2015/16,4,1198,14,262,21,58,392,0,747,1945,10398,1198,14,262,21,58,392,0,747,1945,10398,1279,18,251,24,80,394,0,767,2046,10493,1279,18,251,24,80,394,0,767,2046,10493
Bedfordshire,bedfordshire,2016/17,1,1274,13,232,19,81,432,0,777,2051,9872,1274,13,232,19,81,432,0,777,2051,9872,1291,17,244,24,73,447,0,805,2096,10115,1291,17,244,24,73,447,0,805,2096,10115
Bedfordshire,bedfordshire,2016/17,2,1186,17,226,30,69,526,0,868,2054,10733,1186,17,226,30,69,526,0,868,2054,10733,1273,16,223,27,70,528,0,864,2137,10900,1273,16,223,27,70,528,0,864,2137,10900
Bedfordshire,bedfordshire,2016/17,3,1302,14,207,24,79,448,0,772,2074,11004,1302,14,207,24,79,448,0,772,2074,11004,1172,14,202,19,64,465,0,764,1936,10890,1172,14,202,19,64,465,0,764,1936,10890
Bedfordshire,bedfordshire,2016/17,4,1299,17,180,14,52,451,0,714,2013,10633,1299,17,180,14,52,451,0,714,2013,10633,1270,13,197,17,55,425,0,707,1977,10858,1270,13,197,17,55,425,0,707,1977,10858
Bedfordshire,bedfordshire,2017/18,1,1167,17,195,12,50,385,0,659,1826,11112,1167,17,195,12,50,385,0,659,1826,11112,1239,22,197,19,59,406,0,703,1942,11815,1239,22,197,19,59,406,0,703,1942,11815
Bedfordshire,bedfordshire,2017/18,2,1020,16,196,25,59,354,0,650,1670,10786,1020,16,196,25,59,354,0,650,1670,10786,1129,16,193,18,56,417,0,700,1829,11161,1129,16,193,18,56,417,0,700,1829,11161
Bedfordshire,bedfordshire,2017/18,3,1074,14,153,13,62,307,0,549,1623,11807,1074,14,153,13,62,307,0,549,1623,11807,1100,7,167,17,78,346,0,615,1715,11878,1100,7,167,17,78,346,0,615,1715,11878
Bedfordshire,bedfordshire,2017/18,4,1099,13,181,18,79,364,0,655,1754,12170,1099,13,181,18,79,364,0,655,1754,12170,928,13,175,13,72,320,0,593,1521,11778,928,13,175,13,72,320,0,593,1521,11778
Bedfordshire,bedfordshire,2018/19,1,908,11,168,10,61,369,0,619,1527,11991,908,11,168,10,61,369,0,619,1527,11991,1103,11,155,9,51,355,0,581,1684,13489,1103,11,155,9,51,355,0,581,1684,13489
Bedfordshire,bedfordshire,2018/19,2,969,5,141,20,64,321,0,551,1520,14390,969,5,141,20,64,321,0,551,1520,14390,1178,7,157,19,67,320,0,570,1748,14940,1178,7,157,19,67,320,0,570,1748,14940
Bedfordshire,bedfordshire,2018/19,3,1221,7,134,23,98,324,0,586,1807,15849,1221,7,134,23,98,324,0,586,1807,15849,1146,11,145,23,129,337,0,645,1791,15024,1146,11,145,23,129,337,0,645,1791,15024
Bedfordshire,bedfordshire,2018/19,4,1007,17,159,18,101,329,0,624,1631,14171,1007,17,159,18,101,329,0,624,1631,14171,977,12,156,18,99,326,1,612,1589,13842,977,12,156,18,99,326,1,612,1589,13842
Bedfordshire,bedfordshire,2019/20,1,1025,14,150,22,100,326,0,612,1637,13350,1025,14,150,22,100,326,0,612,1637,13350,976,10,163,21,104,351,0,649,1625,13848,976,10,163,21,104,351,0,649,1625,13848
Bedfordshire,bedfordshire,2019/20,2,800,7,162,9,85,325,0,588,1388,14505,800,7,162,9,85,325,0,588,1388,14505,897,7,149,5,55,269,1,486,1383,13991,897,7,149,5,55,269,1,486,1383,13991
Bedfordshire,bedfordshire,2019/20,3,851,5,154,2,25,442,0,628,1479,14288,851,5,154,2,25,442,0,628,1479,14288,926,6,147,1,1,444,1,600,1526,14197,926,6,147,1,1,444,1,600,1526,14197
Bedfordshire,bedfordshire,2019/20,4,944,10,130,0,8,537,0,685,1629,14440,944,10,130,0,8,537,0,685,1629,14440,946,13,132,0,2,499,5,651,1597,13809,946,13,132,0,2,499,5,651,1597,13809
Bedfordshire,bedfordshire,2020/21,1,845,11,159,0,3,553,10,736,1581,11691,845,11,159,0,3,553,10,736,1581,11691,916,10,140,0,1,576,16,743,1659,11775,916,10,140,0,1,576,16,743,1659,11775
Bedfordshire,bedfordshire,2020/21,2,817,3,133,0,0,508,16,660,1477,12837,817,3,133,0,0,508,16,660,1477,12837,853,2,143,0,0,566,19,730,1583,12997,853,2,143,0,0,566,19,730,1583,12997
Bedfordshire,bedfordshire,2020/21,3,816,6,103,0,0,609,19,737,1553,12993,816,6,103,0,0,609,19,737,1553,12993,774,8,73,0,0,548,6,635,1409,12295,774,8,73,0,0,548,6,635,1409,12295
Bedfordshire,bedfordshire,2020/21,4,840,6,62,0,0,447,21,536,1376,10791,840,6,62,0,0,447,21,536,1376,10791,743,5,63,0,0,462,26,556,1299,10969,743,5,63,0,0,462,26,556,1299,10969
Bedfordshire,bedfordshire,2021/22,1,753,8,46,0,2,553,47,656,1409,11664,753,8,46,0,2,553,47,656,1409,11664,819,7,39,0,2,572,73,693,1512,12518,819,7,39,0,2,572,73,693,1512,12518
Bedfordshire,bedfordshire,2021/22,2,719,10,85,0,0,548,89,732,1451,11827,719,10,85,0,0,548,89,732,1451,11827,930,13,96,0,0,526,101,736,1666,12938,930,13,96,0,0,526,101,736,1666,12938
Bedfordshire,bedfordshire,2021/22,3,818,8,71,0,0,303,111,493,1311,12991,818,8,71,0,0,303,111,493,1311,12991,917,10,76,0,0,348,104,538,1455,13040,917,10,76,0,0,348,104,538,1455,13040
Bedfordshire,bedfordshire,2021/22,4,842,10,91,0,0,376,93,570,1412,12568,842,10,91,0,0,376,93,570,1412,12568,820,14,104,0,1,339,95,553,1373,12834,820,14,104,0,1,339,95,553,1373,12834
Bedfordshire,bedfordshire,2022/23,1,821,7,85,0,0,323,69,484,1305,13582,821,7,85,0,0,323,69,484,1305,13582,807,10,83,0,0,364,41,498,1305,13475,807,10,83,0,0,364,41,498,1305,13475
Bedfordshire,bedfordshire,2022/23,2,862,12,71,0,1,382,20,486,1348,13612,862,12,71,0,1,382,20,486,1348,13612,891,10,66,0,0,374,21,471,1362,13205,891,10,66,0,0,374,21,471,1362,13205
Bedfordshire,bedfordshire,2022/23,3,822,11,45,0,0,315,23,394,1216,12890,822,11,45,0,0,315,23,394,1216,12890,882,14,53,0,0,312,22,401,1283,12219,882,14,53,0,0,312,22,401,1283,12219
Bedfordshire,bedfordshire,2022/23,4,940,21,88,0,0,331,19,459,1399,11844,940,21,88,0,0,331,19,459,1399,11844,874,14,84,0,0,288,16,402,1276,11858,874,14,84,0,0,288,16,402,1276,11858
Bedfordshire,bedfordshire,2023/24,1,951,11,80,0,0,271,20,382,1333,12103,951,11,80,0,0,271,20,382,1333,12103,940,14,80,0,0,336,30,460,1400,12486,940,14,80,0,0,336,30,460,1400,12486
Bedfordshire,bedfordshire,2023/24,2,880,13,80,0,0,371,32,496,1376,12701,880,13,80,0,0,371,32,496,1376,12701,935,15,88,0,0,355,29,487,1422,12613,935,15,88,0,0,355,29,487,1422,12613
Bedfordshire,bedfordshire,2023/24,3,1036,9,79,0,0,272,25,385,1421,12599,1036,9,79,0,0,272,25,385,1421,12599,968,12,82,0,0,283,20,397,1365,12340,968,12,82,0,0,283,20,397,1365,12340
Bedfordshire,bedfordshire,2023/24,4,1189,19,86,0,0,326,28,459,1648,12171,1189,19,86,0,0,326,28,459,1648,12171,1077,13,74,0,0,286,27,400,1477,12417,1077,13,74,0,0,286,27,400,1477,12417
Bedfordshire,bedfordshire,2024/25,1,1125,13,83,0,0,280,17,393,1518,13025,1125,13,83,0,0,280,17,393,1518,13025,1062,14,87,0,0,341,31,473,1535,13567,1062,14,87,0,0,341,31,473,1535,13567
Bedfordshire,bedfordshire,2024/25,2,1098,12,89,0,0,240,23,364,1462,12532,1098,12,89,0,0,240,23,364,1462,12532,1181,6,93,0,0,276,23,398,1579,12854,1181,6,93,0,0,276,23,398,1579,12854
Bedfordshire,bedfordshire,2024/25,3,1232,5,76,0,0,343,24,448,1680,13655,1232,5,76,0,0,343,24,448,1680,13655,1055,8,79,0,0,335,26,448,1503,12682,1055,8,79,0,0,335,26,448,1503,12682
Bedfordshire,bedfordshire,2024/25,4,1162,10,86,0,0,333,36,465,1627,12253,1162,10,86,0,0,333,36,465,1627,12253,1017,6,77,0,0,335,28,446,1463,12148,1017,6,77,0,0,335,28,446,1463,12148
Bedfordshire,bedfordshire,2025/26,1,1246,8,83,0,0,343,36,470,1716,13034,1246,8,83,0,0,343,36,470,1716,13034,1157,7,77,0,0,400,32,516,1673,13198,1157,7,77,0,0,400,32,516,1673,13198
Bedfordshire,bedfordshire,2025/26,2,1168,7,78,0,0,526,32,643,1811,13627,1168,7,78,0,0,526,32,643,1811,13627,1049,8,78,0,0,411,39,536,1585,12902,1049,8,78,0,0,411,39,536,1585,12902
Bedfordshire,bedfordshire,2025/26,3,1118,7,70,0,0,391,26,494,1612,13250,1118,7,70,0,0,391,26,494,1612,13250,884,8,46,0,0,415,22,491,1375,12101,884,8,46,0,0,415,22,491,1375,12101
Bedfordshire,bedfordshire,2025/26,4,1109,9,77,0,0,479,32,597,1706,11515,1109,9,77,0,0,479,32,597,1706,11515,827,1,62,0,0,317,19,399,1226,9743,827,1,62,0,0,317,19,399,1226,9743
British Transport Police,british-transport-police,2014/15,1,2316,83,417,260,242,23,0,1025,3341,10904,2316,83,417,260,242,23,0,1025,3341,10904,0,0,0,0,0,0,0,0,0,0,0,0,0,0,0,0,0,0,0,0
British Transport Police,british-transport-police,2014/15,2,2486,88,425,205,175,34,0,927,3413,10894,2486,88,425,205,175,34,0,927,3413,10894,0,0,0,0,0,0,0,0,0,0,0,0,0,0,0,0,0,0,0,0
British Transport Police,british-transport-police,2014/15,3,2697,66,413,208,169,28,0,884,3581,11468,2697,66,413,208,169,28,0,884,3581,11468,0,0,0,0,0,0,0,0,0,0,0,0,0,0,0,0,0,0,0,0
British Transport Police,british-transport-police,2014/15,4,2488,58,318,188,207,37,0,808,3296,10872,2488,58,318,188,207,37,0,808,3296,10872,0,0,0,0,0,0,0,0,0,0,0,0,0,0,0,0,0,0,0,0
British Transport Police,british-transport-police,2015/16,1,1729,36,244,124,134,54,0,592,2321,9198,1729,36,244,124,134,54,0,592,2321,9198,2120,47,310,153,149,94,0,753,2873,11014,2120,47,310,153,149,94,0,753,2873,11014
British Transport Police,british-transport-police,2015/16,2,1800,40,282,129,104,66,0,621,2421,10937,1800,40,282,129,104,66,0,621,2421,10937,2121,42,295,157,107,93,0,694,2815,11787,2121,42,295,157,107,93,0,694,2815,11787
British Transport Police,british-transport-police,2015/16,3,2341,40,264,162,85,112,0,663,3004,12275,2341,40,264,162,85,112,0,663,3004,12275,1965,35,212,135,96,133,0,611,2576,12071,1965,35,212,135,96,133,0,611,2576,12071
British Transport Police,british-transport-police,2015/16,4,1444,27,165,93,76,91,0,452,1896,9149,1444,27,165,93,76,91,0,452,1896,9149,1894,42,197,126,109,118,0,592,2486,11733,1894,42,197,126,109,118,0,592,2486,11733
British Transport Police,british-transport-police,2016/17,1,1605,29,226,127,165,119,0,666,2271,11357,1605,29,226,127,165,119,0,666,2271,11357,1791,30,226,97,138,130,0,621,2412,11619,1791,30,226,97,138,130,0,621,2412,11619
British Transport Police,british-transport-police,2016/17,2,1298,36,167,70,100,116,0,489,1787,10276,1298,36,167,70,100,116,0,489,1787,10276,1968,39,195,73,116,125,0,548,2516,13093,1968,39,195,73,116,125,0,548,2516,13093
British Transport Police,british-transport-police,2016/17,3,1235,28,180,67,93,87,0,455,1690,9887,1235,28,180,67,93,87,0,455,1690,9887,1820,31,179,71,105,115,0,501,2321,13156,1820,31,179,71,105,115,0,501,2321,13156
British Transport Police,british-transport-police,2016/17,4,2236,44,216,83,107,117,0,567,2803,14934,2236,44,216,83,107,117,0,567,2803,14934,1869,29,164,74,102,81,0,450,2319,12354,1869,29,164,74,102,81,0,450,2319,12354
British Transport Police,british-transport-police,2017/18,1,2202,27,128,64,87,95,0,401,2603,15948,2202,27,128,64,87,95,0,401,2603,15948,2103,22,129,56,74,85,0,366,2469,14307,2103,22,129,56,74,85,0,366,2469,14307
British Transport Police,british-transport-police,2017/18,2,1716,24,131,63,77,73,0,368,2084,12922,1716,24,131,63,77,73,0,368,2084,12922,2128,27,141,54,86,71,0,379,2507,14947,2128,27,141,54,86,71,0,379,2507,14947
British Transport Police,british-transport-police,2017/18,3,2060,16,112,48,86,95,0,357,2417,17145,2060,16,112,48,86,95,0,357,2417,17145,2066,40,157,47,98,85,0,427,2493,15430,2066,40,157,47,98,85,0,427,2493,15430
British Transport Police,british-transport-police,2017/18,4,2665,45,209,52,111,96,0,513,3178,16279,2665,45,209,52,111,96,0,513,3178,16279,2260,40,167,42,102,99,0,450,2710,14448,2260,40,167,42,102,99,0,450,2710,14448
British Transport Police,british-transport-police,2018/19,1,1820,29,142,42,102,68,0,383,2203,13591,1820,29,142,42,102,68,0,383,2203,13591,2462,26,154,52,99,76,0,407,2869,15329,2462,26,154,52,99,76,0,407,2869,15329
British Transport Police,british-transport-police,2018/19,2,2223,23,132,49,97,57,0,358,2581,15293,2223,23,132,49,97,57,0,358,2581,15293,2481,28,150,55,133,85,0,451,2932,16366,2481,28,150,55,133,85,0,451,2932,16366
British Transport Police,british-transport-police,2018/19,3,2967,37,179,85,189,120,0,610,3577,19738,2967,37,179,85,189,120,0,610,3577,19738,2500,26,128,71,177,96,0,498,2998,17538,2500,26,128,71,177,96,0,498,2998,17538
British Transport Police,british-transport-police,2018/19,4,2621,42,146,42,237,112,0,579,3200,17647,2621,42,146,42,237,112,0,579,3200,17647,2320,34,157,45,266,103,0,605,2925,16464,2320,34,157,45,266,103,0,605,2925,16464
British Transport Police,british-transport-police,2019/20,1,1756,33,167,44,184,92,0,520,2276,16513,1756,33,167,44,184,92,0,520,2276,16513,2124,21,195,46,177,96,0,535,2659,17276,2124,21,195,46,177,96,0,535,2659,17276
British Transport Police,british-transport-police,2019/20,2,1836,24,184,48,177,100,0,533,2369,16483,1836,24,184,48,177,100,0,533,2369,16483,2025,21,174,41,162,95,0,493,2518,16572,2025,21,174,41,162,95,0,493,2518,16572
British Transport Police,british-transport-police,2019/20,3,2031,14,143,35,133,82,0,407,2438,18191,2031,14,143,35,133,82,0,407,2438,18191,1980,29,161,16,107,193,0,506,2486,19715,1980,29,161,16,107,193,0,506,2486,19715
British Transport Police,british-transport-police,2019/20,4,2062,12,116,8,38,175,0,349,2411,16988,2062,12,116,8,38,175,0,349,2411,16988,1878,35,114,4,2,309,0,464,2342,16920,1878,35,114,4,2,309,0,464,2342,16920
British Transport Police,british-transport-police,2020/21,1,1905,36,126,5,14,386,0,567,2472,10391,1905,36,126,5,14,386,0,567,2472,10391,1267,20,83,3,1,287,0,394,1661,6073,1267,20,83,3,1,287,0,394,1661,6073
British Transport Police,british-transport-police,2020/21,2,1761,34,114,6,12,337,0,503,2264,11499,1761,34,114,6,12,337,0,503,2264,11499,1952,40,126,3,3,373,0,545,2497,10901,1952,40,126,3,3,373,0,545,2497,10901
British Transport Police,british-transport-police,2020/21,3,2048,35,124,2,7,426,0,594,2642,10971,2048,35,124,2,7,426,0,594,2642,10971,1819,28,109,1,3,462,0,603,2422,10428,1819,28,109,1,3,462,0,603,2422,10428
British Transport Police,british-transport-police,2020/21,4,1593,23,125,3,6,520,0,677,2270,8807,1593,23,125,3,6,520,0,677,2270,8807,1434,35,102,2,4,455,0,598,2032,7895,1434,35,102,2,4,455,0,598,2032,7895
British Transport Police,british-transport-police,2021/22,1,1367,42,87,2,4,418,0,553,1920,9787,1367,42,87,2,4,418,0,553,1920,9787,1475,27,98,2,5,416,0,548,2023,10728,1475,27,98,2,5,416,0,548,2023,10728
British Transport Police,british-transport-police,2021/22,2,1044,25,101,1,3,261,0,391,1435,10380,1044,25,101,1,3,261,0,391,1435,10380,1480,14,90,1,3,232,0,340,1820,12110,1480,14,90,1,3,232,0,340,1820,12110
British Transport Police,british-transport-police,2021/22,3,1191,16,84,3,1,290,0,394,1585,11792,1191,16,84,3,1,290,0,394,1585,11792,1468,25,100,3,0,295,0,423,1891,13188,1468,25,100,3,0,295,0,423,1891,13188
British Transport Police,british-transport-police,2021/22,4,1471,17,85,3,2,378,0,485,1956,13190,1471,17,85,3,2,378,0,485,1956,13190,1560,50,103,2,1,422,0,578,2138,12986,1560,50,103,2,1,422,0,578,2138,12986
British Transport Police,british-transport-police,2022/23,1,1501,32,111,0,1,336,0,480,1981,15041,1501,32,111,0,1,336,0,480,1981,15041,1499,31,98,1,1,314,0,445,1944,15370,1499,31,98,1,1,314,0,445,1944,15370
British Transport Police,british-transport-police,2022/23,2,1404,30,89,1,0,302,0,422,1826,15470,1404,30,89,1,0,302,0,422,1826,15470,1587,23,82,0,0,320,0,425,2012,16014,1587,23,82,0,0,320,0,425,2012,16014
British Transport Police,british-transport-police,2022/23,3,1599,43,88,0,0,379,0,510,2109,18183,1599,43,88,0,0,379,0,510,2109,18183,1421,33,108,0,0,391,0,532,1953,16756,1421,33,108,0,0,391,0,532,1953,16756
British Transport Police,british-transport-police,2022/23,4,1810,28,99,0,4,432,0,563,2373,17047,1810,28,99,0,4,432,0,563,2373,17047,1566,30,77,2,1,402,0,512,2078,16782,1566,30,77,2,1,402,0,512,2078,16782
British Transport Police,british-transport-police,2023/24,1,1593,24,80,5,1,378,0,488,2081,16006,1593,24,80,5,1,378,0,488,2081,16006,1664,33,83,4,1,371,0,492,2156,18302,1664,33,83,4,1,371,0,492,2156,18302
British Transport Police,british-transport-police,2023/24,2,1550,26,73,2,0,362,0,463,2013,18593,1550,26,73,2,0,362,0,463,2013,18593,1636,24,82,0,0,355,0,461,2097,19234,1636,24,82,0,0,355,0,461,2097,19234
British Transport Police,british-transport-police,2023/24,3,1893,34,94,0,1,396,0,525,2418,22225,1893,34,94,0,1,396,0,525,2418,22225,1613,45,106,1,1,366,0,519,2132,20362,1613,45,106,1,1,366,0,519,2132,20362
British Transport Police,british-transport-police,2023/24,4,1940,31,93,2,1,373,0,500,2440,20532,1940,31,93,2,1,373,0,500,2440,20532,1778,34,90,1,2,374,0,501,2279,19493,1778,34,90,1,2,374,0,501,2279,19493
British Transport Police,british-transport-police,2024/25,1,1652,22,82,0,5,364,0,473,2125,18439,1652,22,82,0,5,364,0,473,2125,18439,1757,30,101,0,5,338,0,474,2231,19664,1757,30,101,0,5,338,0,474,2231,19664
British Transport Police,british-transport-police,2024/25,2,1537,31,82,1,0,290,0,404,1941,18791,1537,31,82,1,0,290,0,404,1941,18791,1642,32,67,1,0,283,0,383,2025,20226,1642,32,67,1,0,283,0,383,2025,20226
British Transport Police,british-transport-police,2024/25,3,1791,46,104,0,0,295,0,445,2236,22349,1791,46,104,0,0,295,0,445,2236,22349,1675,34,76,0,0,319,0,429,2104,21104,1675,34,76,0,0,319,0,429,2104,21104
British Transport Police,british-transport-police,2024/25,4,2059,33,77,0,0,327,0,437,2496,21537,2059,33,77,0,0,327,0,437,2496,21537,1667,31,67,0,0,356,0,454,2121,20089,1667,31,67,0,0,356,0,454,2121,20089
British Transport Police,british-transport-police,2025/26,1,1759,37,79,1,1,333,0,451,2210,20973,1759,37,79,1,1,333,0,451,2210,20973,1627,22,67,1,0,317,0,407,2034,20854,1627,22,67,1,0,317,0,407,2034,20854
British Transport Police,british-transport-police,2025/26,2,1972,40,95,0,0,333,0,468,2440,24698,1972,40,95,0,0,333,0,468,2440,24698,1571,17,69,0,0,284,0,370,1941,21751,1571,17,69,0,0,284,0,370,1941,21751
British Transport Police,british-transport-police,2025/26,3,1770,34,79,0,0,320,0,433,2203,22241,1770,34,79,0,0,320,0,433,2203,22241,1135,3,65,0,0,291,0,359,1494,22637,1135,3,65,0,0,291,0,359,1494,22637
British Transport Police,british-transport-police,2025/26,4,2077,25,96,0,0,380,0,501,2578,24067,2077,25,96,0,0,380,0,501,2578,24067,669,1,29,0,0,237,0,267,936,17480,669,1,29,0,0,237,0,267,936,17480
Cambridgeshire,cambridgeshire,2014/15,1,1620,74,401,134,204,382,0,1195,2815,11825,1618,74,401,134,204,382,0,1195,2813,11821,1717,88,413,133,205,359,0,1198,2915,11726,1717,88,413,133,205,359,0,1198,2915,11726
Cambridgeshire,cambridgeshire,2014/15,2,1628,98,416,114,157,313,0,1098,2726,11988,1627,98,416,114,157,313,0,1098,2725,11985,1665,80,416,111,159,315,0,1081,2746,11894,1665,80,416,111,159,315,0,1081,2746,11894
Cambridgeshire,cambridgeshire,2014/15,3,1736,49,344,119,196,300,0,1008,2744,11797,1736,49,344,119,196,300,0,1008,2744,11797,1617,44,345,121,194,312,0,1016,2633,11504,1617,44,345,121,194,312,0,1016,2633,11504
Cambridgeshire,cambridgeshire,2014/15,4,1494,64,312,96,168,261,0,901,2395,11072,1493,64,312,96,168,261,0,901,2394,11071,1533,72,312,93,166,233,0,876,2409,11122,1533,72,312,93,166,233,0,876,2409,11122
Cambridgeshire,cambridgeshire,2015/16,1,1544,56,337,80,116,245,0,834,2378,11815,1544,56,337,80,116,245,0,834,2378,11815,1603,72,330,81,116,263,0,862,2465,12155,1603,72,330,81,116,263,0,862,2465,12155
Cambridgeshire,cambridgeshire,2015/16,2,1493,70,347,57,104,240,0,818,2311,12240,1493,70,347,57,104,240,0,818,2311,12240,1475,50,362,57,105,250,0,824,2299,12321,1475,50,362,57,105,250,0,824,2299,12321
Cambridgeshire,cambridgeshire,2015/16,3,1599,63,328,69,111,233,0,804,2403,12348,1599,63,328,69,111,233,0,804,2403,12348,1635,57,327,67,112,262,0,825,2460,12409,1635,57,327,67,112,262,0,825,2460,12409
Cambridgeshire,cambridgeshire,2015/16,4,1614,58,351,62,98,294,0,863,2477,11636,1614,58,351,62,98,294,0,863,2477,11636,1654,76,335,60,96,300,0,867,2521,11681,1654,76,335,60,96,300,0,867,2521,11681
Cambridgeshire,cambridgeshire,2016/17,1,1729,69,361,63,110,407,0,1010,2739,12932,1729,69,361,63,110,407,0,1010,2739,12932,1693,55,395,64,116,444,0,1074,2767,13183,1693,55,395,64,116,444,0,1074,2767,13183
Cambridgeshire,cambridgeshire,2016/17,2,1798,52,439,46,87,489,0,1113,2911,14234,1798,52,439,46,87,489,0,1113,2911,14234,1916,68,396,45,79,469,0,1057,2973,14278,1916,68,396,45,79,469,0,1057,2973,14278
Cambridgeshire,cambridgeshire,2016/17,3,1797,73,291,38,71,460,0,933,2730,14961,1797,73,291,38,71,460,0,933,2730,14961,1743,71,294,38,78,493,0,974,2717,15090,1743,71,294,38,78,493,0,974,2717,15090
Cambridgeshire,cambridgeshire,2016/17,4,1775,59,298,46,101,442,0,946,2721,15218,1775,59,298,46,101,442,0,946,2721,15218,1738,49,276,48,101,425,0,899,2637,15253,1738,49,276,48,101,425,0,899,2637,15253
Cambridgeshire,cambridgeshire,2017/18,1,1624,50,258,41,75,439,0,863,2487,16100,1624,50,258,41,75,439,0,863,2487,16100,1833,58,281,37,79,476,0,931,2764,16967,1833,58,281,37,79,476,0,931,2764,16967
Cambridgeshire,cambridgeshire,2017/18,2,1570,61,275,26,85,402,0,849,2419,16789,1570,61,275,26,85,402,0,849,2419,16789,1742,60,270,24,79,362,0,795,2537,16934,1742,60,270,24,79,362,0,795,2537,16934
Cambridgeshire,cambridgeshire,2017/18,3,1515,52,214,20,61,331,0,678,2193,17240,1515,52,214,20,61,331,0,678,2193,17240,1621,42,240,23,75,320,0,700,2321,17071,1621,42,240,23,75,320,0,700,2321,17071
Cambridgeshire,cambridgeshire,2017/18,4,1975,44,264,12,52,314,0,686,2661,16081,1975,44,264,12,52,314,0,686,2661,16081,1469,47,219,7,35,291,0,599,2068,14994,1469,47,219,7,35,291,0,599,2068,14994
Cambridgeshire,cambridgeshire,2018/19,1,1326,41,224,4,6,314,0,589,1915,14693,1326,41,224,4,6,314,0,589,1915,14693,1275,34,213,2,3,305,0,557,1832,15624,1275,34,213,2,3,305,0,557,1832,15624
Cambridgeshire,cambridgeshire,2018/19,2,1288,24,156,0,1,235,0,416,1704,15985,1288,24,156,0,1,235,0,416,1704,15985,1365,20,157,0,1,255,2,435,1800,16209,1365,20,157,0,1,255,2,435,1800,16209
Cambridgeshire,cambridgeshire,2018/19,3,1288,19,163,0,2,287,1,472,1760,15575,1288,19,163,0,2,287,1,472,1760,15575,1366,17,159,0,2,305,4,487,1853,15826,1366,17,159,0,2,305,4,487,1853,15826
Cambridgeshire,cambridgeshire,2018/19,4,1472,25,162,0,0,265,0,452,1924,15449,1472,25,162,0,0,265,0,452,1924,15449,1509,33,167,0,0,218,15,433,1942,16172,1509,33,167,0,0,218,15,433,1942,16172
Cambridgeshire,cambridgeshire,2019/20,1,1272,23,122,0,0,255,35,435,1707,15393,1272,23,122,0,0,255,35,435,1707,15393,1478,37,132,0,0,295,69,533,2011,16654,1478,37,132,0,0,295,69,533,2011,16654
Cambridgeshire,cambridgeshire,2019/20,2,1226,36,114,0,1,280,47,478,1704,17672,1226,36,114,0,1,280,47,478,1704,17672,1407,34,120,0,1,316,39,510,1917,16303,1407,34,120,0,1,316,39,510,1917,16303
Cambridgeshire,cambridgeshire,2019/20,3,1268,35,121,0,0,374,57,587,1855,17231,1268,35,121,0,0,374,57,587,1855,17231,1424,31,130,0,0,415,65,641,2065,16906,1424,31,130,0,0,415,65,641,2065,16906
Cambridgeshire,cambridgeshire,2019/20,4,1558,30,127,0,0,452,107,716,2274,17116,1558,30,127,0,0,452,107,716,2274,17116,1515,24,149,0,1,481,108,763,2278,16566,1515,24,149,0,1,481,108,763,2278,16566
Cambridgeshire,cambridgeshire,2020/21,1,1567,35,205,0,1,531,88,860,2427,14797,1567,35,205,0,1,531,88,860,2427,14797,1492,25,206,0,0,454,70,755,2247,14122,1492,25,206,0,0,454,70,755,2247,14122
Cambridgeshire,cambridgeshire,2020/21,2,1270,13,243,0,1,399,78,734,2004,16525,1270,13,243,0,1,399,78,734,2004,16525,1339,28,257,0,1,453,76,815,2154,17288,1339,28,257,0,1,453,76,815,2154,17288
Cambridgeshire,cambridgeshire,2020/21,3,1272,23,188,0,0,390,85,686,1958,16008,1272,23,188,0,0,390,85,686,1958,16008,1181,18,181,0,0,384,87,670,1851,15383,1181,18,181,0,0,384,87,670,1851,15383
Cambridgeshire,cambridgeshire,2020/21,4,1137,26,217,0,0,401,71,715,1852,13578,1137,26,217,0,0,401,71,715,1852,13578,966,22,208,0,0,331,63,624,1590,13194,966,22,208,0,0,331,63,624,1590,13194
Cambridgeshire,cambridgeshire,2021/22,1,1059,22,239,0,1,316,99,677,1736,16017,1059,22,239,0,1,316,99,677,1736,16017,1093,41,265,0,1,351,148,806,1899,16493,1093,41,265,0,1,351,148,806,1899,16493
Cambridgeshire,cambridgeshire,2021/22,2,1066,36,277,0,0,352,137,802,1868,17073,1066,36,277,0,0,352,137,802,1868,17073,1266,41,298,0,0,427,107,873,2139,17733,1266,41,298,0,0,427,107,873,2139,17733
Cambridgeshire,cambridgeshire,2021/22,3,1326,53,361,0,0,574,152,1140,2466,16430,1326,53,361,0,0,574,152,1140,2466,16430,1414,42,374,0,0,716,172,1304,2718,17075,1414,42,374,0,0,716,172,1304,2718,17075
Cambridgeshire,cambridgeshire,2021/22,4,1531,36,355,0,0,697,188,1276,2807,16066,1531,36,355,0,0,697,188,1276,2807,16066,1472,49,336,0,0,629,233,1247,2719,16331,1472,49,336,0,0,629,233,1247,2719,16331
Cambridgeshire,cambridgeshire,2022/23,1,1415,66,374,0,0,674,258,1372,2787,18204,1415,66,374,0,0,674,258,1372,2787,18204,1355,59,398,0,0,676,265,1398,2753,17571,1355,59,398,0,0,676,265,1398,2753,17571
Cambridgeshire,cambridgeshire,2022/23,2,1483,49,396,0,1,630,177,1253,2736,18292,1483,49,396,0,1,630,177,1253,2736,18292,1593,40,397,0,1,539,143,1120,2713,18131,1593,40,397,0,1,539,143,1120,2713,18131
Cambridgeshire,cambridgeshire,2022/23,3,1471,30,376,0,0,567,197,1170,2641,18227,1471,30,376,0,0,567,197,1170,2641,18227,1432,36,349,0,0,591,198,1174,2606,17594,1432,36,349,0,0,591,198,1174,2606,17594
Cambridgeshire,cambridgeshire,2022/23,4,1637,43,282,0,0,517,200,1042,2679,18106,1637,43,282,0,0,517,200,1042,2679,18106,1616,30,284,0,0,460,210,984,2600,18089,1616,30,284,0,0,460,210,984,2600,18089
Cambridgeshire,cambridgeshire,2023/24,1,1666,27,251,0,0,508,210,996,2662,18202,1666,27,251,0,0,508,210,996,2662,18202,1609,37,246,0,0,539,201,1023,2632,18152,1609,37,246,0,0,539,201,1023,2632,18152
Cambridgeshire,cambridgeshire,2023/24,2,1628,28,272,0,0,548,143,991,2619,17957,1628,28,272,0,0,548,143,991,2619,17957,1630,22,285,0,0,559,98,964,2594,17922,1630,22,285,0,0,559,98,964,2594,17922
Cambridgeshire,cambridgeshire,2023/24,3,1625,34,298,0,0,594,101,1027,2652,16846,1625,34,298,0,0,594,101,1027,2652,16846,1631,22,269,0,0,571,125,987,2618,16591,1631,22,269,0,0,571,125,987,2618,16591
Cambridgeshire,cambridgeshire,2023/24,4,1735,22,288,0,0,552,74,936,2671,15988,1735,22,288,0,0,552,74,936,2671,15988,1626,16,284,0,0,546,50,896,2522,16040,1626,16,284,0,0,546,50,896,2522,16040
Cambridgeshire,cambridgeshire,2024/25,1,1834,13,261,0,0,577,23,874,2708,16964,1834,13,261,0,0,577,23,874,2708,16964,1865,20,279,0,0,645,44,988,2853,17735,1865,20,279,0,0,645,44,988,2853,17735
Cambridgeshire,cambridgeshire,2024/25,2,1609,21,280,0,0,710,20,1031,2640,17857,1609,21,280,0,0,710,20,1031,2640,17857,1664,14,286,0,0,643,38,981,2645,17779,1664,14,286,0,0,643,38,981,2645,17779
Cambridgeshire,cambridgeshire,2024/25,3,1554,10,262,0,0,595,48,915,2469,15812,1554,10,262,0,0,595,48,915,2469,15812,1512,26,243,0,0,563,55,887,2399,15713,1512,26,243,0,0,563,55,887,2399,15713
Cambridgeshire,cambridgeshire,2024/25,4,1811,38,232,0,0,508,28,806,2617,16024,1811,38,232,0,0,508,28,806,2617,16024,1685,33,236,0,0,490,71,830,2515,15896,1685,33,236,0,0,490,71,830,2515,15896
Cambridgeshire,cambridgeshire,2025/26,1,1547,25,254,0,0,532,53,864,2411,17938,1547,25,254,0,0,532,53,864,2411,17938,1564,14,239,0,0,583,46,882,2446,17701,1564,14,239,0,0,583,46,882,2446,17701
Cambridgeshire,cambridgeshire,2025/26,2,1842,9,213,0,0,532,56,810,2652,17914,1842,9,213,0,0,532,56,810,2652,17914,1736,13,216,0,0,509,59,797,2533,17811,1736,13,216,0,0,509,59,797,2533,17811
Cambridgeshire,cambridgeshire,2025/26,3,1909,19,279,0,0,583,61,942,2851,16894,1909,19,279,0,0,583,61,942,2851,16894,1561,11,235,0,0,608,24,878,2439,15872,1561,11,235,0,0,608,24,878,2439,15872
Cambridgeshire,cambridgeshire,2025/26,4,2137,13,229,0,0,661,87,990,3127,16081,2137,13,229,0,0,661,87,990,3127,16081,1582,5,177,0,0,510,11,703,2285,14068,1582,5,177,0,0,510,11,703,2285,14068
Cheshire,cheshire,2014/15,1,3009,70,459,129,238,467,0,1363,4372,18791,3007,70,458,129,238,467,0,1362,4369,18647,2754,67,412,116,234,446,0,1275,4029,13679,2754,67,412,116,234,446,0,1275,4029,13679
Cheshire,cheshire,2014/15,2,2724,76,458,129,171,402,0,1236,3960,13781,2723,76,458,129,171,402,0,1236,3959,13777,2713,80,473,117,163,397,0,1230,3943,13710,2713,80,473,117,163,397,0,1230,3943,13710
Cheshire,cheshire,2014/15,3,2769,65,452,98,213,401,0,1229,3998,13846,2769,65,452,98,213,401,0,1229,3998,13846,2685,58,454,102,217,391,0,1222,3907,13494,2685,58,454,102,217,391,0,1222,3907,13494
Cheshire,cheshire,2014/15,4,2770,57,454,97,187,414,0,1209,3979,12879,2770,57,454,97,187,414,0,1209,3979,12879,2702,67,434,84,186,460,0,1231,3933,12831,2702,67,434,84,186,460,0,1231,3933,12831
Cheshire,cheshire,2015/16,1,2794,75,367,64,158,481,0,1145,3939,12801,2794,75,367,64,158,481,0,1145,3939,12801,2863,70,363,70,150,498,0,1151,4014,13164,2863,70,363,70,150,498,0,1151,4014,13164
Cheshire,cheshire,2015/16,2,2976,57,371,80,115,425,0,1048,4024,13031,2976,57,371,80,115,425,0,1048,4024,13031,3076,38,385,95,122,478,0,1118,4194,13533,3076,38,385,95,122,478,0,1118,4194,13533
Cheshire,cheshire,2015/16,3,2963,36,357,81,117,467,0,1058,4021,12682,2963,36,357,81,117,467,0,1058,4021,12682,2923,28,343,68,113,574,0,1126,4049,13551,2923,28,343,68,113,574,0,1126,4049,13551
Cheshire,cheshire,2015/16,4,2706,37,321,61,110,636,0,1165,3871,12684,2706,37,321,61,110,636,0,1165,3871,12684,2680,46,338,65,109,626,0,1184,3864,12502,2680,46,338,65,109,626,0,1184,3864,12502
Cheshire,cheshire,2016/17,1,2765,32,366,60,94,616,0,1168,3933,13358,2765,32,366,60,94,616,0,1168,3933,13358,2897,30,363,63,95,722,0,1273,4170,13998,2897,30,363,63,95,722,0,1273,4170,13998
Cheshire,cheshire,2016/17,2,3016,38,418,56,104,712,0,1328,4344,16267,3016,38,418,56,104,712,0,1328,4344,16267,3242,40,427,53,104,756,1,1381,4623,17518,3242,40,427,53,104,756,1,1381,4623,17518
Cheshire,cheshire,2016/17,3,3145,34,321,55,107,796,0,1313,4458,17300,3145,34,321,55,107,796,0,1313,4458,17300,2898,28,310,49,105,739,0,1231,4129,16645,2898,28,310,49,105,739,0,1231,4129,16645
Cheshire,cheshire,2016/17,4,2607,29,284,46,90,686,0,1135,3742,15487,2607,29,284,46,90,686,0,1135,3742,15487,2739,26,294,43,88,717,0,1168,3907,17693,2739,26,294,43,88,717,0,1168,3907,17693
Cheshire,cheshire,2017/18,1,2802,31,291,38,82,566,0,1008,3810,18099,2802,31,291,38,82,566,0,1008,3810,18099,3101,50,321,47,91,607,0,1116,4217,19931,3101,50,321,47,91,607,0,1116,4217,19931
Cheshire,cheshire,2017/18,2,2749,50,334,44,83,364,0,875,3624,19735,2749,50,334,44,83,364,0,875,3624,19735,3050,63,349,38,90,474,0,1014,4064,21649,3050,63,349,38,90,474,0,1014,4064,21649
Cheshire,cheshire,2017/18,3,3103,38,322,46,111,420,0,937,4040,24614,3103,38,322,46,111,420,0,937,4040,24614,2835,36,290,46,108,417,1,898,3733,23551,2835,36,290,46,108,417,1,898,3733,23551
Cheshire,cheshire,2017/18,4,3033,52,270,38,102,613,0,1075,4108,24282,3033,52,270,38,102,613,0,1075,4108,24282,2860,37,252,41,95,335,0,760,3620,22280,2860,37,252,41,95,335,0,760,3620,22280
Cheshire,cheshire,2018/19,1,2659,29,203,35,87,283,0,637,3296,18823,2659,29,203,35,87,283,0,637,3296,18823,2988,26,255,37,113,280,0,711,3699,24332,2988,26,255,37,113,280,0,711,3699,24332
Cheshire,cheshire,2018/19,2,2728,33,247,42,93,280,0,695,3423,24331,2728,33,247,42,93,280,0,695,3423,24331,2776,39,236,46,77,188,0,586,3362,23769,2776,39,236,46,77,188,0,586,3362,23769
Cheshire,cheshire,2018/19,3,2238,24,212,31,83,333,0,683,2921,24898,2238,24,212,31,83,333,0,683,2921,24898,2552,44,217,25,94,220,0,600,3152,23665,2552,44,217,25,94,220,0,600,3152,23665
Cheshire,cheshire,2018/19,4,2404,44,200,33,78,196,0,551,2955,23991,2404,44,200,33,78,196,0,551,2955,23991,2348,24,188,29,69,222,0,532,2880,22728,2348,24,188,29,69,222,0,532,2880,22728
Cheshire,cheshire,2019/20,1,2392,40,171,22,106,211,0,550,2942,23248,2392,40,171,22,106,211,0,550,2942,23248,2354,25,175,23,111,202,0,536,2890,22980,2354,25,175,23,111,202,0,536,2890,22980
Cheshire,cheshire,2019/20,2,2347,19,229,29,77,250,0,604,2951,24510,2347,19,229,29,77,250,0,604,2951,24510,2270,20,210,33,78,177,0,518,2788,24009,2270,20,210,33,78,177,0,518,2788,24009
Cheshire,cheshire,2019/20,3,2045,15,170,31,85,167,0,468,2513,24503,2045,15,170,31,85,167,0,468,2513,24503,2181,29,170,28,76,165,2,470,2651,25670,2181,29,170,28,76,165,2,470,2651,25670
Cheshire,cheshire,2019/20,4,2108,31,152,22,56,143,0,404,2512,22889,2108,31,152,22,56,143,0,404,2512,22889,2128,24,119,22,61,119,4,349,2477,22240,2128,24,119,22,61,119,4,349,2477,22240
Cheshire,cheshire,2020/21,1,2290,31,118,23,149,155,0,476,2766,21150,2290,31,118,23,149,155,0,476,2766,21150,1869,8,125,23,175,134,37,502,2371,19275,1869,8,125,23,175,134,37,502,2371,19275
Cheshire,cheshire,2020/21,2,1392,9,93,22,79,70,0,273,1665,15500,1392,9,93,22,79,70,0,273,1665,15500,2121,6,148,38,86,111,51,440,2561,23319,2121,6,148,38,86,111,51,440,2561,23319
Cheshire,cheshire,2020/21,3,1845,8,138,30,101,98,58,433,2278,21134,1845,8,138,30,101,98,58,433,2278,21134,1836,8,136,21,108,155,101,529,2365,21139,1836,8,136,21,108,155,101,529,2365,21139
Cheshire,cheshire,2020/21,4,2264,5,153,34,120,175,185,672,2936,23926,2264,5,153,34,120,175,185,672,2936,23926,1768,10,121,19,60,204,97,511,2279,19415,1768,10,121,19,60,204,97,511,2279,19415
Cheshire,cheshire,2021/22,1,1576,9,95,3,5,204,33,349,1925,17309,1576,9,95,3,5,204,33,349,1925,17309,1857,21,93,0,1,332,61,508,2365,23224,1857,21,93,0,1,332,61,508,2365,23224
Cheshire,cheshire,2021/22,2,1794,18,110,0,7,277,27,439,2233,23650,1794,18,110,0,7,277,27,439,2233,23650,2107,9,99,0,0,313,78,499,2606,23003,2107,9,99,0,0,313,78,499,2606,23003
Cheshire,cheshire,2021/22,3,2257,13,139,0,5,363,172,692,2949,26357,2257,13,139,0,5,363,172,692,2949,26357,2145,14,149,0,0,358,137,658,2803,22460,2145,14,149,0,0,358,137,658,2803,22460
Cheshire,cheshire,2021/22,4,2407,13,162,2,2,413,116,708,3115,24419,2407,13,162,2,2,413,116,708,3115,24419,2306,16,149,0,0,416,199,780,3086,21344,2306,16,149,0,0,416,199,780,3086,21344
Cheshire,cheshire,2022/23,1,2251,15,226,0,1,436,341,1019,3270,21799,2251,15,226,0,1,436,341,1019,3270,21799,2332,14,203,0,0,414,393,1024,3356,21842,2332,14,203,0,0,414,393,1024,3356,21842
Cheshire,cheshire,2022/23,2,2195,17,185,0,0,704,390,1296,3491,23251,2195,17,185,0,0,704,390,1296,3491,23251,2219,15,200,0,0,748,271,1234,3453,22538,2219,15,200,0,0,748,271,1234,3453,22538
Cheshire,cheshire,2022/23,3,2111,25,194,0,0,884,249,1352,3463,21899,2111,25,194,0,0,884,249,1352,3463,21899,2069,31,171,0,0,983,208,1393,3462,21050,2069,31,171,0,0,983,208,1393,3462,21050
Cheshire,cheshire,2022/23,4,2306,18,151,0,0,1389,161,1719,4025,20556,2306,18,151,0,0,1389,161,1719,4025,20556,2392,15,192,0,0,1431,178,1816,4208,21122,2392,15,192,0,0,1431,178,1816,4208,21122
Cheshire,cheshire,2023/24,1,2346,13,184,0,0,1322,160,1679,4025,20690,2346,13,184,0,0,1322,160,1679,4025,20690,2426,13,183,0,0,1286,147,1629,4055,21271,2426,13,183,0,0,1286,147,1629,4055,21271
Cheshire,cheshire,2023/24,2,2136,14,188,0,0,1324,99,1625,3761,20076,2136,14,188,0,0,1324,99,1625,3761,20076,2222,10,176,0,0,1226,67,1479,3701,19681,2222,10,176,0,0,1226,67,1479,3701,19681
Cheshire,cheshire,2023/24,3,2305,10,178,0,0,1215,51,1454,3759,19572,2305,10,178,0,0,1215,51,1454,3759,19572,2248,13,176,0,0,1131,64,1384,3632,18846,2248,13,176,0,0,1131,64,1384,3632,18846
Cheshire,cheshire,2023/24,4,2487,25,190,0,0,996,75,1286,3773,18808,2487,25,190,0,0,996,75,1286,3773,18808,2260,27,178,0,0,1088,177,1470,3730,19007,2260,27,178,0,0,1088,177,1470,3730,19007
Cheshire,cheshire,2024/25,1,2414,13,200,0,0,1123,229,1565,3979,20367,2414,13,200,0,0,1123,229,1565,3979,20367,2355,9,218,0,0,1132,210,1569,3924,20458,2355,9,218,0,0,1132,210,1569,3924,20458
Cheshire,cheshire,2024/25,2,2391,9,183,0,0,1299,170,1661,4052,21420,2391,9,183,0,0,1299,170,1661,4052,21420,2492,24,185,0,0,1367,59,1635,4127,20946,2492,24,185,0,0,1367,59,1635,4127,20946
Cheshire,cheshire,2024/25,3,2337,14,92,0,0,1337,27,1470,3807,19929,2337,14,92,0,0,1337,27,1470,3807,19929,2210,23,92,0,0,1170,34,1319,3529,18804,2210,23,92,0,0,1170,34,1319,3529,18804
Cheshire,cheshire,2024/25,4,2728,29,96,0,0,1071,29,1225,3953,18083,2728,29,96,0,0,1071,29,1225,3953,18083,2420,34,62,0,0,1030,31,1157,3577,17752,2420,34,62,0,0,1030,31,1157,3577,17752
Cheshire,cheshire,2025/26,1,2736,35,87,0,0,1140,33,1295,4031,19354,2736,35,87,0,0,1140,33,1295,4031,19354,2737,24,88,0,0,1165,37,1314,4051,19523,2737,24,88,0,0,1165,37,1314,4051,19523
Cheshire,cheshire,2025/26,2,2979,29,81,0,0,1234,36,1380,4359,20457,2979,29,81,0,0,1234,36,1380,4359,20457,2922,20,65,0,0,1289,31,1405,4327,19668,2922,20,65,0,0,1289,31,1405,4327,19668
Cheshire,cheshire,2025/26,3,3163,22,82,0,0,1236,39,1379,4542,19350,3163,22,82,0,0,1236,39,1379,4542,19350,2702,20,60,0,0,1132,40,1252,3954,17832,2702,20,60,0,0,1132,40,1252,3954,17832
Cheshire,cheshire,2025/26,4,3460,26,78,0,0,1277,75,1456,4916,19107,3460,26,78,0,0,1277,75,1456,4916,19107,2314,17,61,0,0,1235,65,1378,3692,16097,2314,17,61,0,0,1235,65,1378,3692,16097
City of London,city-of-london,2014/15,1,215,0,76,5,48,7,0,136,351,1249,215,0,76,5,48,7,0,136,351,1248,236,0,65,5,52,7,0,129,365,1254,236,0,65,5,52,7,0,129,365,1254
City of London,city-of-london,2014/15,2,215,1,56,16,49,13,0,135,350,1267,215,1,56,16,49,13,0,135,350,1265,222,0,59,16,48,18,0,141,363,1280,222,0,59,16,48,18,0,141,363,1280
City of London,city-of-london,2014/15,3,236,0,84,7,44,26,0,161,397,985,236,0,84,7,44,26,0,161,397,983,259,2,82,7,42,25,0,158,417,1333,259,2,82,7,42,25,0,158,417,1333
City of London,city-of-london,2014/15,4,275,2,72,11,38,24,0,147,422,1575,274,2,72,11,38,24,0,147,421,1570,209,0,61,13,41,22,0,137,346,1264,209,0,61,13,41,22,0,137,346,1264
City of London,city-of-london,2015/16,1,210,0,54,14,39,23,0,130,340,1188,210,0,54,14,39,23,0,130,340,1188,218,0,57,10,39,25,0,131,349,1289,218,0,57,10,39,25,0,131,349,1289
City of London,city-of-london,2015/16,2,231,0,74,9,32,23,0,138,369,1273,231,0,74,9,32,23,0,138,369,1273,247,0,80,9,31,23,0,143,390,1321,247,0,80,9,31,23,0,143,390,1321
City of London,city-of-london,2015/16,3,228,2,75,8,18,10,0,113,341,1292,228,2,75,8,18,10,0,113,341,1292,245,2,88,10,18,15,0,133,378,1370,245,2,88,10,18,15,0,133,378,1370
City of London,city-of-london,2015/16,4,283,2,81,8,15,21,0,127,410,1508,283,2,81,8,15,21,0,127,410,1508,227,2,62,10,16,23,0,113,340,1223,227,2,62,10,16,23,0,113,340,1223
City of London,city-of-london,2016/17,1,183,1,41,9,21,27,0,99,282,1229,183,1,41,9,21,27,0,99,282,1229,202,2,50,5,21,23,0,101,303,1266,202,2,50,5,21,23,0,101,303,1266
City of London,city-of-london,2016/17,2,236,0,55,6,32,21,0,114,350,1318,236,0,55,6,32,21,0,114,350,1318,238,1,53,7,31,31,0,123,361,1430,238,1,53,7,31,31,0,123,361,1430
City of London,city-of-london,2016/17,3,251,2,55,5,12,31,0,105,356,1480,251,2,55,5,12,31,0,105,356,1480,230,2,49,4,14,25,0,94,324,1362,230,2,49,4,14,25,0,94,324,1362
City of London,city-of-london,2016/17,4,265,3,50,14,23,42,0,132,397,1639,265,3,50,14,23,42,0,132,397,1638,203,2,41,13,19,43,0,118,321,1297,203,2,41,13,19,43,0,118,321,1297
City of London,city-of-london,2017/18,1,181,1,47,5,28,40,0,121,302,1207,181,1,47,5,28,40,0,121,302,1207,203,2,56,5,29,43,0,135,338,1394,203,2,56,5,29,43,0,135,338,1394
City of London,city-of-london,2017/18,2,224,2,53,7,22,33,0,117,341,1393,224,2,53,7,22,33,0,117,341,1393,209,0,54,8,21,36,0,119,328,1336,209,0,54,8,21,36,0,119,328,1336
City of London,city-of-london,2017/18,3,102,1,41,5,18,42,0,107,209,1212,102,1,41,5,18,42,0,107,209,1212,135,3,36,4,20,52,0,115,250,1521,135,3,36,4,20,52,0,115,250,1521
City of London,city-of-london,2017/18,4,198,2,33,4,25,42,0,106,304,1641,198,2,33,4,25,42,0,106,304,1641,216,0,43,7,26,34,0,110,326,1604,216,0,43,7,26,34,0,110,326,1604
City of London,city-of-london,2018/19,1,200,0,28,12,37,40,0,117,317,1695,200,0,28,12,37,40,0,117,317,1695,228,1,39,8,35,27,0,110,338,1642,228,1,39,8,35,27,0,110,338,1642
City of London,city-of-london,2018/19,2,208,1,37,6,32,26,0,102,310,1660,208,1,37,6,32,26,0,102,310,1660,251,0,38,6,35,29,0,108,359,1753,251,0,38,6,35,29,0,108,359,1753
City of London,city-of-london,2018/19,3,214,0,45,8,38,31,0,122,336,1790,214,0,45,8,38,31,0,122,336,1790,212,2,60,13,39,35,0,149,361,1980,212,2,60,13,39,35,0,149,361,1980
City of London,city-of-london,2018/19,4,187,1,47,12,40,42,0,142,329,1905,187,1,47,12,40,42,0,142,329,1905,234,2,37,11,38,41,0,129,363,1867,234,2,37,11,38,41,0,129,363,1867
City of London,city-of-london,2019/20,1,258,2,35,13,15,31,0,96,354,2234,258,2,35,13,15,31,0,96,354,2234,309,1,48,11,19,35,0,114,423,2363,309,1,48,11,19,35,0,114,423,2363
City of London,city-of-london,2019/20,2,313,0,62,10,57,31,0,160,473,2137,313,0,62,10,57,31,0,160,473,2137,346,2,51,12,56,27,0,148,494,2139,346,2,51,12,56,27,0,148,494,2139
City of London,city-of-london,2019/20,3,253,4,66,8,70,30,0,178,431,2240,253,4,66,8,70,30,0,178,431,2240,307,2,79,8,71,25,0,185,492,2320,307,2,79,8,71,25,0,185,492,2320
City of London,city-of-london,2019/20,4,379,1,82,8,44,15,0,150,529,2403,379,1,82,8,44,15,0,150,529,2403,277,1,60,7,39,15,0,122,399,1871,277,1,60,7,39,15,0,122,399,1871
City of London,city-of-london,2020/21,1,180,1,30,9,27,9,3,79,259,807,180,1,30,9,27,9,3,79,259,807,150,0,19,5,25,7,0,56,206,616,150,0,19,5,25,7,0,56,206,616
City of London,city-of-london,2020/21,2,203,1,33,10,50,6,8,108,311,1136,203,1,33,10,50,6,8,108,311,1136,242,0,41,13,54,10,0,118,360,1305,242,0,41,13,54,10,0,118,360,1305
City of London,city-of-london,2020/21,3,249,0,47,12,86,18,5,168,417,1330,249,0,47,12,86,18,5,168,417,1330,177,0,47,10,89,15,0,161,338,1181,177,0,47,10,89,15,0,161,338,1181
City of London,city-of-london,2020/21,4,181,0,27,6,55,9,5,102,283,792,181,0,27,6,55,9,5,102,283,792,127,0,22,8,59,3,0,92,219,649,127,0,22,8,59,3,0,92,219,649
City of London,city-of-london,2021/22,1,169,0,25,11,75,9,7,127,296,881,169,0,25,11,75,9,7,127,296,881,238,2,37,12,69,10,8,138,376,1106,238,2,37,12,69,10,8,138,376,1106
City of London,city-of-london,2021/22,2,239,2,36,8,57,7,15,125,364,1427,239,2,36,8,57,7,15,125,364,1427,276,0,32,9,55,8,11,115,391,1722,276,0,32,9,55,8,11,115,391,1722
City of London,city-of-london,2021/22,3,231,0,41,9,35,10,15,110,341,1700,231,0,41,9,35,10,15,110,341,1700,262,0,53,9,42,10,10,124,386,1854,262,0,53,9,42,10,10,124,386,1854
City of London,city-of-london,2021/22,4,223,0,41,10,52,10,17,130,353,1641,223,0,41,10,52,10,17,130,353,1641,242,0,27,11,51,12,11,112,354,1603,242,0,27,11,51,12,11,112,354,1603
City of London,city-of-london,2022/23,1,237,0,41,11,35,15,6,108,345,1808,237,0,41,11,35,15,6,108,345,1808,209,0,43,8,33,12,6,102,311,1825,209,0,43,8,33,12,6,102,311,1825
City of London,city-of-london,2022/23,2,205,0,32,11,34,11,4,92,297,1838,205,0,32,11,34,11,4,92,297,1838,217,1,41,10,30,10,7,99,316,1950,217,1,41,10,30,10,7,99,316,1950
City of London,city-of-london,2022/23,3,207,0,37,2,25,7,9,80,287,1852,207,0,37,2,25,7,9,80,287,1852,246,0,30,4,28,12,9,83,329,1916,246,0,30,4,28,12,9,83,329,1916
City of London,city-of-london,2022/23,4,269,1,33,6,46,14,18,118,387,2050,269,1,33,6,46,14,18,118,387,2050,302,0,33,4,52,15,10,114,416,1957,302,0,33,4,52,15,10,114,416,1957
City of London,city-of-london,2023/24,1,276,1,32,5,53,13,5,109,385,1928,276,1,32,5,53,13,5,109,385,1928,299,1,32,4,49,22,8,116,415,2047,299,1,32,4,49,22,8,116,415,2047
City of London,city-of-london,2023/24,2,346,1,39,4,51,25,11,131,477,2161,346,1,39,4,51,25,11,131,477,2161,340,6,44,3,50,19,11,133,473,2185,340,6,44,3,50,19,11,133,473,2185
City of London,city-of-london,2023/24,3,285,6,43,7,51,15,7,129,414,2212,285,6,43,7,51,15,7,129,414,2212,312,1,45,8,51,19,18,142,454,2385,312,1,45,8,51,19,18,142,454,2385
City of London,city-of-london,2023/24,4,379,1,47,7,51,15,12,133,512,2137,379,1,47,7,51,15,12,133,512,2137,335,1,40,5,54,12,15,127,462,2136,335,1,40,5,54,12,15,127,462,2136
City of London,city-of-london,2024/25,1,323,0,52,6,52,19,20,149,472,1905,323,0,52,6,52,19,20,149,472,1905,393,0,62,9,44,18,9,142,535,2496,393,0,62,9,44,18,9,142,535,2496
City of London,city-of-london,2024/25,2,408,0,48,6,33,27,24,138,546,2528,408,0,48,6,33,27,24,138,546,2528,382,0,34,5,39,35,16,129,511,2276,382,0,34,5,39,35,16,129,511,2276
City of London,city-of-london,2024/25,3,385,0,45,7,34,45,25,156,541,3128,385,0,45,7,34,45,25,156,541,3128,298,0,24,5,24,51,20,124,422,2352,298,0,24,5,24,51,20,124,422,2352
City of London,city-of-london,2024/25,4,361,0,7,0,0,72,13,92,453,2296,361,0,7,0,0,72,13,92,453,2296,268,1,15,0,0,69,14,99,367,1983,268,1,15,0,0,69,14,99,367,1983
City of London,city-of-london,2025/26,1,301,0,15,0,1,82,15,113,414,2181,301,0,15,0,1,82,15,113,414,2181,317,0,20,0,1,70,13,104,421,2110,317,0,20,0,1,70,13,104,421,2110
City of London,city-of-london,2025/26,2,327,0,19,0,0,44,11,74,401,2212,327,0,19,0,0,44,11,74,401,2212,284,0,6,0,0,50,8,64,348,2156,284,0,6,0,0,50,8,64,348,2156
City of London,city-of-london,2025/26,3,345,0,14,0,0,63,4,81,426,2276,345,0,14,0,0,63,4,81,426,2276,271,0,5,0,0,55,3,63,334,2154,271,0,5,0,0,55,3,63,334,2154
City of London,city-of-london,2025/26,4,330,1,7,0,0,63,7,78,408,2223,330,1,7,0,0,63,7,78,408,2223,195,0,0,0,0,61,3,64,259,1690,195,0,0,0,0,61,3,64,259,1690
Cleveland,cleveland,2014/15,1,2154,70,401,89,113,270,0,943,3097,9140,2154,70,401,89,113,270,0,943,3097,9140,2285,63,397,88,115,304,0,967,3252,9405,2285,63,397,88,115,304,0,967,3252,9405
Cleveland,cleveland,2014/15,2,2381,53,334,93,70,268,0,818,3199,9267,2381,53,334,93,70,268,0,818,3199,9267,2449,55,329,98,68,264,0,814,3263,9677,2449,55,329,98,68,264,0,814,3263,9677
Cleveland,cleveland,2014/15,3,2460,47,306,83,61,298,0,795,3255,11338,2459,47,306,83,61,298,0,795,3254,11337,2506,51,313,81,62,336,0,843,3349,11643,2506,51,313,81,62,336,0,843,3349,11643
Cleveland,cleveland,2014/15,4,2449,48,256,92,58,329,0,783,3232,10889,2449,48,256,92,58,329,0,783,3232,10889,2577,55,280,85,62,302,0,784,3361,11180,2577,55,280,85,62,302,0,784,3361,11180
Cleveland,cleveland,2015/16,1,2435,44,277,63,51,311,0,746,3181,11069,2435,44,277,63,51,311,0,746,3181,11069,2576,31,258,75,49,327,0,740,3316,11464,2576,31,258,75,49,327,0,740,3316,11464
Cleveland,cleveland,2015/16,2,2605,39,245,62,36,309,0,691,3296,12153,2605,39,245,62,36,309,0,691,3296,12153,2568,50,235,50,33,301,0,669,3237,11879,2568,50,235,50,33,301,0,669,3237,11879
Cleveland,cleveland,2015/16,3,2348,53,216,36,51,316,0,672,3020,12202,2348,53,216,36,51,316,0,672,3020,12202,2355,52,223,42,52,305,0,674,3029,12253,2355,52,223,42,52,305,0,674,3029,12253
Cleveland,cleveland,2015/16,4,2491,44,221,51,46,236,0,598,3089,12223,2491,44,221,51,46,236,0,598,3089,12223,2463,48,227,51,47,236,0,609,3072,12417,2463,48,227,51,47,236,0,609,3072,12417
Cleveland,cleveland,2016/17,1,2316,43,209,44,45,226,0,567,2883,12637,2316,43,209,44,45,226,0,567,2883,12637,2246,58,182,38,43,211,0,532,2778,12151,2246,58,182,38,43,211,0,532,2778,12151
Cleveland,cleveland,2016/17,2,2293,71,177,32,40,167,0,487,2780,12272,2293,71,177,32,40,167,0,487,2780,12272,2233,57,190,32,41,160,0,480,2713,12628,2233,57,190,32,41,160,0,480,2713,12628
Cleveland,cleveland,2016/17,3,1995,52,166,25,40,156,0,439,2434,12275,1995,52,166,25,40,156,0,439,2434,12275,2217,54,196,25,43,174,0,492,2709,13302,2217,54,196,25,43,174,0,492,2709,13302
Cleveland,cleveland,2016/17,4,2335,47,186,26,35,171,0,465,2800,13211,2335,47,186,26,35,171,0,465,2800,13211,2213,43,167,31,35,149,0,425,2638,12565,2213,43,167,31,35,149,0,425,2638,12565
Cleveland,cleveland,2017/18,1,2222,44,151,32,39,120,0,386,2608,12416,2222,44,151,32,39,120,0,386,2608,12416,2495,45,179,27,38,153,0,442,2937,13950,2495,45,179,27,38,153,0,442,2937,13950
Cleveland,cleveland,2017/18,2,2451,37,178,21,30,172,0,438,2889,15407,2451,37,178,21,30,172,0,438,2889,15407,2262,32,145,24,30,149,0,380,2642,14169,2262,32,145,24,30,149,0,380,2642,14169
Cleveland,cleveland,2017/18,3,2246,33,147,22,22,167,0,391,2637,14755,2246,33,147,22,22,167,0,391,2637,14755,2239,30,129,20,18,168,0,365,2604,14439,2239,30,129,20,18,168,0,365,2604,14439
Cleveland,cleveland,2017/18,4,2233,34,132,16,24,104,0,310,2543,14085,2233,34,132,16,24,104,0,310,2543,14085,2231,38,145,14,29,103,0,329,2560,14473,2231,38,145,14,29,103,0,329,2560,14473
Cleveland,cleveland,2018/19,1,1756,22,108,15,32,94,0,271,2027,13478,1756,22,108,15,32,94,0,271,2027,13478,2250,30,137,26,37,136,0,366,2616,16002,2250,30,137,26,37,136,0,366,2616,16002
Cleveland,cleveland,2018/19,2,1942,21,120,22,30,106,0,299,2241,16549,1942,21,120,22,30,106,0,299,2241,16549,2115,15,144,21,24,109,0,313,2428,16897,2115,15,144,21,24,109,0,313,2428,16897
Cleveland,cleveland,2018/19,3,1560,16,117,11,23,83,0,250,1810,15250,1560,16,117,11,23,83,0,250,1810,15250,2034,24,114,20,28,109,0,295,2329,17860,2034,24,114,20,28,109,0,295,2329,17860
Cleveland,cleveland,2018/19,4,2480,40,127,27,31,146,0,371,2851,19459,2480,40,127,27,31,146,0,371,2851,19459,1703,38,94,9,27,123,0,291,1994,16494,1703,38,94,9,27,123,0,291,1994,16494
Cleveland,cleveland,2019/20,1,1980,32,112,17,39,130,0,330,2310,19518,1980,32,112,17,39,130,0,330,2310,19518,1600,22,98,16,38,132,0,306,1906,17280,1600,22,98,16,38,132,0,306,1906,17280
Cleveland,cleveland,2019/20,2,1384,19,85,5,31,99,0,239,1623,16912,1384,19,85,5,31,99,0,239,1623,16912,1718,17,97,4,32,110,1,261,1979,18053,1718,17,97,4,32,110,1,261,1979,18053
Cleveland,cleveland,2019/20,3,1566,14,80,8,32,123,0,257,1823,17574,1566,14,80,8,32,123,0,257,1823,17574,1640,18,80,9,36,141,5,289,1929,17389,1640,18,80,9,36,141,5,289,1929,17389
Cleveland,cleveland,2019/20,4,1813,19,116,13,44,138,0,330,2143,17726,1813,19,116,13,44,138,0,330,2143,17726,1744,22,108,9,39,110,8,296,2040,16667,1744,22,108,9,39,110,8,296,2040,16667
Cleveland,cleveland,2020/21,1,1920,17,112,13,58,91,16,307,2227,14628,1920,17,112,13,58,91,16,307,2227,14628,1849,14,93,15,60,31,73,286,2135,14949,1849,14,93,15,60,31,73,286,2135,14949
Cleveland,cleveland,2020/21,2,1570,22,88,12,57,61,37,277,1847,15593,1570,22,88,12,57,61,37,277,1847,15593,1821,30,99,11,60,44,114,358,2179,16659,1821,30,99,11,60,44,114,358,2179,16659
Cleveland,cleveland,2020/21,3,2032,19,111,14,73,43,102,362,2394,17541,2032,19,111,14,73,43,102,362,2394,17541,1800,22,111,16,67,34,91,341,2141,16162,1800,22,111,16,67,34,91,341,2141,16162
Cleveland,cleveland,2020/21,4,1604,18,100,14,61,35,89,317,1921,14223,1604,18,100,14,61,35,89,317,1921,14223,1561,15,99,14,66,29,103,326,1887,14543,1561,15,99,14,66,29,103,326,1887,14543
Cleveland,cleveland,2021/22,1,1379,19,83,15,60,38,152,367,1746,16480,1379,19,83,15,60,38,152,367,1746,16480,1692,23,92,14,56,51,176,412,2104,17909,1692,23,92,14,56,51,176,412,2104,17909
Cleveland,cleveland,2021/22,2,1384,21,79,21,56,36,146,359,1743,18719,1384,21,79,21,56,36,146,359,1743,18719,1776,33,100,21,58,42,166,420,2196,19027,1776,33,100,21,58,42,166,420,2196,19027
Cleveland,cleveland,2021/22,3,1922,24,107,13,45,52,180,421,2343,18882,1922,24,107,13,45,52,180,421,2343,18882,1674,24,90,15,47,34,192,402,2076,18595,1674,24,90,15,47,34,192,402,2076,18595
Cleveland,cleveland,2021/22,4,1566,23,74,14,62,20,201,394,1960,16484,1566,23,74,14,62,20,201,394,1960,16484,1593,29,86,15,58,59,217,464,2057,17742,1593,29,86,15,58,59,217,464,2057,17742
Cleveland,cleveland,2022/23,1,1491,29,91,9,36,37,227,429,1920,20704,1491,29,91,9,36,37,227,429,1920,20704,1908,29,74,12,34,38,205,392,2300,21154,1908,29,74,12,34,38,205,392,2300,21154
Cleveland,cleveland,2022/23,2,2246,29,113,23,48,57,233,503,2749,23631,2246,29,113,23,48,57,233,503,2749,23631,1859,15,93,17,51,26,227,429,2288,21732,1859,15,93,17,51,26,227,429,2288,21732
Cleveland,cleveland,2022/23,3,1817,31,80,10,68,38,196,423,2240,21112,1817,31,80,10,68,38,196,423,2240,21112,1757,14,85,11,67,27,185,389,2146,20710,1757,14,85,11,67,27,185,389,2146,20710
Cleveland,cleveland,2022/23,4,1823,17,67,18,64,20,186,372,2195,19622,1823,17,67,18,64,20,186,372,2195,19622,1738,20,69,16,67,23,231,426,2164,20120,1738,20,69,16,67,23,231,426,2164,20120
Cleveland,cleveland,2023/24,1,1605,13,67,2,42,36,177,337,1942,20201,1605,13,67,2,42,36,177,337,1942,20201,1756,7,68,2,40,31,159,307,2063,20765,1756,7,68,2,40,31,159,307,2063,20765
Cleveland,cleveland,2023/24,2,1893,6,71,4,57,29,154,321,2214,20189,1893,6,71,4,57,29,154,321,2214,20189,2013,5,63,3,59,35,124,289,2302,19824,2013,5,63,3,59,35,124,289,2302,19824
Cleveland,cleveland,2023/24,3,1906,10,64,1,53,26,128,282,2188,17994,1906,10,64,1,53,26,128,282,2188,17994,1892,1,61,0,51,38,131,282,2174,17852,1892,1,61,0,51,38,131,282,2174,17852
Cleveland,cleveland,2023/24,4,2008,11,62,1,32,51,144,301,2309,17416,2008,11,62,1,32,51,144,301,2309,17416,1987,6,55,2,31,51,182,327,2314,17269,1987,6,55,2,31,51,182,327,2314,17269
Cleveland,cleveland,2024/25,1,2176,2,47,6,13,57,186,311,2487,18203,2176,2,47,6,13,57,186,311,2487,18203,2209,6,39,5,9,87,242,388,2597,18754,2209,6,39,5,9,87,242,388,2597,18754
Cleveland,cleveland,2024/25,2,2286,7,18,1,1,103,236,366,2652,19599,2286,7,18,1,1,103,236,366,2652,19599,2149,19,26,1,1,90,219,356,2505,18985,2149,19,26,1,1,90,219,356,2505,18985
Cleveland,cleveland,2024/25,3,2264,5,19,0,0,119,208,351,2615,17439,2264,5,19,0,0,119,208,351,2615,17439,2103,8,30,0,0,130,212,380,2483,16935,2103,8,30,0,0,130,212,380,2483,16935
Cleveland,cleveland,2024/25,4,2078,17,42,0,0,135,231,425,2503,16117,2078,17,42,0,0,135,231,425,2503,16117,2016,5,30,0,0,143,232,410,2426,16176,2016,5,30,0,0,143,232,410,2426,16176
Cleveland,cleveland,2025/26,1,2024,8,38,0,0,125,227,398,2422,17059,2024,8,38,0,0,125,227,398,2422,17059,2018,12,48,0,0,143,171,374,2392,17523,2018,12,48,0,0,143,171,374,2392,17523
Cleveland,cleveland,2025/26,2,2520,11,44,0,0,166,168,389,2909,18786,2520,11,44,0,0,166,168,389,2909,18786,2222,3,38,0,0,178,170,389,2611,18296,2222,3,38,0,0,178,170,389,2611,18296
Cleveland,cleveland,2025/26,3,2498,9,60,0,0,301,186,556,3054,18918,2498,9,60,0,0,301,186,556,3054,18918,2213,5,65,0,0,327,168,565,2778,17686,2213,5,65,0,0,327,168,565,2778,17686
Cleveland,cleveland,2025/26,4,2478,5,64,0,0,529,208,806,3284,19439,2478,5,64,0,0,529,208,806,3284,19439,2067,0,34,0,0,439,73,546,2613,17204,2067,0,34,0,0,439,73,546,2613,17204
Cumbria,cumbria,2014/15,1,1410,45,317,64,96,290,0,812,2222,2229,1409,45,317,64,96,290,0,812,2221,2228,0,0,0,0,0,0,0,0,0,0,0,0,0,0,0,0,0,0,0,0
Cumbria,cumbria,2014/15,2,1619,75,340,49,74,354,0,892,2511,5843,1617,75,340,49,74,354,0,892,2509,5840,0,0,0,0,0,0,0,0,0,0,0,0,0,0,0,0,0,0,0,0
Cumbria,cumbria,2014/15,3,1466,40,311,48,68,289,0,756,2222,6370,1465,40,311,48,68,289,0,756,2221,6369,0,0,0,0,0,0,0,0,0,0,0,0,0,0,0,0,0,0,0,0
Cumbria,cumbria,2014/15,4,1436,42,295,40,50,241,0,668,2104,5829,1435,42,295,40,50,241,0,668,2103,5827,0,0,0,0,0,0,0,0,0,0,0,0,0,0,0,0,0,0,0,0
Cumbria,cumbria,2015/16,1,1340,40,257,38,37,291,0,663,2003,6218,1340,40,257,38,37,291,0,663,2003,6218,1405,43,239,40,40,305,0,667,2072,6654,1405,43,239,40,40,305,0,667,2072,6654
Cumbria,cumbria,2015/16,2,1438,50,280,45,57,282,0,714,2152,6859,1438,50,280,45,57,282,0,714,2152,6859,1461,37,278,43,54,282,0,694,2155,6809,1461,37,278,43,54,282,0,694,2155,6809
Cumbria,cumbria,2015/16,3,1144,41,229,30,42,268,0,610,1754,6211,1144,41,229,30,42,268,0,610,1754,6211,1210,23,242,34,40,263,0,602,1812,6161,1210,23,242,34,40,263,0,602,1812,6161
Cumbria,cumbria,2015/16,4,1332,22,207,34,52,276,0,591,1923,6146,1332,22,207,34,52,276,0,591,1923,6146,1323,41,220,31,55,254,0,601,1924,6350,1323,41,220,31,55,254,0,601,1924,6350
Cumbria,cumbria,2016/17,1,1422,42,197,32,42,294,0,607,2029,6632,1422,42,197,32,42,294,0,607,2029,6632,1256,38,162,34,43,309,0,586,1842,6412,1256,38,162,34,43,309,0,586,1842,6412
Cumbria,cumbria,2016/17,2,1204,40,203,22,35,302,0,602,1806,6788,1204,40,203,22,35,302,0,602,1806,6788,1251,33,194,23,34,279,0,563,1814,6521,1251,33,194,23,34,279,0,563,1814,6521
Cumbria,cumbria,2016/17,3,1398,41,186,25,38,284,0,574,1972,7103,1398,41,186,25,38,284,0,574,1972,7103,1228,33,175,22,40,277,0,547,1775,6265,1228,33,175,22,40,277,0,547,1775,6265
Cumbria,cumbria,2016/17,4,1275,40,169,24,29,243,0,505,1780,6015,1275,40,169,24,29,243,0,505,1780,6014,1263,55,149,22,29,248,0,503,1766,6174,1263,55,149,22,29,248,0,503,1766,6174
Cumbria,cumbria,2017/18,1,1181,47,152,14,26,223,0,462,1643,6476,1181,47,152,14,26,223,0,462,1643,6476,1291,36,162,15,23,280,0,516,1807,6829,1291,36,162,15,23,280,0,516,1807,6829
Cumbria,cumbria,2017/18,2,1181,31,152,25,28,301,0,537,1718,6597,1181,31,152,25,28,301,0,537,1718,6597,1257,46,174,24,30,248,0,522,1779,6837,1257,46,174,24,30,248,0,522,1779,6837
Cumbria,cumbria,2017/18,3,1414,51,180,15,33,229,0,508,1922,7234,1414,51,180,15,33,229,0,508,1922,7234,1331,33,176,14,33,259,0,515,1846,7135,1331,33,176,14,33,259,0,515,1846,7135
Cumbria,cumbria,2017/18,4,1317,34,179,11,51,265,0,540,1857,7496,1317,34,179,11,51,265,0,540,1857,7496,1296,24,176,13,51,272,0,536,1832,7642,1296,24,176,13,51,272,0,536,1832,7642
Cumbria,cumbria,2018/19,1,1254,24,196,15,47,334,0,616,1870,8754,1254,24,196,15,47,334,0,616,1870,8754,1281,46,215,16,46,317,0,640,1921,9067,1281,46,215,16,46,317,0,640,1921,9067
Cumbria,cumbria,2018/19,2,1335,50,201,10,47,261,0,569,1904,9393,1335,50,201,10,47,261,0,569,1904,9393,1348,45,177,6,48,269,0,545,1893,9218,1348,45,177,6,48,269,0,545,1893,9218
Cumbria,cumbria,2018/19,3,1153,38,203,16,41,268,0,566,1719,8344,1153,38,203,16,41,268,0,566,1719,8344,1190,44,194,21,41,250,0,550,1740,9272,1190,44,194,21,41,250,0,550,1740,9272
Cumbria,cumbria,2018/19,4,1170,42,164,11,34,233,0,484,1654,9119,1170,42,164,11,34,233,0,484,1654,9119,1135,40,181,8,36,283,0,548,1683,9166,1135,40,181,8,36,283,0,548,1683,9166
Cumbria,cumbria,2019/20,1,1052,55,159,13,34,293,0,554,1606,9542,1052,55,159,13,34,293,0,554,1606,9542,1018,43,175,16,34,286,0,554,1572,9627,1018,43,175,16,34,286,0,554,1572,9627
Cumbria,cumbria,2019/20,2,976,18,181,13,38,237,0,487,1463,9271,976,18,181,13,38,237,0,487,1463,9271,1075,25,185,8,41,250,6,515,1590,9718,1075,25,185,8,41,250,6,515,1590,9718
Cumbria,cumbria,2019/20,3,1041,30,189,9,47,284,1,560,1601,9516,1041,30,189,9,47,284,1,560,1601,9516,1021,26,180,8,47,278,3,542,1563,9616,1021,26,180,8,47,278,3,542,1563,9616
Cumbria,cumbria,2019/20,4,1051,36,184,8,61,334,2,625,1676,9926,1051,36,184,8,61,334,2,625,1676,9926,966,38,169,9,57,330,7,610,1576,9211,966,38,169,9,57,330,7,610,1576,9211
Cumbria,cumbria,2020/21,1,1010,32,156,7,74,235,17,521,1531,8052,1010,32,156,7,74,235,17,521,1531,8052,920,32,159,8,74,186,14,473,1393,7540,920,32,159,8,74,186,14,473,1393,7540
Cumbria,cumbria,2020/21,2,1013,28,188,19,59,274,30,598,1611,8504,1013,28,188,19,59,274,30,598,1611,8504,1189,19,179,17,58,293,40,606,1795,9095,1189,19,179,17,58,293,40,606,1795,9095
Cumbria,cumbria,2020/21,3,1108,27,126,8,61,277,33,532,1640,8499,1108,27,126,8,61,277,33,532,1640,8499,962,22,98,9,63,256,47,495,1457,7690,962,22,98,9,63,256,47,495,1457,7690
Cumbria,cumbria,2020/21,4,886,21,116,10,85,206,49,487,1373,7162,886,21,116,10,85,206,49,487,1373,7162,778,16,110,10,82,194,44,456,1234,6570,778,16,110,10,82,194,44,456,1234,6570
Cumbria,cumbria,2021/22,1,789,18,132,8,39,290,59,546,1335,7942,789,18,132,8,39,290,59,546,1335,7942,955,13,139,7,37,328,89,613,1568,8819,955,13,139,7,37,328,89,613,1568,8819
Cumbria,cumbria,2021/22,2,765,11,62,0,2,245,87,407,1172,8656,765,11,62,0,2,245,87,407,1172,8656,859,18,58,0,1,293,151,521,1380,9510,859,18,58,0,1,293,151,521,1380,9510
Cumbria,cumbria,2021/22,3,875,21,48,0,0,343,126,538,1413,9416,875,21,48,0,0,343,126,538,1413,9416,955,29,50,0,0,347,154,580,1535,9426,955,29,50,0,0,347,154,580,1535,9426
Cumbria,cumbria,2021/22,4,954,23,47,0,0,362,178,610,1564,9102,954,23,47,0,0,362,178,610,1564,9102,941,26,50,0,0,390,164,630,1571,9306,941,26,50,0,0,390,164,630,1571,9306
Cumbria,cumbria,2022/23,1,878,22,52,0,0,336,146,556,1434,9879,878,22,52,0,0,336,146,556,1434,9879,941,19,51,0,0,363,178,611,1552,10126,941,19,51,0,0,363,178,611,1552,10126
Cumbria,cumbria,2022/23,2,912,28,44,0,0,413,175,660,1572,10459,912,28,44,0,0,413,175,660,1572,10459,1009,25,54,0,0,375,143,597,1606,10322,1009,25,54,0,0,375,143,597,1606,10322
Cumbria,cumbria,2022/23,3,988,22,71,0,0,416,136,645,1633,9833,988,22,71,0,0,416,136,645,1633,9833,972,13,64,0,0,395,151,623,1595,9141,972,13,64,0,0,395,151,623,1595,9141
Cumbria,cumbria,2022/23,4,1011,7,57,0,0,432,142,638,1649,8806,1011,7,57,0,0,432,142,638,1649,8806,986,24,68,0,0,484,170,746,1732,9197,986,24,68,0,0,484,170,746,1732,9197
Cumbria,cumbria,2023/24,1,927,18,54,0,0,601,161,834,1761,9290,927,18,54,0,0,601,161,834,1761,9290,1018,35,53,0,0,668,145,901,1919,9740,1018,35,53,0,0,668,145,901,1919,9740
Cumbria,cumbria,2023/24,2,1017,39,57,0,0,644,150,890,1907,9085,1017,39,57,0,0,644,150,890,1907,9085,981,38,58,0,0,618,116,830,1811,8792,981,38,58,0,0,618,116,830,1811,8792
Cumbria,cumbria,2023/24,3,1012,30,58,0,0,609,122,819,1831,8442,1012,30,58,0,0,609,122,819,1831,8442,1088,37,69,0,0,609,142,857,1945,8461,1088,37,69,0,0,609,142,857,1945,8461
Cumbria,cumbria,2023/24,4,1044,43,76,0,0,574,120,813,1857,7992,1044,43,76,0,0,574,120,813,1857,7992,1112,15,70,0,0,579,150,814,1926,8442,1112,15,70,0,0,579,150,814,1926,8442
Cumbria,cumbria,2024/25,1,1137,14,62,0,0,564,147,787,1924,8540,1137,14,62,0,0,564,147,787,1924,8540,1298,25,76,0,0,652,156,909,2207,9330,1298,25,76,0,0,652,156,909,2207,9330
Cumbria,cumbria,2024/25,2,1280,26,74,0,0,643,151,894,2174,9735,1280,26,74,0,0,643,151,894,2174,9735,1273,32,64,0,0,608,115,819,2092,9597,1273,32,64,0,0,608,115,819,2092,9597
Cumbria,cumbria,2024/25,3,1296,23,74,0,0,544,100,741,2037,9889,1296,23,74,0,0,544,100,741,2037,9889,1092,14,92,0,0,523,108,737,1829,9185,1092,14,92,0,0,523,108,737,1829,9185
Cumbria,cumbria,2024/25,4,1363,24,80,0,0,528,92,724,2087,8236,1363,24,80,0,0,528,92,724,2087,8236,1189,14,78,0,0,491,141,724,1913,8465,1189,14,78,0,0,491,141,724,1913,8465
Cumbria,cumbria,2025/26,1,1087,13,104,0,0,487,128,732,1819,8551,1087,13,104,0,0,487,128,732,1819,8551,1155,14,103,0,0,486,115,718,1873,8940,1155,14,103,0,0,486,115,718,1873,8940
Cumbria,cumbria,2025/26,2,1136,14,87,0,0,462,118,681,1817,9232,1136,14,87,0,0,462,118,681,1817,9232,1059,8,90,0,0,443,102,643,1702,8930,1059,8,90,0,0,443,102,643,1702,8930
Cumbria,cumbria,2025/26,3,1253,4,110,0,0,536,120,770,2023,9049,1253,4,110,0,0,536,120,770,2023,9049,939,4,104,0,0,574,68,750,1689,8003,939,4,104,0,0,574,68,750,1689,8003
Cumbria,cumbria,2025/26,4,1323,17,126,0,0,625,155,923,2246,9179,1323,17,126,0,0,625,155,923,2246,9179,817,6,80,0,0,432,45,563,1380,6515,817,6,80,0,0,432,45,563,1380,6515
Derbyshire,derbyshire,2014/15,1,2602,66,420,172,256,575,0,1489,4091,11376,2602,66,420,172,256,575,0,1489,4091,11371,2780,97,446,169,252,825,0,1789,4569,13027,2780,97,446,169,252,825,0,1789,4569,13027
Derbyshire,derbyshire,2014/15,2,2779,83,504,134,230,781,0,1732,4511,13540,2777,83,504,134,230,781,0,1732,4509,13538,2788,60,481,127,220,809,0,1697,4485,13208,2788,60,481,127,220,809,0,1697,4485,13208
Derbyshire,derbyshire,2014/15,3,2866,64,406,129,212,1040,0,1851,4717,13765,2866,64,406,129,212,1040,0,1851,4717,13763,2681,71,393,121,204,779,0,1568,4249,12835,2681,71,393,121,204,779,0,1568,4249,12835
Derbyshire,derbyshire,2014/15,4,2517,89,331,116,166,483,0,1185,3702,12734,2517,89,331,116,166,483,0,1185,3702,12733,2540,70,347,121,179,723,0,1440,3980,12241,2540,70,347,121,179,723,0,1440,3980,12241
Derbyshire,derbyshire,2015/16,1,2566,64,376,110,174,722,0,1446,4012,12371,2566,64,376,110,174,722,0,1446,4012,12371,2696,64,388,119,172,990,0,1733,4429,13019,2696,64,388,119,172,990,0,1733,4429,13019
Derbyshire,derbyshire,2015/16,2,2439,49,379,108,178,711,0,1425,3864,11701,2439,49,379,108,178,711,0,1425,3864,11701,2635,59,391,107,186,955,0,1698,4333,13030,2635,59,391,107,186,955,0,1698,4333,13030
Derbyshire,derbyshire,2015/16,3,2580,44,393,86,172,1170,0,1865,4445,13627,2580,44,393,86,172,1170,0,1865,4445,13627,2301,41,388,90,179,785,0,1483,3784,12494,2301,41,388,90,179,785,0,1483,3784,12494
Derbyshire,derbyshire,2015/16,4,2601,53,387,99,161,923,0,1623,4224,14473,2601,53,387,99,161,923,0,1623,4224,14472,1832,23,294,83,153,542,0,1095,2927,10578,1832,23,294,83,153,542,0,1095,2927,10578
Derbyshire,derbyshire,2016/17,1,1994,41,366,95,171,900,0,1573,3567,11901,1994,41,366,95,171,900,0,1573,3567,11901,2183,48,380,92,165,822,0,1507,3690,12407,2183,48,380,92,165,822,0,1507,3690,12407
Derbyshire,derbyshire,2016/17,2,1512,43,260,68,142,515,0,1028,2540,8860,1512,43,260,68,142,515,0,1028,2540,8860,2061,33,310,96,140,638,0,1217,3278,11711,2061,33,310,96,140,638,0,1217,3278,11711
Derbyshire,derbyshire,2016/17,3,2184,37,285,96,133,667,0,1218,3402,13190,2184,37,285,96,133,667,0,1218,3402,13190,1552,37,260,78,129,461,0,965,2517,8872,1552,37,260,78,129,461,0,965,2517,8872
Derbyshire,derbyshire,2016/17,4,2673,62,365,90,139,784,0,1440,4113,13201,2673,62,365,90,139,784,0,1440,4113,13201,1151,8,185,61,99,342,0,695,1846,7281,1151,8,185,61,99,342,0,695,1846,7281
Derbyshire,derbyshire,2017/18,1,2282,34,271,80,120,788,0,1293,3575,14090,2282,34,271,80,120,788,0,1293,3575,14090,2189,36,307,91,96,768,0,1298,3487,13593,2189,36,307,91,96,768,0,1298,3487,13593
Derbyshire,derbyshire,2017/18,2,2343,28,328,83,119,728,0,1286,3629,14020,2343,28,328,83,119,728,0,1286,3629,14020,2149,36,278,63,127,750,0,1254,3403,13466,2149,36,278,63,127,750,0,1254,3403,13466
Derbyshire,derbyshire,2017/18,3,2122,55,269,69,121,744,0,1258,3380,15996,2122,55,269,69,121,744,0,1258,3380,15996,1782,47,247,76,133,690,0,1193,2975,13053,1782,47,247,76,133,690,0,1193,2975,13053
Derbyshire,derbyshire,2017/18,4,2528,49,290,78,146,925,0,1488,4016,15429,2528,49,290,78,146,925,0,1488,4016,15428,1372,12,145,48,100,453,0,758,2130,10048,1372,12,145,48,100,453,0,758,2130,10048
Derbyshire,derbyshire,2018/19,1,1564,22,170,58,97,567,0,914,2478,12658,1564,22,170,58,97,567,0,914,2478,12658,2359,39,272,82,133,789,0,1315,3674,15098,2359,39,272,82,133,789,0,1315,3674,15098
Derbyshire,derbyshire,2018/19,2,2184,32,236,72,102,650,0,1092,3276,14479,2184,32,236,72,102,650,0,1092,3276,14479,2217,28,274,66,119,626,0,1113,3330,15389,2217,28,274,66,119,626,0,1113,3330,15389
Derbyshire,derbyshire,2018/19,3,2781,50,361,68,170,853,0,1502,4283,16047,2781,50,361,68,170,853,0,1502,4283,16047,2120,43,283,55,125,595,0,1101,3221,15306,2120,43,283,55,125,595,0,1101,3221,15306
Derbyshire,derbyshire,2018/19,4,2176,39,294,67,139,677,0,1216,3392,15011,2176,39,294,67,139,677,0,1216,3392,15011,2096,25,272,67,135,708,0,1207,3303,15459,2096,25,272,67,135,708,0,1207,3303,15459
Derbyshire,derbyshire,2019/20,1,1679,24,215,49,127,574,0,989,2668,15288,1679,24,215,49,127,574,0,989,2668,15288,2170,38,277,50,146,703,0,1214,3384,18931,2170,38,277,50,146,703,0,1214,3384,18931
Derbyshire,derbyshire,2019/20,2,1921,27,250,38,108,629,0,1052,2973,23188,1921,27,250,38,108,629,0,1052,2973,23188,2106,40,254,38,104,690,0,1126,3232,20823,2106,40,254,38,104,690,0,1126,3232,20823
Derbyshire,derbyshire,2019/20,3,1772,38,230,37,127,590,0,1022,2794,20882,1772,38,230,37,127,590,0,1022,2794,20882,2222,21,276,56,172,574,0,1099,3321,20649,2222,21,276,56,172,574,0,1099,3321,20649
Derbyshire,derbyshire,2019/20,4,2238,23,266,63,152,613,0,1117,3355,20360,2238,23,266,63,152,613,0,1117,3355,20360,2069,28,249,51,131,595,0,1054,3123,18948,2069,28,249,51,131,595,0,1054,3123,18948
Derbyshire,derbyshire,2020/21,1,2766,30,320,76,219,707,4,1356,4122,18662,2766,30,320,76,219,707,4,1356,4122,18662,2124,12,250,66,196,513,1,1038,3162,17644,2124,12,250,66,196,513,1,1038,3162,17644
Derbyshire,derbyshire,2020/21,2,2234,20,309,48,151,610,3,1141,3375,20632,2234,20,309,48,151,610,3,1141,3375,20632,2090,30,325,56,132,622,0,1165,3255,20867,2090,30,325,56,132,622,0,1165,3255,20867
Derbyshire,derbyshire,2020/21,3,1952,31,252,57,137,525,0,1002,2954,20330,1952,31,252,57,137,525,0,1002,2954,20330,1748,23,234,50,147,519,0,973,2721,18741,1748,23,234,50,147,519,0,973,2721,18741
Derbyshire,derbyshire,2020/21,4,1667,23,197,54,155,436,1,866,2533,18089,1667,23,197,54,155,436,1,866,2533,18089,1635,25,180,57,162,460,0,884,2519,17540,1635,25,180,57,162,460,0,884,2519,17540
Derbyshire,derbyshire,2021/22,1,1883,21,254,61,154,654,3,1147,3030,19853,1883,21,254,61,154,654,3,1147,3030,19853,1963,36,221,57,125,681,0,1120,3083,21848,1963,36,221,57,125,681,0,1120,3083,21848
Derbyshire,derbyshire,2021/22,2,1730,31,217,62,102,613,0,1025,2755,21381,1730,31,217,62,102,613,0,1025,2755,21381,2034,22,274,63,104,617,0,1080,3114,22623,2034,22,274,63,104,617,0,1080,3114,22623
Derbyshire,derbyshire,2021/22,3,1798,27,247,50,104,556,3,987,2785,20242,1798,27,247,50,104,556,3,987,2785,20242,1762,26,241,50,105,567,0,989,2751,20836,1762,26,241,50,105,567,0,989,2751,20836
Derbyshire,derbyshire,2021/22,4,1684,28,275,55,129,598,3,1088,2772,20383,1684,28,275,55,129,598,3,1088,2772,20383,1761,26,236,58,116,613,0,1049,2810,20179,1761,26,236,58,116,613,0,1049,2810,20179
Derbyshire,derbyshire,2022/23,1,1815,18,215,52,107,611,3,1006,2821,20594,1815,18,215,52,107,611,3,1006,2821,20594,1751,31,215,52,108,633,0,1039,2790,20955,1751,31,215,52,108,633,0,1039,2790,20955
Derbyshire,derbyshire,2022/23,2,1930,26,228,58,137,688,2,1139,3069,21875,1930,26,228,58,137,688,2,1139,3069,21875,1658,21,186,45,133,518,0,903,2561,18676,1658,21,186,45,133,518,0,903,2561,18676
Derbyshire,derbyshire,2022/23,3,1601,37,221,38,108,506,3,913,2514,17244,1601,37,221,38,108,506,3,913,2514,17244,1679,28,220,48,108,589,0,993,2672,19121,1679,28,220,48,108,589,0,993,2672,19121
Derbyshire,derbyshire,2022/23,4,1907,35,239,55,124,617,1,1071,2978,20672,1907,35,239,55,124,617,1,1071,2978,20672,2028,32,255,47,122,737,4,1197,3225,22446,2028,32,255,47,122,737,4,1197,3225,22446
Derbyshire,derbyshire,2023/24,1,1985,38,221,48,98,723,0,1128,3113,22609,1985,38,221,48,98,723,0,1128,3113,22609,2138,18,205,35,85,801,1,1145,3283,23872,2138,18,205,35,85,801,1,1145,3283,23872
Derbyshire,derbyshire,2023/24,2,2201,15,180,5,10,737,1,948,3149,23740,2201,15,180,5,10,737,1,948,3149,23740,2242,6,211,1,4,686,14,922,3164,22595,2242,6,211,1,4,686,14,922,3164,22595
Derbyshire,derbyshire,2023/24,3,2395,11,188,1,2,851,18,1071,3466,21140,2395,11,188,1,2,851,18,1071,3466,21140,2070,6,166,0,2,837,49,1060,3130,20002,2070,6,166,0,2,837,49,1060,3130,20002
Derbyshire,derbyshire,2023/24,4,2227,5,156,0,1,799,60,1021,3248,20054,2227,5,156,0,1,799,60,1021,3248,20054,2111,6,175,0,0,886,53,1120,3231,19369,2111,6,175,0,0,886,53,1120,3231,19369
Derbyshire,derbyshire,2024/25,1,2583,6,182,0,1,883,65,1137,3720,21728,2583,6,182,0,1,883,65,1137,3720,21728,2130,14,159,0,0,948,37,1158,3288,18972,2130,14,159,0,0,948,37,1158,3288,18972
Derbyshire,derbyshire,2024/25,2,2602,11,154,0,0,1029,46,1240,3842,22667,2602,11,154,0,0,1029,46,1240,3842,22667,2225,8,153,0,0,929,25,1115,3340,16939,2225,8,153,0,0,929,25,1115,3340,16939
Derbyshire,derbyshire,2024/25,3,2508,12,169,1,1,1002,57,1242,3750,22708,2508,12,169,1,1,1002,57,1242,3750,22708,2136,6,138,0,0,934,74,1152,3288,18045,2136,6,138,0,0,934,74,1152,3288,18045
Derbyshire,derbyshire,2024/25,4,2583,4,143,0,1,918,76,1142,3725,20281,2583,4,143,0,1,918,76,1142,3725,20281,2216,8,110,0,0,1008,43,1169,3385,19465,2216,8,110,0,0,1008,43,1169,3385,19465
Derbyshire,derbyshire,2025/26,1,2292,10,114,0,0,1078,52,1254,3546,20854,2292,10,114,0,0,1078,52,1254,3546,20854,2209,6,84,0,0,1197,97,1384,3593,21404,2209,6,84,0,0,1197,97,1384,3593,21404
Derbyshire,derbyshire,2025/26,2,2528,9,112,0,0,1218,74,1413,3941,22949,2528,9,112,0,0,1218,74,1413,3941,22949,2201,0,118,0,0,1108,34,1260,3461,21567,2201,0,118,0,0,1108,34,1260,3461,21567
Derbyshire,derbyshire,2025/26,3,2797,2,129,0,0,1220,54,1405,4202,21929,2797,2,129,0,0,1220,54,1405,4202,21929,2141,3,123,0,0,1067,40,1233,3374,19345,2141,3,123,0,0,1067,40,1233,3374,19345
Derbyshire,derbyshire,2025/26,4,2485,4,111,0,0,1099,45,1259,3744,20459,2485,4,111,0,0,1099,45,1259,3744,20459,1473,2,75,0,0,871,33,981,2454,16911,1473,2,75,0,0,871,33,981,2454,16911
Devon and Cornwall,devon-and-cornwall,2014/15,1,3402,188,850,132,351,1575,0,3096,6498,22094,3392,188,850,132,351,1575,0,3096,6488,21989,3032,221,901,128,393,1756,0,3399,6431,20793,3032,221,901,128,393,1756,0,3399,6431,20793
Devon and Cornwall,devon-and-cornwall,2014/15,2,2787,200,876,117,330,1554,0,3077,5864,20501,2784,200,876,117,330,1554,0,3077,5861,20485,3126,199,892,123,305,1534,0,3053,6179,20830,3126,199,892,123,305,1534,0,3053,6179,20830
Devon and Cornwall,devon-and-cornwall,2014/15,3,3103,219,854,107,311,1418,0,2909,6012,20190,3103,219,853,107,311,1418,0,2908,6011,20183,3136,219,852,104,312,1316,0,2803,5939,19592,3136,219,852,104,312,1316,0,2803,5939,19592
Devon and Cornwall,devon-and-cornwall,2014/15,4,3025,183,816,89,341,1208,0,2637,5662,18497,3024,183,816,89,341,1208,0,2637,5661,18491,2895,182,771,83,344,1222,0,2602,5497,18309,2895,182,771,83,344,1222,0,2602,5497,18309
Devon and Cornwall,devon-and-cornwall,2015/16,1,2973,161,712,113,273,1231,0,2490,5463,18516,2973,161,712,113,273,1231,0,2490,5463,18516,3045,187,726,122,283,1342,0,2660,5705,20261,3045,187,726,122,283,1342,0,2660,5705,20261
Devon and Cornwall,devon-and-cornwall,2015/16,2,2845,174,728,82,309,1255,0,2548,5393,21043,2845,174,728,82,309,1255,0,2548,5393,21043,2690,169,722,76,313,1252,0,2532,5222,19773,2690,169,722,76,313,1252,0,2532,5222,19773
Devon and Cornwall,devon-and-cornwall,2015/16,3,2738,177,688,80,282,1171,0,2398,5136,19139,2738,177,688,80,282,1171,0,2398,5136,19139,2763,140,673,91,290,1072,0,2266,5029,18647,2763,140,673,91,290,1072,0,2266,5029,18647
Devon and Cornwall,devon-and-cornwall,2015/16,4,2384,169,652,87,288,1007,0,2203,4587,18458,2384,169,652,87,288,1007,0,2203,4587,18458,2303,174,611,79,289,960,1,2114,4417,17953,2303,174,611,79,289,960,1,2114,4417,17953
Devon and Cornwall,devon-and-cornwall,2016/17,1,2417,144,559,66,284,939,0,1992,4409,19183,2417,144,559,66,284,939,0,1992,4409,19182,2604,162,541,64,287,945,0,1999,4603,20348,2604,162,541,64,287,945,0,1999,4603,20348
Devon and Cornwall,devon-and-cornwall,2016/17,2,2527,158,538,65,228,916,0,1905,4432,18773,2527,158,538,65,228,916,0,1905,4432,18771,2650,127,556,71,243,931,0,1928,4578,22208,2650,127,556,71,243,931,0,1928,4578,22208
Devon and Cornwall,devon-and-cornwall,2016/17,3,2644,139,542,66,244,792,0,1783,4427,19388,2644,139,542,66,244,792,0,1783,4427,19388,2482,131,574,70,281,817,0,1873,4355,20525,2482,131,574,70,281,817,0,1873,4355,20525
Devon and Cornwall,devon-and-cornwall,2016/17,4,2638,123,510,38,260,836,0,1767,4405,20252,2638,123,510,38,260,836,0,1767,4405,20252,2549,128,491,38,250,789,0,1696,4245,21003,2549,128,491,38,250,789,0,1696,4245,21003
Devon and Cornwall,devon-and-cornwall,2017/18,1,2460,104,481,35,212,789,0,1621,4081,22844,2460,104,481,35,212,789,0,1621,4081,22842,2647,114,546,33,223,859,1,1776,4423,25338,2647,114,546,33,223,859,1,1776,4423,25338
Devon and Cornwall,devon-and-cornwall,2017/18,2,2444,127,432,25,205,822,0,1611,4055,25833,2444,127,432,25,205,822,0,1611,4055,25829,2806,111,458,26,205,908,1,1709,4515,27811,2806,111,458,26,205,908,1,1709,4515,27811
Devon and Cornwall,devon-and-cornwall,2017/18,3,2456,107,391,29,256,705,0,1488,3944,30356,2456,107,391,29,256,705,0,1488,3944,30356,2624,169,445,31,277,719,6,1647,4271,25251,2624,169,445,31,277,719,6,1647,4271,25251
Devon and Cornwall,devon-and-cornwall,2017/18,4,2490,156,426,30,295,671,0,1578,4068,27713,2490,156,426,30,295,671,0,1578,4068,27713,2507,109,394,26,220,673,0,1422,3929,23960,2507,109,394,26,220,673,0,1422,3929,23960
Devon and Cornwall,devon-and-cornwall,2018/19,1,2252,95,358,23,212,657,0,1345,3597,24850,2252,95,358,23,212,657,0,1345,3597,24850,2447,104,361,24,221,752,0,1462,3909,26753,2447,104,361,24,221,752,0,1462,3909,26753
Devon and Cornwall,devon-and-cornwall,2018/19,2,2420,117,361,17,221,774,0,1490,3910,26268,2420,117,361,17,221,774,0,1490,3910,26268,2649,133,353,21,216,691,7,1421,4070,27982,2649,133,353,21,216,691,7,1421,4070,27982
Devon and Cornwall,devon-and-cornwall,2018/19,3,2678,143,339,35,238,671,0,1426,4104,26763,2678,143,339,35,238,671,0,1426,4104,26763,2590,129,350,34,254,659,6,1432,4022,26531,2590,129,350,34,254,659,6,1432,4022,26531
Devon and Cornwall,devon-and-cornwall,2018/19,4,2387,121,331,30,309,639,0,1430,3817,25709,2387,121,331,30,309,639,0,1430,3817,25706,2319,163,361,23,327,647,15,1536,3855,24611,2319,163,361,23,327,647,15,1536,3855,24611
Devon and Cornwall,devon-and-cornwall,2019/20,1,2268,146,356,21,262,572,14,1371,3639,22714,2268,146,356,21,262,572,14,1371,3639,22714,2383,106,393,25,277,521,115,1437,3820,25439,2383,106,393,25,277,521,115,1437,3820,25439
Devon and Cornwall,devon-and-cornwall,2019/20,2,2292,111,396,28,261,602,47,1445,3737,23949,2292,111,396,28,261,602,47,1445,3737,23949,2415,120,369,25,287,451,160,1412,3827,26423,2415,120,369,25,287,451,160,1412,3827,26423
Devon and Cornwall,devon-and-cornwall,2019/20,3,2236,106,439,4,96,559,86,1290,3526,25882,2236,106,439,4,96,559,86,1290,3526,25882,2248,102,432,3,27,574,163,1301,3549,24431,2248,102,432,3,27,574,163,1301,3549,24431
Devon and Cornwall,devon-and-cornwall,2019/20,4,2212,122,380,2,35,684,174,1397,3609,25260,2212,122,380,2,35,684,174,1397,3609,25260,2137,97,327,0,1,610,121,1156,3293,22477,2137,97,327,0,1,610,121,1156,3293,22477
Devon and Cornwall,devon-and-cornwall,2020/21,1,2502,102,462,3,45,699,172,1483,3985,25060,2502,102,462,3,45,699,172,1483,3985,25060,2170,79,424,0,0,642,172,1317,3487,20868,2170,79,424,0,0,642,172,1317,3487,20868
Devon and Cornwall,devon-and-cornwall,2020/21,2,2144,91,441,2,2,593,89,1218,3362,23248,2144,91,441,2,2,593,89,1218,3362,23248,2433,98,446,0,2,684,192,1422,3855,25716,2433,98,446,0,2,684,192,1422,3855,25716
Devon and Cornwall,devon-and-cornwall,2020/21,3,1973,71,388,0,2,653,148,1262,3235,24296,1973,71,388,0,2,653,148,1262,3235,24296,1955,73,421,0,0,673,161,1328,3283,22119,1955,73,421,0,0,673,161,1328,3283,22119
Devon and Cornwall,devon-and-cornwall,2020/21,4,1894,86,373,0,2,627,176,1264,3158,22230,1894,86,373,0,2,627,176,1264,3158,22230,1806,53,369,0,1,605,235,1263,3069,19700,1806,53,369,0,1,605,235,1263,3069,19700
Devon and Cornwall,devon-and-cornwall,2021/22,1,1930,41,237,1,0,539,223,1041,2971,17362,1930,41,237,1,0,539,223,1041,2971,17362,2015,80,324,0,0,621,287,1312,3327,23814,2015,80,324,0,0,621,287,1312,3327,23814
Devon and Cornwall,devon-and-cornwall,2021/22,2,1860,71,339,5,0,645,248,1308,3168,18438,1860,71,339,5,0,645,248,1308,3168,18438,2038,68,365,0,0,580,305,1318,3356,24076,2038,68,365,0,0,580,305,1318,3356,24076
Devon and Cornwall,devon-and-cornwall,2021/22,3,2025,97,348,0,1,587,327,1360,3385,20927,2025,97,348,0,1,587,327,1360,3385,20927,1962,66,333,0,0,551,312,1262,3224,15770,1962,66,333,0,0,551,312,1262,3224,15770
Devon and Cornwall,devon-and-cornwall,2021/22,4,1913,66,377,39,8,556,412,1458,3371,22024,1913,66,377,39,8,556,412,1458,3371,22024,1783,89,403,0,0,520,342,1354,3137,22981,1783,89,403,0,0,520,342,1354,3137,22981
Devon and Cornwall,devon-and-cornwall,2022/23,1,2032,77,387,6,4,619,323,1416,3448,20604,2032,77,387,6,4,619,323,1416,3448,20604,2026,103,393,0,1,617,289,1403,3429,26090,2026,103,393,0,1,617,289,1403,3429,26090
Devon and Cornwall,devon-and-cornwall,2022/23,2,1955,96,350,1,1,647,323,1418,3373,20173,1955,96,350,1,1,647,323,1418,3373,20173,2036,90,366,0,0,612,281,1349,3385,27655,2036,90,366,0,0,612,281,1349,3385,27655
Devon and Cornwall,devon-and-cornwall,2022/23,3,1456,69,274,4,1,487,253,1088,2544,18166,1456,69,274,4,1,487,253,1088,2544,18166,1597,58,284,0,2,522,265,1131,2728,22533,1597,58,284,0,2,522,265,1131,2728,22533
Devon and Cornwall,devon-and-cornwall,2022/23,4,1486,45,294,0,0,381,183,903,2389,19780,1486,45,294,0,0,381,183,903,2389,19780,1644,68,311,0,1,495,311,1186,2830,21929,1644,68,311,0,1,495,311,1186,2830,21929
Devon and Cornwall,devon-and-cornwall,2023/24,1,1723,64,331,0,0,426,149,970,2693,21870,1723,64,331,0,0,426,149,970,2693,21870,1696,99,338,0,0,525,373,1335,3031,24390,1696,99,338,0,0,525,373,1335,3031,24390
Devon and Cornwall,devon-and-cornwall,2023/24,2,1666,65,300,0,2,420,329,1116,2782,25987,1666,65,300,0,2,420,329,1116,2782,25987,1933,71,359,0,2,574,351,1357,3290,26721,1933,71,359,0,2,574,351,1357,3290,26721
Devon and Cornwall,devon-and-cornwall,2023/24,3,1925,82,344,0,1,519,379,1325,3250,49802,1925,82,344,0,1,519,379,1325,3250,49802,2214,74,358,0,0,564,356,1352,3566,26606,2214,74,358,0,0,564,356,1352,3566,26606
Devon and Cornwall,devon-and-cornwall,2023/24,4,2217,82,403,0,0,466,440,1391,3608,27952,2217,82,403,0,0,466,440,1391,3608,27952,2101,89,414,0,1,582,417,1503,3604,26840,2101,89,414,0,1,582,417,1503,3604,26840
Devon and Cornwall,devon-and-cornwall,2024/25,1,2580,87,441,0,1,548,522,1599,4179,30171,2580,87,441,0,1,548,522,1599,4179,30171,2259,117,404,0,0,553,402,1476,3735,30490,2259,117,404,0,0,553,402,1476,3735,30490
Devon and Cornwall,devon-and-cornwall,2024/25,2,2491,123,414,0,2,586,463,1588,4079,34901,2491,123,414,0,2,586,463,1588,4079,34901,2304,83,405,1,1,587,365,1442,3746,30778,2304,83,405,1,1,587,365,1442,3746,30778
Devon and Cornwall,devon-and-cornwall,2024/25,3,2341,101,380,1,5,667,365,1519,3860,29557,2341,101,380,1,5,667,365,1519,3860,29557,2108,77,335,0,2,581,282,1277,3385,28216,2108,77,335,0,2,581,282,1277,3385,28216
Devon and Cornwall,devon-and-cornwall,2024/25,4,2577,93,684,0,1,759,357,1894,4471,29178,2577,93,684,0,1,759,357,1894,4471,29178,2085,72,338,0,0,625,177,1212,3297,27364,2085,72,338,0,0,625,177,1212,3297,27364
Devon and Cornwall,devon-and-cornwall,2025/26,1,2319,88,515,1,0,864,194,1662,3981,30411,2319,88,515,1,0,864,194,1662,3981,30411,2325,77,362,0,1,671,203,1314,3639,30720,2325,77,362,0,1,671,203,1314,3639,30720
Devon and Cornwall,devon-and-cornwall,2025/26,2,2576,73,369,0,0,736,204,1382,3958,34332,2576,73,369,0,0,736,204,1382,3958,34332,2076,53,323,0,0,523,219,1118,3194,30669,2076,53,323,0,0,523,219,1118,3194,30669
Devon and Cornwall,devon-and-cornwall,2025/26,3,2249,80,359,0,0,592,243,1274,3523,28192,2249,80,359,0,0,592,243,1274,3523,28192,1642,35,289,0,0,571,174,1069,2711,26741,1642,35,289,0,0,571,174,1069,2711,26741
Devon and Cornwall,devon-and-cornwall,2025/26,4,2407,55,289,0,2,690,219,1255,3662,29775,2407,55,289,0,2,690,219,1255,3662,29775,1465,10,176,0,1,470,79,736,2201,23387,1465,10,176,0,1,470,79,736,2201,23387
Dorset,dorset,2014/15,1,1381,63,329,74,90,309,0,865,2246,6816,1381,63,328,74,90,309,0,864,2245,6814,1538,76,359,76,95,338,0,944,2482,8930,1538,76,359,76,95,338,0,944,2482,8930
Dorset,dorset,2014/15,2,1696,87,373,58,119,375,0,1012,2708,9497,1695,87,373,58,119,375,0,1012,2707,9494,1659,75,347,55,122,340,0,939,2598,9431,1659,75,347,55,122,340,0,939,2598,9431
Dorset,dorset,2014/15,3,1613,84,324,68,133,320,0,929,2542,9236,1610,84,324,68,133,320,0,929,2539,9221,1468,73,314,70,134,305,0,896,2364,8888,1468,73,314,70,134,305,0,896,2364,8888
Dorset,dorset,2014/15,4,1608,62,337,64,149,299,0,911,2519,8801,1605,62,337,64,149,299,0,911,2516,8793,1528,58,309,62,136,299,0,864,2392,8661,1528,58,309,62,136,299,0,864,2392,8661
Dorset,dorset,2015/16,1,1292,48,279,52,90,234,0,703,1995,11827,1292,48,279,52,90,234,0,703,1995,11827,1589,47,329,57,99,281,0,813,2402,9690,1589,47,329,57,99,281,0,813,2402,9690
Dorset,dorset,2015/16,2,1775,38,330,59,134,294,0,855,2630,10705,1775,38,330,59,134,294,0,855,2630,10705,1643,49,311,48,129,267,0,804,2447,10352,1643,49,311,48,129,267,0,804,2447,10352
Dorset,dorset,2015/16,3,1403,53,249,44,89,239,0,674,2077,9439,1403,53,249,44,89,239,0,674,2077,9439,1495,48,266,49,93,253,0,709,2204,10411,1495,48,266,49,93,253,0,709,2204,10411
Dorset,dorset,2015/16,4,1583,53,298,32,99,240,0,722,2305,9766,1583,53,298,32,99,240,0,722,2305,9766,1577,53,310,32,92,235,0,722,2299,9808,1577,53,310,32,92,235,0,722,2299,9808
Dorset,dorset,2016/17,1,1727,43,313,47,98,245,0,746,2473,11027,1727,43,313,47,98,245,0,746,2473,11027,1718,55,302,50,100,304,0,811,2529,11033,1718,55,302,50,100,304,0,811,2529,11033
Dorset,dorset,2016/17,2,1686,61,349,44,106,340,0,900,2586,11566,1686,61,349,44,106,340,0,900,2586,11566,1677,76,347,49,111,365,0,948,2625,11737,1677,76,347,49,111,365,0,948,2625,11737
Dorset,dorset,2016/17,3,1567,68,297,61,91,348,0,865,2432,10786,1567,68,297,61,91,348,0,865,2432,10786,1625,66,343,51,93,312,0,865,2490,10887,1625,66,343,51,93,312,0,865,2490,10887
Dorset,dorset,2016/17,4,1729,77,372,46,116,319,0,930,2659,10976,1729,77,372,46,116,319,0,930,2659,10976,1602,74,335,48,109,298,0,864,2466,10845,1602,74,335,48,109,298,0,864,2466,10845
Dorset,dorset,2017/18,1,1384,57,326,39,102,329,0,853,2237,11585,1384,57,326,39,102,329,0,853,2237,11585,1643,90,336,51,111,395,0,983,2626,12426,1643,90,336,51,111,395,0,983,2626,12426
Dorset,dorset,2017/18,2,1603,49,325,44,108,340,0,866,2469,12401,1603,49,325,44,108,340,0,866,2469,12401,1792,78,358,32,105,291,0,864,2656,13004,1792,78,358,32,105,291,0,864,2656,13004
Dorset,dorset,2017/18,3,1689,96,378,47,91,283,0,895,2584,13050,1689,96,378,47,91,283,0,895,2584,13050,1595,48,344,46,101,251,0,790,2385,12346,1595,48,344,46,101,251,0,790,2385,12346
Dorset,dorset,2017/18,4,1530,75,270,27,119,273,0,764,2294,11388,1530,75,270,27,119,273,0,764,2294,11388,1452,78,257,31,115,257,0,738,2190,11366,1452,78,257,31,115,257,0,738,2190,11366
Dorset,dorset,2018/19,1,1436,67,263,42,111,300,0,783,2219,12397,1436,67,263,42,111,300,0,783,2219,12397,1557,100,283,45,108,323,0,859,2416,13776,1557,100,283,45,108,323,0,859,2416,13776
Dorset,dorset,2018/19,2,1429,126,242,29,99,276,0,772,2201,13976,1429,126,242,29,99,276,0,772,2201,13976,1559,91,225,25,106,236,0,683,2242,14757,1559,91,225,25,106,236,0,683,2242,14757
Dorset,dorset,2018/19,3,1372,81,213,38,105,223,0,660,2032,13738,1372,81,213,38,105,223,0,660,2032,13738,1373,80,210,37,111,229,0,667,2040,13227,1373,80,210,37,111,229,0,667,2040,13227
Dorset,dorset,2018/19,4,1436,91,228,27,97,208,0,651,2087,12830,1436,91,228,27,97,208,0,651,2087,12830,1382,54,220,27,95,199,0,595,1977,12747,1382,54,220,27,95,199,0,595,1977,12747
Dorset,dorset,2019/20,1,1333,60,196,6,44,237,0,543,1876,12968,1333,60,196,6,44,237,0,543,1876,12968,1360,80,213,5,30,281,0,609,1969,13385,1360,80,213,5,30,281,0,609,1969,13385
Dorset,dorset,2019/20,2,1261,68,176,2,16,230,0,492,1753,13520,1261,68,176,2,16,230,0,492,1753,13520,1341,69,188,0,16,259,0,532,1873,14625,1341,69,188,0,16,259,0,532,1873,14625
Dorset,dorset,2019/20,3,1432,69,217,5,13,266,0,570,2002,14905,1432,69,217,5,13,266,0,570,2002,14905,1237,64,197,0,2,225,0,488,1725,13418,1237,64,197,0,2,225,0,488,1725,13418
Dorset,dorset,2019/20,4,1322,59,177,1,4,201,0,442,1764,14238,1322,59,177,1,4,201,0,442,1764,14238,1164,56,157,2,1,188,0,404,1568,12646,1164,56,157,2,1,188,0,404,1568,12646
Dorset,dorset,2020/21,1,1304,72,166,1,6,242,0,487,1791,12213,1304,72,166,1,6,242,0,487,1791,12213,1178,58,165,0,3,204,0,430,1608,11296,1178,58,165,0,3,204,0,430,1608,11296
Dorset,dorset,2020/21,2,1127,63,186,0,1,188,0,438,1565,10973,1127,63,186,0,1,188,0,438,1565,10973,1275,50,229,0,1,203,0,483,1758,13952,1275,50,229,0,1,203,0,483,1758,13952
Dorset,dorset,2020/21,3,1148,55,227,0,1,218,0,501,1649,14279,1148,55,227,0,1,218,0,501,1649,14279,992,23,201,0,2,202,0,428,1420,11681,992,23,201,0,2,202,0,428,1420,11681
Dorset,dorset,2020/21,4,975,25,191,0,1,170,0,387,1362,10612,975,25,191,0,1,170,0,387,1362,10612,920,26,173,0,0,184,0,383,1303,10360,920,26,173,0,0,184,0,383,1303,10360
Dorset,dorset,2021/22,1,909,22,171,0,2,202,0,397,1306,12161,909,22,171,0,2,202,0,397,1306,12161,1024,35,195,1,3,227,1,462,1486,13250,1024,35,195,1,3,227,1,462,1486,13250
Dorset,dorset,2021/22,2,913,29,203,1,1,201,0,435,1348,12645,913,29,203,1,1,201,0,435,1348,12645,1029,59,218,0,0,212,0,489,1518,13368,1029,59,218,0,0,212,0,489,1518,13368
Dorset,dorset,2021/22,3,997,56,179,0,0,226,0,461,1458,14132,997,56,179,0,0,226,0,461,1458,14132,1035,33,180,0,0,193,0,406,1441,12461,1035,33,180,0,0,193,0,406,1441,12461
Dorset,dorset,2021/22,4,1014,47,219,0,1,164,0,431,1445,11352,1014,47,219,0,1,164,0,431,1445,11352,952,46,202,0,1,185,0,434,1386,12133,952,46,202,0,1,185,0,434,1386,12133
Dorset,dorset,2022/23,1,1032,41,227,0,0,200,0,468,1500,13988,1032,41,227,0,0,200,0,468,1500,13988,1023,37,211,0,0,229,1,478,1501,13806,1023,37,211,0,0,229,1,478,1501,13806
Dorset,dorset,2022/23,2,938,38,178,0,0,218,0,434,1372,12388,938,38,178,0,0,218,0,434,1372,12388,1079,38,164,0,0,233,2,437,1516,13191,1079,38,164,0,0,233,2,437,1516,13191
Dorset,dorset,2022/23,3,905,36,149,0,0,279,0,464,1369,13108,905,36,149,0,0,279,0,464,1369,13108,860,26,185,0,0,248,3,462,1322,12406,860,26,185,0,0,248,3,462,1322,12406
Dorset,dorset,2022/23,4,937,28,177,0,0,272,0,477,1414,11872,937,28,177,0,0,272,0,477,1414,11872,1010,44,159,0,0,279,23,505,1515,12900,1010,44,159,0,0,279,23,505,1515,12900
Dorset,dorset,2023/24,1,993,30,172,0,0,276,29,507,1500,13282,993,30,172,0,0,276,29,507,1500,13282,1126,24,182,0,0,303,30,539,1665,13593,1126,24,182,0,0,303,30,539,1665,13593
Dorset,dorset,2023/24,2,1116,15,167,0,0,305,27,514,1630,13979,1116,15,167,0,0,305,27,514,1630,13979,1167,19,142,0,0,295,39,495,1662,13661,1167,19,142,0,0,295,39,495,1662,13661
Dorset,dorset,2023/24,3,1001,27,152,0,0,302,37,518,1519,12463,1001,27,152,0,0,302,37,518,1519,12463,1101,37,157,0,0,295,30,519,1620,11887,1101,37,157,0,0,295,30,519,1620,11887
Dorset,dorset,2023/24,4,1175,34,152,0,0,313,29,528,1703,12116,1175,34,152,0,0,313,29,528,1703,12116,1272,46,142,0,0,302,26,516,1788,12281,1272,46,142,0,0,302,26,516,1788,12281
Dorset,dorset,2024/25,1,1121,45,145,0,0,317,42,549,1670,12516,1121,45,145,0,0,317,42,549,1670,12516,1237,28,175,0,0,342,36,581,1818,13136,1237,28,175,0,0,342,36,581,1818,13136
Dorset,dorset,2024/25,2,1233,37,154,0,0,300,29,520,1753,13332,1233,37,154,0,0,300,29,520,1753,13332,1415,29,147,0,0,298,31,505,1920,13691,1415,29,147,0,0,298,31,505,1920,13691
Dorset,dorset,2024/25,3,1301,17,191,0,0,303,23,534,1835,12921,1301,17,191,0,0,303,23,534,1835,12921,1207,21,176,0,0,302,25,524,1731,12256,1207,21,176,0,0,302,25,524,1731,12256
Dorset,dorset,2024/25,4,1364,30,137,0,0,275,29,471,1835,11749,1364,30,137,0,0,275,29,471,1835,11749,1076,29,142,0,0,271,37,479,1555,11230,1076,29,142,0,0,271,37,479,1555,11230
Dorset,dorset,2025/26,1,1276,35,142,0,1,345,40,563,1839,11942,1276,35,142,0,1,345,40,563,1839,11942,1274,34,141,0,1,367,50,593,1867,12253,1274,34,141,0,1,367,50,593,1867,12253
Dorset,dorset,2025/26,2,1326,22,141,0,0,403,52,618,1944,12595,1326,22,141,0,0,403,52,618,1944,12595,1182,25,144,0,0,368,33,570,1752,11941,1182,25,144,0,0,368,33,570,1752,11941
Dorset,dorset,2025/26,3,1524,29,135,0,0,390,36,590,2114,12353,1524,29,135,0,0,390,36,590,2114,12353,972,11,108,0,1,346,39,505,1477,10389,972,11,108,0,1,346,39,505,1477,10389
Dorset,dorset,2025/26,4,1455,22,148,0,1,311,38,520,1975,11064,1455,22,148,0,1,311,38,520,1975,11064,801,7,115,0,0,269,22,413,1214,8987,801,7,115,0,0,269,22,413,1214,8987
Durham,durham,2014/15,1,1926,93,568,126,109,581,0,1477,3403,6893,1926,93,568,126,109,581,0,1477,3403,6893,1988,87,610,128,115,593,0,1533,3521,8202,1988,87,610,128,115,593,0,1533,3521,8202
Durham,durham,2014/15,2,1940,89,604,112,76,603,0,1484,3424,8012,1939,89,604,112,76,603,0,1484,3423,8011,1919,74,606,107,69,567,0,1423,3342,8065,1919,74,606,107,69,567,0,1423,3342,8065
Durham,durham,2014/15,3,1818,92,494,116,97,634,0,1433,3251,8343,1817,92,494,116,97,634,0,1433,3250,8342,1854,83,497,119,98,592,0,1389,3243,8268,1854,83,497,119,98,592,0,1389,3243,8268
Durham,durham,2014/15,4,1934,72,455,115,100,556,0,1298,3232,7788,1934,72,454,115,100,556,0,1297,3231,7787,1880,53,439,114,97,585,0,1288,3168,7671,1880,53,439,114,97,585,0,1288,3168,7671
Durham,durham,2015/16,1,1768,54,466,94,77,720,0,1411,3179,7631,1768,54,466,94,77,720,0,1411,3179,7631,1755,48,475,93,80,749,0,1445,3200,8042,1755,48,475,93,80,749,0,1445,3200,8042
Durham,durham,2015/16,2,1763,70,401,82,67,652,0,1272,3035,8266,1763,70,401,82,67,652,0,1272,3035,8266,1759,95,390,85,67,675,0,1312,3071,8266,1759,95,390,85,67,675,0,1312,3071,8266
Durham,durham,2015/16,3,1746,87,412,94,75,623,0,1291,3037,9089,1746,87,412,94,75,623,0,1291,3037,9089,1715,77,417,96,75,642,0,1307,3022,9455,1715,77,417,96,75,642,0,1307,3022,9455
Durham,durham,2015/16,4,1661,61,506,99,88,556,0,1310,2971,10229,1661,61,506,99,88,556,0,1310,2971,10229,1698,71,500,96,87,618,0,1372,3070,10579,1698,71,500,96,87,618,0,1372,3070,10579
Durham,durham,2016/17,1,1614,67,460,103,79,636,0,1345,2959,10462,1614,67,460,103,79,636,0,1345,2959,10462,1647,69,460,107,77,679,0,1392,3039,10790,1647,69,460,107,77,679,0,1392,3039,10790
Durham,durham,2016/17,2,1381,61,343,88,63,539,0,1094,2475,9901,1381,61,343,88,63,539,0,1094,2475,9901,1553,54,359,90,64,551,0,1118,2671,10806,1553,54,359,90,64,551,0,1118,2671,10806
Durham,durham,2016/17,3,1500,47,407,103,66,536,0,1159,2659,11182,1500,47,407,103,66,536,0,1159,2659,11182,1468,64,431,99,68,521,0,1183,2651,11073,1468,64,431,99,68,521,0,1183,2651,11073
Durham,durham,2016/17,4,1632,81,410,89,64,785,0,1429,3061,14056,1632,81,410,89,64,785,0,1429,3061,14056,1551,83,388,91,67,881,0,1510,3061,13914,1551,83,388,91,67,881,0,1510,3061,13914
Durham,durham,2017/18,1,1527,80,382,82,64,1273,0,1881,3408,15493,1527,80,382,82,64,1273,0,1881,3408,15493,1572,57,365,78,61,1298,0,1859,3431,15719,1572,57,365,78,61,1298,0,1859,3431,15719
Durham,durham,2017/18,2,1549,33,273,61,91,1270,0,1728,3277,15401,1549,33,273,61,91,1270,0,1728,3277,15401,1576,50,297,65,91,1332,0,1835,3411,15597,1576,50,297,65,91,1332,0,1835,3411,15597
Durham,durham,2017/18,3,1429,61,251,68,79,1480,0,1939,3368,15353,1429,61,251,68,79,1480,0,1939,3368,15353,1480,65,263,71,80,1424,0,1903,3383,15457,1480,65,263,71,80,1424,0,1903,3383,15457
Durham,durham,2017/18,4,1503,54,303,67,82,1544,0,2050,3553,14787,1503,54,303,67,82,1544,0,2050,3553,14787,1510,68,279,61,83,1499,0,1990,3500,14583,1510,68,279,61,83,1499,0,1990,3500,14583
Durham,durham,2018/19,1,1660,73,292,62,92,1625,0,2144,3804,15967,1660,73,292,62,92,1625,0,2144,3804,15967,1662,49,285,60,91,1686,0,2171,3833,16564,1662,49,285,60,91,1686,0,2171,3833,16564
Durham,durham,2018/19,2,1538,59,251,49,73,1632,0,2064,3602,16403,1538,59,251,49,73,1632,0,2064,3602,16403,1608,61,258,49,81,1561,0,2010,3618,16422,1608,61,258,49,81,1561,0,2010,3618,16422
Durham,durham,2018/19,3,1526,49,241,50,82,1430,0,1852,3378,15606,1526,49,241,50,82,1430,0,1852,3378,15606,1514,42,226,50,80,1379,1,1778,3292,15006,1514,42,226,50,80,1379,1,1778,3292,15006
Durham,durham,2018/19,4,1579,44,191,54,115,1373,0,1777,3356,15756,1579,44,191,54,115,1373,0,1777,3356,15756,1556,42,220,57,113,1334,18,1784,3340,15752,1556,42,220,57,113,1334,18,1784,3340,15752
Durham,durham,2019/20,1,1402,34,222,45,114,1128,49,1592,2994,15707,1402,34,222,45,114,1128,49,1592,2994,15707,1490,30,201,42,112,1135,48,1568,3058,16135,1490,30,201,42,112,1135,48,1568,3058,16135
Durham,durham,2019/20,2,1265,33,216,38,94,1038,55,1474,2739,16300,1265,33,216,38,94,1038,55,1474,2739,16300,1343,26,231,38,94,999,99,1487,2830,16439,1343,26,231,38,94,999,99,1487,2830,16439
Durham,durham,2019/20,3,1415,19,198,48,82,881,116,1344,2759,15496,1415,19,198,48,82,881,116,1344,2759,15496,1396,40,189,53,83,818,97,1280,2676,15816,1396,40,189,53,83,818,97,1280,2676,15816
Durham,durham,2019/20,4,1396,52,184,54,84,731,165,1270,2666,16434,1396,52,184,54,84,731,165,1270,2666,16434,1378,48,184,48,83,707,167,1237,2615,15994,1378,48,184,48,83,707,167,1237,2615,15994
Durham,durham,2020/21,1,1347,37,135,33,122,585,128,1040,2387,12230,1347,37,135,33,122,585,128,1040,2387,12230,1253,19,128,40,121,632,162,1102,2355,13383,1253,19,128,40,121,632,162,1102,2355,13383
Durham,durham,2020/21,2,1172,31,155,28,62,660,273,1209,2381,13955,1172,31,155,28,62,660,273,1209,2381,13955,1318,40,148,24,58,694,285,1249,2567,15883,1318,40,148,24,58,694,285,1249,2567,15883
Durham,durham,2020/21,3,1340,26,132,10,2,564,225,959,2299,13980,1340,26,132,10,2,564,225,959,2299,13980,1206,41,163,11,1,541,209,966,2172,13729,1206,41,163,11,1,541,209,966,2172,13729
Durham,durham,2020/21,4,1071,34,168,10,0,574,223,1009,2080,14260,1071,34,168,10,0,574,223,1009,2080,14260,1077,34,150,9,0,500,226,919,1996,12542,1077,34,150,9,0,500,226,919,1996,12542
Durham,durham,2021/22,1,1047,56,222,5,1,535,236,1055,2102,13694,1047,56,222,5,1,535,236,1055,2102,13694,1256,28,233,2,1,574,240,1078,2334,14866,1256,28,233,2,1,574,240,1078,2334,14866
Durham,durham,2021/22,2,1103,18,234,3,0,434,199,888,1991,14201,1103,18,234,3,0,434,199,888,1991,14201,1151,29,254,3,0,424,209,919,2070,14880,1151,29,254,3,0,424,209,919,2070,14880
Durham,durham,2021/22,3,1010,31,247,3,0,460,154,895,1905,14453,1010,31,247,3,0,460,154,895,1905,14453,1173,21,250,3,0,530,146,950,2123,14307,1173,21,250,3,0,530,146,950,2123,14307
Durham,durham,2021/22,4,1256,18,257,3,0,712,176,1166,2422,15601,1256,18,257,3,0,712,176,1166,2422,15601,1334,27,243,3,0,743,215,1231,2565,14651,1334,27,243,3,0,743,215,1231,2565,14651
Durham,durham,2022/23,1,1310,22,237,5,4,824,208,1300,2610,16628,1310,22,237,5,4,824,208,1300,2610,16628,1264,46,207,6,6,827,192,1284,2548,14891,1264,46,207,6,6,827,192,1284,2548,14891
Durham,durham,2022/23,2,1286,50,218,16,5,739,178,1206,2492,15144,1286,50,218,16,5,739,178,1206,2492,15144,1285,21,246,15,4,753,170,1209,2494,15602,1285,21,246,15,4,753,170,1209,2494,15602
Durham,durham,2022/23,3,1318,20,276,10,3,754,178,1241,2559,15504,1318,20,276,10,3,754,178,1241,2559,15504,1351,32,301,14,2,700,169,1218,2569,16151,1351,32,301,14,2,700,169,1218,2569,16151
Durham,durham,2022/23,4,1393,21,299,11,6,680,150,1167,2560,17213,1393,21,299,11,6,680,150,1167,2560,17213,1400,35,272,11,8,727,179,1232,2632,17187,1400,35,272,11,8,727,179,1232,2632,17187
Durham,durham,2023/24,1,1298,48,310,7,8,679,142,1194,2492,16926,1298,48,310,7,8,679,142,1194,2492,16926,1465,38,336,3,6,646,145,1174,2639,17611,1465,38,336,3,6,646,145,1174,2639,17611
Durham,durham,2023/24,2,1535,27,280,3,3,545,165,1023,2558,16864,1535,27,280,3,3,545,165,1023,2558,16864,1634,14,265,3,3,542,152,979,2613,16567,1634,14,265,3,3,542,152,979,2613,16567
Durham,durham,2023/24,3,1477,29,251,3,1,515,158,957,2434,15683,1477,29,251,3,1,515,158,957,2434,15683,1495,30,266,3,1,473,153,926,2421,15168,1495,30,266,3,1,473,153,926,2421,15168
Durham,durham,2023/24,4,1723,27,259,3,0,465,143,897,2620,14782,1723,27,259,3,0,465,143,897,2620,14782,1732,18,261,3,0,427,138,847,2579,14700,1732,18,261,3,0,427,138,847,2579,14700
Durham,durham,2024/25,1,2020,24,229,0,0,452,98,803,2823,15620,2020,24,229,0,0,452,98,803,2823,15620,1900,17,228,1,0,439,146,831,2731,15484,1900,17,228,1,0,439,146,831,2731,15484
Durham,durham,2024/25,2,1740,12,247,4,0,381,52,696,2436,15302,1740,12,247,4,0,381,52,696,2436,15302,1798,18,235,3,0,359,184,799,2597,15212,1798,18,235,3,0,359,184,799,2597,15212
Durham,durham,2024/25,3,1838,9,201,1,0,331,92,634,2472,15000,1838,9,201,1,0,331,92,634,2472,15000,1719,10,172,2,0,287,151,622,2341,14660,1719,10,172,2,0,287,151,622,2341,14660
Durham,durham,2024/25,4,1760,19,192,0,0,307,221,739,2499,14277,1760,19,192,0,0,307,221,739,2499,14277,1628,12,168,0,0,302,121,603,2231,13486,1628,12,168,0,0,302,121,603,2231,13486
Durham,durham,2025/26,1,1794,12,158,4,0,363,95,632,2426,14233,1794,12,158,4,0,363,95,632,2426,14233,1701,18,165,3,0,387,125,698,2399,14451,1701,18,165,3,0,387,125,698,2399,14451
Durham,durham,2025/26,2,1731,23,153,2,0,378,119,675,2406,14453,1731,23,153,2,0,378,119,675,2406,14453,1619,15,149,2,0,323,167,656,2275,14736,1619,15,149,2,0,323,167,656,2275,14736
Durham,durham,2025/26,3,1432,7,95,0,0,226,167,495,1927,12620,1432,7,95,0,0,226,167,495,1927,12620,1605,9,119,1,0,250,127,506,2111,14090,1605,9,119,1,0,250,127,506,2111,14090
Durham,durham,2025/26,4,2186,20,157,2,0,275,233,687,2873,16480,2186,20,157,2,0,275,233,687,2873,16480,1317,4,102,1,0,233,42,382,1699,12367,1317,4,102,1,0,233,42,382,1699,12367
Dyfed-Powys,dyfed-powys,2014/15,1,1247,91,392,105,224,85,0,897,2144,3720,1247,91,392,105,224,85,0,897,2144,3720,0,0,0,0,0,0,0,0,0,0,0,0,0,0,0,0,0,0,0,0
Dyfed-Powys,dyfed-powys,2014/15,2,1189,49,407,95,245,133,0,929,2118,4644,1189,49,407,95,245,133,0,929,2118,4643,0,0,0,0,0,0,0,0,0,0,0,0,0,0,0,0,0,0,0,0
Dyfed-Powys,dyfed-powys,2014/15,3,1165,40,357,81,165,122,0,765,1930,4291,1165,40,357,81,165,122,0,765,1930,4282,943,56,321,76,156,146,0,755,1698,4106,943,56,321,76,156,146,0,755,1698,4106
Dyfed-Powys,dyfed-powys,2014/15,4,1014,42,250,72,187,229,0,780,1794,4953,1014,42,250,72,187,229,0,780,1794,4953,819,32,240,78,166,206,0,722,1541,3901,819,32,240,78,166,206,0,722,1541,3901
Dyfed-Powys,dyfed-powys,2015/16,1,940,44,257,70,219,304,0,894,1834,5052,940,44,257,70,219,304,0,894,1834,5052,998,52,268,110,252,240,0,922,1920,5176,998,52,268,110,252,240,0,922,1920,5176
Dyfed-Powys,dyfed-powys,2015/16,2,1102,51,247,63,168,355,0,884,1986,4961,1102,51,247,63,168,355,0,884,1986,4961,1037,40,255,60,161,368,0,884,1921,5155,1037,40,255,60,161,368,0,884,1921,5155
Dyfed-Powys,dyfed-powys,2015/16,3,914,47,226,47,152,297,0,769,1683,4824,914,47,226,47,152,297,0,769,1683,4824,756,46,223,53,147,309,0,778,1534,4415,756,46,223,53,147,309,0,778,1534,4415
Dyfed-Powys,dyfed-powys,2015/16,4,1116,47,244,70,187,374,0,922,2038,4838,1116,47,244,70,187,374,0,922,2038,4838,676,30,167,61,176,249,0,683,1359,3303,676,30,167,61,176,249,0,683,1359,3303
Dyfed-Powys,dyfed-powys,2016/17,1,861,46,187,52,179,336,0,800,1661,6015,861,46,187,52,179,336,0,800,1661,6015,910,36,216,57,184,351,0,844,1754,5558,910,36,216,57,184,351,0,844,1754,5558
Dyfed-Powys,dyfed-powys,2016/17,2,943,40,221,49,151,323,0,784,1727,5021,943,40,221,49,151,323,0,784,1727,5021,961,50,228,51,146,311,0,786,1747,5911,961,50,228,51,146,311,0,786,1747,5911
Dyfed-Powys,dyfed-powys,2016/17,3,962,54,230,40,152,324,0,800,1762,7447,962,54,230,40,152,324,0,800,1762,7447,785,38,234,34,150,318,0,774,1559,5803,785,38,234,34,150,318,0,774,1559,5803
Dyfed-Powys,dyfed-powys,2016/17,4,856,32,228,39,116,332,0,747,1603,6403,856,32,228,39,116,332,0,747,1603,6403,775,50,196,42,114,315,0,717,1492,5835,775,50,196,42,114,315,0,717,1492,5835
Dyfed-Powys,dyfed-powys,2017/18,1,887,40,172,35,127,334,0,708,1595,6166,887,40,172,35,127,334,0,708,1595,6166,902,28,186,36,127,327,0,704,1606,6630,902,28,186,36,127,327,0,704,1606,6630
Dyfed-Powys,dyfed-powys,2017/18,2,909,37,210,28,146,327,0,748,1657,6769,909,37,210,28,146,327,0,748,1657,6769,902,37,227,27,148,320,0,759,1661,7033,902,37,227,27,148,320,0,759,1661,7033
Dyfed-Powys,dyfed-powys,2017/18,3,923,45,230,39,143,344,0,801,1724,7097,923,45,230,39,143,344,0,801,1724,7097,924,42,219,35,141,388,0,825,1749,6838,924,42,219,35,141,388,0,825,1749,6838
Dyfed-Powys,dyfed-powys,2017/18,4,793,24,215,37,129,328,0,733,1526,6096,793,24,215,37,129,328,0,733,1526,6096,851,24,203,32,125,281,0,665,1516,6113,851,24,203,32,125,281,0,665,1516,6113
Dyfed-Powys,dyfed-powys,2018/19,1,945,40,206,36,128,298,0,708,1653,6644,945,40,206,36,128,298,0,708,1653,6644,1004,39,222,41,127,334,0,763,1767,7395,1004,39,222,41,127,334,0,763,1767,7395
Dyfed-Powys,dyfed-powys,2018/19,2,990,27,203,30,100,306,0,666,1656,7195,990,27,203,30,100,306,0,666,1656,7195,1065,38,243,28,103,320,0,732,1797,7916,1065,38,243,28,103,320,0,732,1797,7916
Dyfed-Powys,dyfed-powys,2018/19,3,992,41,208,27,129,333,0,738,1730,8002,992,41,208,27,129,333,0,738,1730,8002,929,41,195,30,129,326,3,724,1653,7373,929,41,195,30,129,326,3,724,1653,7373
Dyfed-Powys,dyfed-powys,2018/19,4,1041,45,216,23,140,304,0,728,1769,7601,1041,45,216,23,140,304,0,728,1769,7601,985,42,179,22,138,289,11,681,1666,7549,985,42,179,22,138,289,11,681,1666,7549
Dyfed-Powys,dyfed-powys,2019/20,1,942,31,187,26,122,293,18,677,1619,8168,942,31,187,26,122,293,18,677,1619,8168,972,20,192,27,120,286,17,662,1634,8298,972,20,192,27,120,286,17,662,1634,8298
Dyfed-Powys,dyfed-powys,2019/20,2,828,28,199,14,142,289,14,686,1514,8513,828,28,199,14,142,289,14,686,1514,8513,829,32,179,10,145,267,15,648,1477,8365,829,32,179,10,145,267,15,648,1477,8365
Dyfed-Powys,dyfed-powys,2019/20,3,908,37,153,8,62,232,47,539,1447,8400,908,37,153,8,62,232,47,539,1447,8400,792,33,157,6,57,228,89,570,1362,7893,792,33,157,6,57,228,89,570,1362,7893
Dyfed-Powys,dyfed-powys,2019/20,4,812,36,129,1,1,253,155,575,1387,8370,812,36,129,1,1,253,155,575,1387,8370,639,23,96,0,0,206,145,470,1109,7149,639,23,96,0,0,206,145,470,1109,7149
Dyfed-Powys,dyfed-powys,2020/21,1,899,12,142,0,0,214,148,516,1415,7353,899,12,142,0,0,214,148,516,1415,7353,800,15,153,0,0,223,143,534,1334,7276,800,15,153,0,0,223,143,534,1334,7276
Dyfed-Powys,dyfed-powys,2020/21,2,714,12,141,0,0,225,105,483,1197,7992,714,12,141,0,0,225,105,483,1197,7992,865,16,136,0,0,243,92,487,1352,8992,865,16,136,0,0,243,92,487,1352,8992
Dyfed-Powys,dyfed-powys,2020/21,3,747,22,121,0,0,260,55,458,1205,7978,747,22,121,0,0,260,55,458,1205,7978,688,21,114,0,0,261,32,428,1116,7884,688,21,114,0,0,261,32,428,1116,7884
Dyfed-Powys,dyfed-powys,2020/21,4,569,19,115,0,0,272,7,413,982,7784,569,19,115,0,0,272,7,413,982,7784,582,14,132,0,0,257,9,412,994,7771,582,14,132,0,0,257,9,412,994,7771
Dyfed-Powys,dyfed-powys,2021/22,1,686,11,104,1,0,247,15,378,1064,9883,686,11,104,1,0,247,15,378,1064,9883,752,28,114,1,0,267,22,432,1184,11267,752,28,114,1,0,267,22,432,1184,11267
Dyfed-Powys,dyfed-powys,2021/22,2,615,27,116,0,0,211,28,382,997,10730,615,27,116,0,0,211,28,382,997,10730,719,34,99,0,0,255,41,429,1148,11075,719,34,99,0,0,255,41,429,1148,11075
Dyfed-Powys,dyfed-powys,2021/22,3,628,35,105,0,0,247,32,419,1047,10985,628,35,105,0,0,247,32,419,1047,10985,658,21,93,0,0,240,52,406,1064,9879,658,21,93,0,0,240,52,406,1064,9879
Dyfed-Powys,dyfed-powys,2021/22,4,697,21,125,0,1,265,30,442,1139,9800,697,21,125,0,1,265,30,442,1139,9800,649,35,136,0,1,243,54,469,1118,9886,649,35,136,0,1,243,54,469,1118,9886
Dyfed-Powys,dyfed-powys,2022/23,1,692,29,104,0,1,253,73,460,1152,9346,692,29,104,0,1,253,73,460,1152,9346,817,45,113,0,2,349,91,600,1417,11682,817,45,113,0,2,349,91,600,1417,11682
Dyfed-Powys,dyfed-powys,2022/23,2,754,41,104,0,1,336,126,608,1362,10817,754,41,104,0,1,336,126,608,1362,10817,911,24,161,0,0,472,85,742,1653,11964,911,24,161,0,0,472,85,742,1653,11964
Dyfed-Powys,dyfed-powys,2022/23,3,1039,35,195,0,0,659,96,985,2024,13094,1039,35,195,0,0,659,96,985,2024,13094,944,51,190,0,0,637,70,948,1892,10104,944,51,190,0,0,637,70,948,1892,10104
Dyfed-Powys,dyfed-powys,2022/23,4,1052,47,220,0,1,653,34,955,2007,10694,1052,47,220,0,1,653,34,955,2007,10694,729,41,155,0,1,505,19,721,1450,8885,729,41,155,0,1,505,19,721,1450,8885
Dyfed-Powys,dyfed-powys,2023/24,1,636,57,132,0,0,407,7,603,1239,8331,636,57,132,0,0,407,7,603,1239,8331,724,108,150,0,0,404,27,689,1413,9531,724,108,150,0,0,404,27,689,1413,9531
Dyfed-Powys,dyfed-powys,2023/24,2,423,68,118,0,0,301,13,500,923,8258,423,68,118,0,0,301,13,500,923,8258,649,68,148,0,0,387,39,642,1291,9388,649,68,148,0,0,387,39,642,1291,9388
Dyfed-Powys,dyfed-powys,2023/24,3,523,74,128,0,0,452,29,683,1206,8758,523,74,128,0,0,452,29,683,1206,8758,593,90,104,0,0,476,19,689,1282,8280,593,90,104,0,0,476,19,689,1282,8280
Dyfed-Powys,dyfed-powys,2023/24,4,641,111,136,2,0,557,33,839,1480,8907,641,111,136,2,0,557,33,839,1480,8907,698,71,129,0,0,508,50,758,1456,8364,698,71,129,0,0,508,50,758,1456,8364
Dyfed-Powys,dyfed-powys,2024/25,1,754,74,135,0,0,585,30,824,1578,9216,754,74,135,0,0,585,30,824,1578,9216,715,83,127,0,0,578,37,825,1540,9843,715,83,127,0,0,578,37,825,1540,9843
Dyfed-Powys,dyfed-powys,2024/25,2,879,83,117,0,0,575,50,825,1704,10230,879,83,117,0,0,575,50,825,1704,10230,778,65,123,0,0,532,41,761,1539,9847,778,65,123,0,0,532,41,761,1539,9847
Dyfed-Powys,dyfed-powys,2024/25,3,733,52,103,0,0,541,46,742,1475,9640,733,52,103,0,0,541,46,742,1475,9640,675,59,86,0,0,535,46,726,1401,8862,675,59,86,0,0,535,46,726,1401,8862
Dyfed-Powys,dyfed-powys,2024/25,4,862,74,88,0,0,518,124,804,1666,8868,862,74,88,0,0,518,124,804,1666,8868,719,69,91,0,0,459,129,748,1467,8556,719,69,91,0,0,459,129,748,1467,8556
Dyfed-Powys,dyfed-powys,2025/26,1,779,61,107,0,0,450,58,676,1455,9330,779,61,107,0,0,450,58,676,1455,9330,754,67,88,0,0,448,48,651,1405,9263,754,67,88,0,0,448,48,651,1405,9263
Dyfed-Powys,dyfed-powys,2025/26,2,836,64,100,0,0,413,34,611,1447,9650,836,64,100,0,0,413,34,611,1447,9650,704,42,96,0,0,404,43,585,1289,9065,704,42,96,0,0,404,43,585,1289,9065
Dyfed-Powys,dyfed-powys,2025/26,3,849,42,71,0,0,398,46,557,1406,8315,849,42,71,0,0,398,46,557,1406,8315,675,26,58,0,0,367,33,484,1159,7711,675,26,58,0,0,367,33,484,1159,7711
Dyfed-Powys,dyfed-powys,2025/26,4,856,33,66,0,0,389,54,542,1398,8673,856,33,66,0,0,389,54,542,1398,8673,504,20,37,0,0,297,26,380,884,6593,504,20,37,0,0,297,26,380,884,6593
Essex,essex,2014/15,1,4212,216,857,222,288,895,0,2478,6690,25068,4204,216,857,222,288,895,0,2478,6682,25052,4339,217,882,228,300,989,0,2616,6955,25148,4339,217,882,228,300,989,0,2616,6955,25148
Essex,essex,2014/15,2,4187,181,755,224,293,1064,0,2517,6704,25777,4187,181,754,224,293,1064,0,2516,6703,25754,4238,163,755,222,297,1139,0,2576,6814,25217,4238,163,755,222,297,1139,0,2576,6814,25217
Essex,essex,2014/15,3,4000,172,679,177,268,1227,0,2523,6523,25251,3999,172,679,177,268,1227,0,2523,6522,25245,3962,182,672,167,271,1143,0,2435,6397,24669,3962,182,672,167,271,1143,0,2435,6397,24669
Essex,essex,2014/15,4,4005,181,663,149,266,1073,0,2332,6337,25123,4003,181,659,149,266,1073,0,2328,6331,25113,3821,156,653,157,265,1064,0,2295,6116,25157,3821,156,653,157,265,1064,0,2295,6116,25157
Essex,essex,2015/16,1,2976,159,530,135,178,987,0,1989,4965,22364,2976,159,530,135,178,987,0,1989,4965,22363,3545,169,598,144,192,1188,0,2291,5836,26251,3545,169,598,144,192,1188,0,2291,5836,26251
Essex,essex,2015/16,2,3566,150,626,124,182,1352,0,2434,6000,30435,3566,150,626,124,182,1352,0,2434,6000,30434,3382,155,593,111,163,1325,0,2347,5729,28261,3382,155,593,111,163,1325,0,2347,5729,28261
Essex,essex,2015/16,3,3767,148,595,125,178,1565,0,2611,6378,28655,3767,148,595,125,178,1565,0,2611,6378,28657,3149,138,553,121,179,1503,0,2494,5643,26780,3149,138,553,121,179,1503,0,2494,5643,26780
Essex,essex,2015/16,4,3437,133,618,97,205,1472,0,2525,5962,27247,3437,133,618,97,205,1472,0,2525,5962,27247,2266,86,518,91,185,1005,0,1885,4151,19989,2266,86,518,91,185,1005,0,1885,4151,19989
Essex,essex,2016/17,1,3522,124,621,81,186,1358,0,2370,5892,29141,3522,124,621,81,186,1358,0,2370,5892,29141,3154,118,558,79,189,1364,0,2308,5462,28343,3154,118,558,79,189,1364,0,2308,5462,28343
Essex,essex,2016/17,2,3606,106,599,82,204,1475,0,2466,6072,31173,3606,106,599,82,204,1475,0,2466,6072,31173,2911,83,516,77,205,1441,0,2322,5233,29595,2911,83,516,77,205,1441,0,2322,5233,29595
Essex,essex,2016/17,3,3488,75,495,78,243,1411,0,2302,5790,32178,3488,75,495,78,243,1411,0,2302,5790,32178,2568,64,447,84,263,1336,0,2194,4762,29427,2568,64,447,84,263,1336,0,2194,4762,29427
Essex,essex,2016/17,4,3299,57,413,101,284,1428,0,2283,5582,30386,3299,57,413,101,284,1428,0,2283,5582,30386,949,31,95,10,13,390,0,539,1488,7119,949,31,95,10,13,390,0,539,1488,7119
Essex,essex,2017/18,1,3027,24,325,63,249,1547,1,2209,5236,29979,3027,24,325,63,249,1547,1,2209,5236,29979,3376,38,365,62,263,1681,1,2410,5786,32652,3376,38,365,62,263,1681,1,2410,5786,32652
Essex,essex,2017/18,2,3275,32,319,50,251,1590,0,2242,5517,33462,3275,32,319,50,251,1590,0,2242,5517,33462,3364,31,312,46,240,1618,0,2247,5611,34147,3364,31,312,46,240,1618,0,2247,5611,34147
Essex,essex,2017/18,3,2931,25,309,36,294,1683,0,2347,5278,34102,2931,25,309,36,294,1683,0,2347,5278,34102,3128,24,313,42,297,1683,0,2359,5487,33513,3128,24,313,42,297,1683,0,2359,5487,33513
Essex,essex,2017/18,4,2996,29,281,57,285,1555,0,2207,5203,32559,2996,29,281,57,285,1555,0,2207,5203,32559,3078,48,318,54,300,1500,1,2221,5299,33298,3078,48,318,54,300,1500,1,2221,5299,33298
Essex,essex,2018/19,1,3410,62,302,40,273,1553,0,2230,5640,34730,3410,62,302,40,273,1553,0,2230,5640,34730,3573,44,292,39,303,1753,1,2432,6005,37831,3573,44,292,39,303,1753,1,2432,6005,37831
Essex,essex,2018/19,2,3219,30,275,41,332,1629,1,2308,5527,39034,3219,30,275,41,332,1629,1,2308,5527,39034,3407,43,289,44,316,1553,1,2246,5653,38982,3407,43,289,44,316,1553,1,2246,5653,38982
Essex,essex,2018/19,3,3464,44,338,53,460,1772,7,2674,6138,41566,3464,44,338,53,460,1772,7,2674,6138,41566,3532,47,321,52,453,1734,10,2617,6149,40630,3532,47,321,52,453,1734,10,2617,6149,40630
Essex,essex,2018/19,4,3657,53,304,40,533,1656,12,2598,6255,39930,3657,53,304,40,533,1656,12,2598,6255,39930,3794,41,278,40,544,1638,79,2620,6414,40756,3794,41,278,40,544,1638,79,2620,6414,40756
Essex,essex,2019/20,1,3397,35,234,71,535,1446,226,2547,5944,41147,3397,35,234,71,535,1446,226,2547,5944,41147,3535,57,256,75,571,1541,260,2760,6295,42797,3535,57,256,75,571,1541,260,2760,6295,42797
Essex,essex,2019/20,2,3436,48,301,31,339,1768,214,2701,6137,43879,3436,48,301,31,339,1768,214,2701,6137,43879,3522,33,294,20,253,1748,194,2542,6064,43382,3522,33,294,20,253,1748,194,2542,6064,43382
Essex,essex,2019/20,3,3341,30,261,1,10,1845,229,2376,5717,41522,3341,30,261,1,10,1845,229,2376,5717,41522,3427,51,259,0,5,1845,249,2409,5836,40537,3427,51,259,0,5,1845,249,2409,5836,40537
Essex,essex,2019/20,4,3684,62,283,0,6,1972,380,2703,6387,41589,3684,62,283,0,6,1972,380,2703,6387,41589,3564,36,327,0,3,1914,393,2673,6237,40097,3564,36,327,0,3,1914,393,2673,6237,40097
Essex,essex,2020/21,1,4031,34,412,3,4,2560,495,3508,7539,36528,4031,34,412,3,4,2560,495,3508,7539,36528,3774,24,402,3,3,2498,513,3443,7217,35726,3774,24,402,3,3,2498,513,3443,7217,35726
Essex,essex,2020/21,2,3644,40,362,1,0,2099,475,2977,6621,40063,3644,40,362,1,0,2099,475,2977,6621,40063,3813,40,369,1,1,2179,570,3160,6973,42470,3813,40,369,1,1,2179,570,3160,6973,42470
Essex,essex,2020/21,3,2963,32,315,0,1,2046,575,2969,5932,37310,2963,32,315,0,1,2046,575,2969,5932,37310,3026,32,343,0,1,1947,585,2908,5934,36480,3026,32,343,0,1,1947,585,2908,5934,36480
Essex,essex,2020/21,4,3118,22,358,0,1,1823,600,2804,5922,33634,3118,22,358,0,1,1823,600,2804,5922,33634,2879,22,331,0,0,1850,584,2787,5666,33612,2879,22,331,0,0,1850,584,2787,5666,33612
Essex,essex,2021/22,1,3107,20,394,0,0,1921,811,3146,6253,39180,3107,20,394,0,0,1921,811,3146,6253,39180,3144,21,409,0,0,1962,864,3256,6400,40981,3144,21,409,0,0,1962,864,3256,6400,40981
Essex,essex,2021/22,2,2911,20,330,1,0,1796,686,2833,5744,42009,2911,20,330,1,0,1796,686,2833,5744,42009,3024,25,340,1,0,1843,695,2904,5928,43027,3024,25,340,1,0,1843,695,2904,5928,43027
Essex,essex,2021/22,3,2846,24,396,0,0,1948,741,3109,5955,42898,2846,24,396,0,0,1948,741,3109,5955,42898,2993,24,413,0,0,1919,696,3052,6045,41847,2993,24,413,0,0,1919,696,3052,6045,41847
Essex,essex,2021/22,4,3161,30,458,1,0,1954,781,3224,6385,40124,3161,30,458,1,0,1954,781,3224,6385,40124,3211,40,427,1,0,2003,821,3292,6503,40755,3211,40,427,1,0,2003,821,3292,6503,40755
Essex,essex,2022/23,1,3210,36,402,0,0,1859,817,3114,6324,40887,3210,36,402,0,0,1859,817,3114,6324,40887,3274,39,390,0,0,1896,877,3202,6476,42139,3274,39,390,0,0,1896,877,3202,6476,42139
Essex,essex,2022/23,2,3369,49,439,0,0,1883,805,3176,6545,44945,3369,49,439,0,0,1883,805,3176,6545,44945,3503,48,464,0,0,1765,762,3039,6542,43684,3503,48,464,0,0,1765,762,3039,6542,43684
Essex,essex,2022/23,3,3331,39,432,0,0,1747,816,3034,6365,41044,3331,39,432,0,0,1747,816,3034,6365,41044,3169,37,427,0,0,1718,786,2968,6137,39111,3169,37,427,0,0,1718,786,2968,6137,39111
Essex,essex,2022/23,4,3520,35,468,0,0,1783,809,3095,6615,38745,3520,35,468,0,0,1783,809,3095,6615,38745,3254,48,447,0,1,1818,933,3247,6501,39087,3254,48,447,0,1,1818,933,3247,6501,39087
Essex,essex,2023/24,1,3015,45,416,0,2,1707,879,3049,6064,37879,3015,45,416,0,2,1707,879,3049,6064,37879,3250,69,437,0,2,1744,876,3128,6378,39553,3250,69,437,0,2,1744,876,3128,6378,39553
Essex,essex,2023/24,2,3487,62,413,0,1,1545,773,2794,6281,39700,3487,62,413,0,1,1545,773,2794,6281,39700,3697,34,401,1,1,1551,670,2658,6355,40133,3697,34,401,1,1,1551,670,2658,6355,40133
Essex,essex,2023/24,3,3706,52,369,1,1,1580,637,2640,6346,38916,3706,52,369,1,1,1580,637,2640,6346,38916,3563,44,366,0,0,1465,569,2444,6007,37738,3563,44,366,0,0,1465,569,2444,6007,37738
Essex,essex,2023/24,4,3633,34,366,0,1,1420,483,2304,5937,35359,3633,34,366,0,1,1420,483,2304,5937,35359,3566,26,369,0,1,1498,532,2426,5992,36363,3566,26,369,0,1,1498,532,2426,5992,36363
Essex,essex,2024/25,1,3530,25,372,1,2,1385,515,2300,5830,33523,3530,25,372,1,2,1385,515,2300,5830,33523,3744,43,370,2,2,1474,536,2427,6171,36831,3744,43,370,2,2,1474,536,2427,6171,36831
Essex,essex,2024/25,2,3451,40,354,1,1,1493,559,2448,5899,38276,3451,40,354,1,1,1493,559,2448,5899,38276,3541,28,370,0,1,1449,539,2387,5928,37807,3541,28,370,0,1,1449,539,2387,5928,37807
Essex,essex,2024/25,3,3561,23,340,0,0,1441,614,2418,5979,37157,3561,23,340,0,0,1441,614,2418,5979,37157,3562,24,311,0,0,1469,594,2398,5960,35778,3562,24,311,0,0,1469,594,2398,5960,35778
Essex,essex,2024/25,4,3894,44,364,0,1,1448,558,2415,6309,34710,3894,44,364,0,1,1448,558,2415,6309,34710,3494,33,396,0,1,1376,573,2379,5873,33013,3494,33,396,0,1,1376,573,2379,5873,33013
Essex,essex,2025/26,1,4106,23,385,2,0,1632,634,2676,6782,36646,4106,23,385,2,0,1632,634,2676,6782,36646,3922,27,381,2,0,1618,634,2662,6584,35884,3922,27,381,2,0,1618,634,2662,6584,35884
Essex,essex,2025/26,2,4209,29,393,0,1,1449,615,2487,6696,37651,4209,29,393,0,1,1449,615,2487,6696,37651,3987,29,367,0,1,1408,611,2416,6403,36432,3987,29,367,0,1,1408,611,2416,6403,36432
Essex,essex,2025/26,3,4215,25,400,0,0,1532,652,2609,6824,36292,4215,25,400,0,0,1532,652,2609,6824,36292,3584,18,365,0,0,1480,626,2489,6073,33867,3584,18,365,0,0,1480,626,2489,6073,33867
Essex,essex,2025/26,4,4345,23,317,0,2,1531,676,2549,6894,34398,4345,23,317,0,2,1531,676,2549,6894,34398,3220,10,243,0,2,1365,572,2192,5412,29719,3220,10,243,0,2,1365,572,2192,5412,29719
Gloucestershire,gloucestershire,2014/15,1,993,56,217,25,70,201,0,569,1562,6731,991,56,217,25,70,201,0,569,1560,6718,1059,81,232,29,66,194,0,602,1661,7122,1059,81,232,29,66,194,0,602,1661,7122
Gloucestershire,gloucestershire,2014/15,2,1075,88,205,34,65,236,0,628,1703,8150,1075,88,205,34,65,236,0,628,1703,8139,1116,61,182,31,59,208,0,541,1657,7656,1116,61,182,31,59,208,0,541,1657,7656
Gloucestershire,gloucestershire,2014/15,3,1119,63,161,29,64,159,0,476,1595,7698,1118,63,161,29,64,159,0,476,1594,7693,1113,66,152,38,58,177,0,491,1604,7591,1113,66,152,38,58,177,0,491,1604,7591
Gloucestershire,gloucestershire,2014/15,4,1015,39,157,40,41,182,0,459,1474,6499,1015,39,157,40,41,182,0,459,1474,6494,998,36,162,31,41,172,0,442,1440,6834,998,36,162,31,41,172,0,442,1440,6834
Gloucestershire,gloucestershire,2015/16,1,1115,49,178,23,42,165,0,457,1572,7539,1115,49,178,23,42,165,0,457,1572,7539,1100,49,198,33,58,172,0,510,1610,7562,1100,49,198,33,58,172,0,510,1610,7562
Gloucestershire,gloucestershire,2015/16,2,1024,29,174,30,68,159,0,460,1484,6983,1024,29,174,30,68,159,0,460,1484,6983,1046,40,157,26,56,175,0,454,1500,7344,1046,40,157,26,56,175,0,454,1500,7344
Gloucestershire,gloucestershire,2015/16,3,1091,54,125,21,31,148,0,379,1470,7366,1091,54,125,21,31,148,0,379,1470,7366,1110,56,141,29,41,137,0,404,1514,7944,1110,56,141,29,41,137,0,404,1514,7944
Gloucestershire,gloucestershire,2015/16,4,1001,51,152,32,21,139,0,395,1396,7808,1001,51,152,32,21,139,0,395,1396,7808,943,47,159,16,48,120,0,390,1333,7077,943,47,159,16,48,120,0,390,1333,7077
Gloucestershire,gloucestershire,2016/17,1,939,46,134,20,50,101,0,351,1290,6908,939,46,134,20,50,101,0,351,1290,6908,998,33,136,28,49,129,0,375,1373,7169,998,33,136,28,49,129,0,375,1373,7169
Gloucestershire,gloucestershire,2016/17,2,864,29,157,13,48,101,0,348,1212,6291,864,29,157,13,48,101,0,348,1212,6289,1053,29,163,22,42,122,0,378,1431,7773,1053,29,163,22,42,122,0,378,1431,7773
Gloucestershire,gloucestershire,2016/17,3,1127,39,151,27,59,133,0,409,1536,8591,1127,39,151,27,59,133,0,409,1536,8591,1069,40,161,14,48,116,0,379,1448,7738,1069,40,161,14,48,116,0,379,1448,7738
Gloucestershire,gloucestershire,2016/17,4,1195,34,160,12,42,122,0,370,1565,8964,1195,34,160,12,42,122,0,370,1565,8964,1111,44,146,16,42,112,0,360,1471,8730,1111,44,146,16,42,112,0,360,1471,8730
Gloucestershire,gloucestershire,2017/18,1,1088,47,156,31,64,151,0,449,1537,9324,1088,47,156,31,64,151,0,449,1537,9320,1065,47,144,20,57,145,2,415,1480,8707,1065,47,144,20,57,145,2,415,1480,8707
Gloucestershire,gloucestershire,2017/18,2,1062,36,161,24,72,109,0,402,1464,8677,1062,36,161,24,72,109,0,402,1464,8677,1089,28,157,26,77,127,0,415,1504,8828,1089,28,157,26,77,127,0,415,1504,8828
Gloucestershire,gloucestershire,2017/18,3,982,30,132,18,75,135,0,390,1372,8209,982,30,132,18,75,135,0,390,1372,8209,962,19,121,22,77,137,1,377,1339,8136,962,19,121,22,77,137,1,377,1339,8136
Gloucestershire,gloucestershire,2017/18,4,916,9,89,23,69,153,0,343,1259,8257,916,9,89,23,69,153,0,343,1259,8257,1079,7,109,26,65,191,2,400,1479,8608,1079,7,109,26,65,191,2,400,1479,8608
Gloucestershire,gloucestershire,2018/19,1,991,4,117,24,54,154,0,353,1344,8448,991,4,117,24,54,154,0,353,1344,8448,1008,9,122,20,54,192,1,398,1406,8849,1008,9,122,20,54,192,1,398,1406,8849
Gloucestershire,gloucestershire,2018/19,2,896,7,113,17,65,202,0,404,1300,10285,896,7,113,17,65,202,0,404,1300,10285,984,13,123,18,60,138,0,352,1336,9353,984,13,123,18,60,138,0,352,1336,9353
Gloucestershire,gloucestershire,2018/19,3,924,10,128,23,63,151,0,375,1299,8967,924,10,128,23,63,151,0,375,1299,8967,930,5,120,21,75,119,8,348,1278,8923,930,5,120,21,75,119,8,348,1278,8923
Gloucestershire,gloucestershire,2018/19,4,982,11,106,18,82,110,0,327,1309,8465,982,11,106,18,82,110,0,327,1309,8465,979,3,107,19,90,106,36,361,1340,8477,979,3,107,19,90,106,36,361,1340,8477
Gloucestershire,gloucestershire,2019/20,1,928,5,123,13,80,93,0,314,1242,8667,928,5,123,13,80,93,0,314,1242,8667,988,2,139,11,86,87,61,386,1374,9282,988,2,139,11,86,87,61,386,1374,9282
Gloucestershire,gloucestershire,2019/20,2,815,1,111,18,74,85,0,289,1104,9784,815,1,111,18,74,85,0,289,1104,9784,1027,14,127,14,100,87,49,391,1418,11440,1027,14,127,14,100,87,49,391,1418,11440
Gloucestershire,gloucestershire,2019/20,3,943,10,126,16,129,116,38,435,1378,11427,943,10,126,16,129,116,38,435,1378,11427,967,5,122,22,84,89,52,374,1341,10594,967,5,122,22,84,89,52,374,1341,10594
Gloucestershire,gloucestershire,2019/20,4,996,4,129,17,77,86,169,482,1478,11047,996,4,129,17,77,86,169,482,1478,11047,844,3,116,14,61,82,46,322,1166,9985,844,3,116,14,61,82,46,322,1166,9985
Gloucestershire,gloucestershire,2020/21,1,796,14,100,17,118,57,39,345,1141,8335,796,14,100,17,118,57,39,345,1141,8335,830,8,109,17,131,43,31,339,1169,8661,830,8,109,17,131,43,31,339,1169,8661
Gloucestershire,gloucestershire,2020/21,2,849,2,115,15,85,50,48,315,1164,9673,849,2,115,15,85,50,48,315,1164,9673,985,7,128,15,76,76,52,354,1339,10649,985,7,128,15,76,76,52,354,1339,10649
Gloucestershire,gloucestershire,2020/21,3,862,6,100,20,65,75,34,300,1162,8857,862,6,100,20,65,75,34,300,1162,8857,786,4,108,21,103,52,37,325,1111,8933,786,4,108,21,103,52,37,325,1111,8933
Gloucestershire,gloucestershire,2020/21,4,757,9,89,16,122,47,35,318,1075,9104,757,9,89,16,122,47,35,318,1075,9104,752,5,101,18,106,48,37,315,1067,8801,752,5,101,18,106,48,37,315,1067,8801
Gloucestershire,gloucestershire,2021/22,1,711,2,114,19,75,42,45,297,1008,9709,711,2,114,19,75,42,45,297,1008,9709,789,3,110,13,67,56,68,317,1106,10774,789,3,110,13,67,56,68,317,1106,10774
Gloucestershire,gloucestershire,2021/22,2,685,3,108,18,65,56,63,313,998,10297,685,3,108,18,65,56,63,313,998,10297,842,10,89,18,58,109,60,344,1186,11741,842,10,89,18,58,109,60,344,1186,11741
Gloucestershire,gloucestershire,2021/22,3,749,0,60,4,35,106,45,250,999,11492,749,0,60,4,35,106,45,250,999,11492,869,3,61,1,17,146,61,289,1158,11813,869,3,61,1,17,146,61,289,1158,11813
Gloucestershire,gloucestershire,2021/22,4,806,9,50,0,3,156,59,277,1083,11595,806,9,50,0,3,156,59,277,1083,11595,802,5,56,0,0,184,82,327,1129,12890,802,5,56,0,0,184,82,327,1129,12890
Gloucestershire,gloucestershire,2022/23,1,735,2,59,0,1,101,178,341,1076,14026,735,2,59,0,1,101,178,341,1076,14026,814,2,80,0,0,112,225,419,1233,15203,814,2,80,0,0,112,225,419,1233,15203
Gloucestershire,gloucestershire,2022/23,2,800,4,103,0,0,114,176,397,1197,12010,800,4,103,0,0,114,176,397,1197,12010,821,2,77,0,0,132,198,409,1230,15979,821,2,77,0,0,132,198,409,1230,15979
Gloucestershire,gloucestershire,2022/23,3,835,4,99,0,0,191,217,511,1346,12027,835,4,99,0,0,191,217,511,1346,12027,878,2,86,0,0,235,237,560,1438,13107,878,2,86,0,0,235,237,560,1438,13107
Gloucestershire,gloucestershire,2022/23,4,921,0,88,0,2,368,277,735,1656,18262,921,0,88,0,2,368,277,735,1656,18262,866,5,90,0,0,418,215,728,1594,13217,866,5,90,0,0,418,215,728,1594,13217
Gloucestershire,gloucestershire,2023/24,1,925,2,92,0,0,487,220,801,1726,16659,925,2,92,0,0,487,220,801,1726,16659,840,5,87,0,0,478,134,704,1544,13871,840,5,87,0,0,478,134,704,1544,13871
Gloucestershire,gloucestershire,2023/24,2,911,5,90,0,0,454,110,659,1570,14278,911,5,90,0,0,454,110,659,1570,14278,912,8,91,0,0,519,74,692,1604,13706,912,8,91,0,0,519,74,692,1604,13706
Gloucestershire,gloucestershire,2023/24,3,957,6,91,0,0,534,95,726,1683,12888,957,6,91,0,0,534,95,726,1683,12888,847,1,82,0,0,558,84,725,1572,12650,847,1,82,0,0,558,84,725,1572,12650
Gloucestershire,gloucestershire,2023/24,4,806,7,68,0,0,512,54,641,1447,11599,806,7,68,0,0,512,54,641,1447,11599,840,1,64,0,0,504,55,624,1464,11951,840,1,64,0,0,504,55,624,1464,11951
Gloucestershire,gloucestershire,2024/25,1,855,3,66,0,0,585,32,686,1541,11901,855,3,66,0,0,585,32,686,1541,11901,828,0,66,0,0,525,48,639,1467,12043,828,0,66,0,0,525,48,639,1467,12043
Gloucestershire,gloucestershire,2024/25,2,930,2,63,0,0,539,37,641,1571,12267,930,2,63,0,0,539,37,641,1571,12267,842,1,74,0,0,531,60,666,1508,11414,842,1,74,0,0,531,60,666,1508,11414
Gloucestershire,gloucestershire,2024/25,3,836,0,90,0,0,633,39,762,1598,11352,836,0,90,0,0,633,39,762,1598,11352,742,7,73,0,0,575,49,704,1446,10896,742,7,73,0,0,575,49,704,1446,10896
Gloucestershire,gloucestershire,2024/25,4,820,4,85,0,0,584,90,763,1583,10443,820,4,85,0,0,584,90,763,1583,10443,683,7,81,0,0,598,67,753,1436,10633,683,7,81,0,0,598,67,753,1436,10633
Gloucestershire,gloucestershire,2025/26,1,807,5,81,0,0,556,37,679,1486,10935,807,5,81,0,0,556,37,679,1486,10935,670,4,77,0,0,559,47,687,1357,11277,670,4,77,0,0,559,47,687,1357,11277
Gloucestershire,gloucestershire,2025/26,2,770,10,65,0,0,523,78,676,1446,11106,770,10,65,0,0,523,78,676,1446,11106,697,10,62,0,0,516,45,633,1330,10793,697,10,62,0,0,516,45,633,1330,10793
Gloucestershire,gloucestershire,2025/26,3,916,7,97,0,0,494,71,669,1585,12042,916,7,97,0,0,494,71,669,1585,12042,676,8,87,0,0,464,38,597,1273,9909,676,8,87,0,0,464,38,597,1273,9909
Gloucestershire,gloucestershire,2025/26,4,633,9,57,0,0,307,50,423,1056,8480,633,9,57,0,0,307,50,423,1056,8480,351,1,34,0,1,278,40,354,705,7723,351,1,34,0,1,278,40,354,705,7723
Greater Manchester,greater-manchester,2014/15,1,10323,347,1240,331,494,2316,0,4728,15051,49088,10313,347,1238,331,494,2316,0,4726,15039,49073,8805,314,1158,297,446,2263,0,4478,13283,47312,8805,314,1158,297,446,2263,0,4478,13283,47312
Greater Manchester,greater-manchester,2014/15,2,8339,279,1008,269,373,2452,0,4381,12720,49171,8335,279,1008,269,373,2452,0,4381,12716,49164,8245,256,1018,265,381,2500,0,4420,12665,49863,8245,256,1018,265,381,2500,0,4420,12665,49863
Greater Manchester,greater-manchester,2014/15,3,7997,258,929,289,458,2614,0,4548,12545,51994,7997,258,929,289,458,2614,0,4548,12545,51994,7810,255,916,291,446,2543,0,4451,12261,51831,7810,255,916,291,446,2543,0,4451,12261,51831
Greater Manchester,greater-manchester,2014/15,4,7548,247,917,232,377,2468,0,4241,11789,50241,7547,247,917,232,377,2467,0,4240,11787,50239,7630,248,901,228,375,2488,0,4240,11870,51005,7630,248,901,228,375,2488,0,4240,11870,51005
Greater Manchester,greater-manchester,2015/16,1,7762,240,835,235,309,2648,0,4267,12029,55142,7762,240,835,235,309,2648,0,4267,12029,55142,7790,274,867,239,326,2738,0,4444,12234,56746,7790,274,867,239,326,2738,0,4444,12234,56746
Greater Manchester,greater-manchester,2015/16,2,6746,236,835,210,282,2494,0,4057,10803,54662,6746,236,835,210,282,2494,0,4057,10803,54662,6989,217,824,207,276,2474,0,3998,10987,55939,6989,217,824,207,276,2474,0,3998,10987,55939
Greater Manchester,greater-manchester,2015/16,3,6802,187,755,176,298,2396,0,3812,10614,57250,6802,187,755,176,298,2396,0,3812,10614,57250,6620,201,763,178,301,2342,0,3785,10405,57219,6620,201,763,178,301,2342,0,3785,10405,57219
Greater Manchester,greater-manchester,2015/16,4,6113,202,690,158,259,2171,0,3480,9593,56755,6113,202,690,158,259,2171,0,3480,9593,56755,6023,207,673,160,258,2163,0,3461,9484,54783,6023,207,673,160,258,2163,0,3461,9484,54783
Greater Manchester,greater-manchester,2016/17,1,5734,213,666,127,294,2341,0,3641,9375,56709,5734,213,666,127,294,2341,0,3641,9375,56708,5879,199,658,130,287,2378,0,3652,9531,57092,5879,199,658,130,287,2378,0,3652,9531,57092
Greater Manchester,greater-manchester,2016/17,2,5771,205,608,135,266,2105,0,3319,9090,58955,5771,205,608,135,266,2105,0,3319,9090,58955,6009,182,615,129,266,2104,0,3296,9305,60097,6009,182,615,129,266,2104,0,3296,9305,60097
Greater Manchester,greater-manchester,2016/17,3,5784,173,614,107,243,2205,0,3342,9126,71570,5784,173,614,107,243,2205,0,3342,9126,71570,5845,173,630,106,242,2180,0,3331,9176,73089,5845,173,630,106,242,2180,0,3331,9176,73089
Greater Manchester,greater-manchester,2016/17,4,5824,136,596,87,196,2066,0,3081,8905,76257,5824,136,596,87,196,2066,0,3081,8905,76257,5942,146,529,88,201,2027,0,2991,8933,77023,5942,146,529,88,201,2027,0,2991,8933,77023
Greater Manchester,greater-manchester,2017/18,1,5634,167,561,117,243,1918,0,3006,8640,80759,5634,167,561,117,243,1918,0,3006,8640,80759,6025,169,616,120,247,2002,0,3154,9179,84038,6025,169,616,120,247,2002,0,3154,9179,84038
Greater Manchester,greater-manchester,2017/18,2,5327,131,481,83,219,1784,0,2698,8025,88001,5327,131,481,83,219,1784,0,2698,8025,88001,5549,114,474,79,224,1717,0,2608,8157,88725,5549,114,474,79,224,1717,0,2608,8157,88725
Greater Manchester,greater-manchester,2017/18,3,5297,151,481,74,214,1527,0,2447,7744,84861,5297,151,481,74,214,1527,0,2447,7744,84861,5440,172,499,78,208,1411,0,2368,7808,85067,5440,172,499,78,208,1411,0,2368,7808,85067
Greater Manchester,greater-manchester,2017/18,4,5000,141,434,71,188,1215,0,2049,7049,80042,5000,141,434,71,188,1215,0,2049,7049,80042,5208,145,413,64,182,1183,0,1987,7195,81207,5208,145,413,64,182,1183,0,1987,7195,81207
Greater Manchester,greater-manchester,2018/19,1,5222,165,455,64,245,1362,0,2291,7513,85703,5222,165,455,64,245,1362,0,2291,7513,85703,5379,133,485,64,255,1439,0,2376,7755,86769,5379,133,485,64,255,1439,0,2376,7755,86769
Greater Manchester,greater-manchester,2018/19,2,5150,130,411,68,254,1219,0,2082,7232,84058,5150,130,411,68,254,1219,0,2082,7232,84058,5361,111,383,74,249,1186,0,2003,7364,83331,5361,111,383,74,249,1186,0,2003,7364,83331
Greater Manchester,greater-manchester,2018/19,3,5361,123,400,71,264,1179,0,2037,7398,83391,5361,123,400,71,264,1179,0,2037,7398,83391,5097,108,402,69,269,1182,0,2030,7127,80819,5097,108,402,69,269,1182,0,2030,7127,80819
Greater Manchester,greater-manchester,2018/19,4,5368,106,423,62,283,1092,0,1966,7334,79862,5368,106,423,62,283,1092,0,1966,7334,79862,4617,110,394,53,275,1156,0,1988,6605,77682,4617,110,394,53,275,1156,0,1988,6605,77682
Greater Manchester,greater-manchester,2019/20,1,4833,99,377,75,346,1208,0,2105,6938,74070,4833,99,377,75,346,1208,0,2105,6938,74070,3689,34,295,77,341,861,6,1614,5303,65561,3689,34,295,77,341,861,6,1614,5303,65561
Greater Manchester,greater-manchester,2019/20,2,0,0,0,0,0,0,0,0,0,284,0,0,0,0,0,0,0,0,0,284,0,0,0,0,0,0,0,0,0,0,0,0,0,0,0,0,0,0,0,0
Greater Manchester,greater-manchester,2019/20,3,0,0,0,0,0,0,0,0,0,11,0,0,0,0,0,0,0,0,0,11,0,0,0,0,0,0,0,0,0,0,0,0,0,0,0,0,0,0,0,0
Greater Manchester,greater-manchester,2019/20,4,0,0,0,0,0,0,2,2,2,4,0,0,0,0,0,0,2,2,2,4,0,0,0,0,0,0,0,0,0,0,0,0,0,0,0,0,0,0,0,0
Greater Manchester,greater-manchester,2020/21,1,4138,47,285,79,476,631,45,1563,5701,60264,4138,47,285,79,476,631,45,1563,5701,60264,4273,63,292,77,474,645,72,1623,5896,58476,4273,63,292,77,474,645,72,1623,5896,58476
Greater Manchester,greater-manchester,2020/21,2,4221,76,324,60,497,699,94,1750,5971,68212,4221,76,324,60,497,699,94,1750,5971,68212,4681,91,346,65,502,852,90,1946,6627,73135,4681,91,346,65,502,852,90,1946,6627,73135
Greater Manchester,greater-manchester,2020/21,3,4010,74,265,48,546,775,142,1850,5860,66676,4010,74,265,48,546,775,142,1850,5860,66676,3978,85,301,50,548,951,138,2073,6051,66986,3978,85,301,50,548,951,138,2073,6051,66986
Greater Manchester,greater-manchester,2020/21,4,4479,96,316,70,469,1221,100,2272,6751,66247,4479,96,316,70,469,1221,100,2272,6751,66247,4378,87,332,74,476,1526,126,2621,6999,74616,4378,87,332,74,476,1526,126,2621,6999,74616
Greater Manchester,greater-manchester,2021/22,1,3950,94,333,79,307,1539,109,2461,6411,79535,3950,94,333,79,307,1539,109,2461,6411,79535,4640,111,308,79,303,1651,127,2579,7219,87131,4640,111,308,79,303,1651,127,2579,7219,87131
Greater Manchester,greater-manchester,2021/22,2,4076,78,296,66,270,1266,110,2086,6162,83392,4076,78,296,66,270,1266,110,2086,6162,83392,4944,81,334,66,278,1275,142,2176,7120,89584,4944,81,334,66,278,1275,142,2176,7120,89584
Greater Manchester,greater-manchester,2021/22,3,4858,100,346,58,321,1226,222,2273,7131,93148,4858,100,346,58,321,1226,222,2273,7131,93148,5326,114,355,56,314,1218,230,2287,7613,89180,5326,114,355,56,314,1218,230,2287,7613,89180
Greater Manchester,greater-manchester,2021/22,4,5700,118,369,51,252,1135,246,2171,7871,87569,5700,118,369,51,252,1135,246,2171,7871,87569,5798,144,339,39,234,1279,260,2295,8093,85170,5798,144,339,39,234,1279,260,2295,8093,85170
Greater Manchester,greater-manchester,2022/23,1,6066,149,311,4,85,1105,209,1863,7929,91815,6066,149,311,4,85,1105,209,1863,7929,91815,6385,152,381,3,81,1238,222,2077,8462,94929,6385,152,381,3,81,1238,222,2077,8462,94929
Greater Manchester,greater-manchester,2022/23,2,6647,137,469,0,63,1264,199,2132,8779,103713,6647,137,469,0,63,1264,199,2132,8779,103713,6466,119,492,0,60,1288,183,2142,8608,95837,6466,119,492,0,60,1288,183,2142,8608,95837
Greater Manchester,greater-manchester,2022/23,3,6766,132,564,1,56,1251,233,2237,9003,92529,6766,132,564,1,56,1251,233,2237,9003,92529,6488,141,598,1,56,1387,237,2420,8908,90125,6488,141,598,1,56,1387,237,2420,8908,90125
Greater Manchester,greater-manchester,2022/23,4,7067,119,614,1,56,1243,308,2341,9408,90258,7067,119,614,1,56,1243,308,2341,9408,90258,6451,98,627,0,55,1442,384,2606,9057,90323,6451,98,627,0,55,1442,384,2606,9057,90323
Greater Manchester,greater-manchester,2023/24,1,7099,102,621,1,79,1258,371,2432,9531,94663,7099,102,621,1,79,1258,371,2432,9531,94663,6706,116,651,1,71,1472,343,2654,9360,92632,6706,116,651,1,71,1472,343,2654,9360,92632
Greater Manchester,greater-manchester,2023/24,2,7068,114,656,0,103,1117,282,2272,9340,84322,7068,114,656,0,103,1117,282,2272,9340,84322,6970,110,707,0,97,1483,233,2630,9600,86663,6970,110,707,0,97,1483,233,2630,9600,86663
Greater Manchester,greater-manchester,2023/24,3,6738,88,622,0,32,1144,236,2122,8860,83427,6738,88,622,0,32,1144,236,2122,8860,83427,6725,88,686,0,30,1482,321,2607,9332,83223,6725,88,686,0,30,1482,321,2607,9332,83223
Greater Manchester,greater-manchester,2023/24,4,6692,116,763,1,0,2688,311,3879,10571,80543,6692,116,763,1,0,2688,311,3879,10571,80543,6484,74,701,0,0,1727,346,2848,9332,78470,6484,74,701,0,0,1727,346,2848,9332,78470
Greater Manchester,greater-manchester,2024/25,1,6880,98,658,1,1,1978,339,3075,9955,77227,6880,98,658,1,1,1978,339,3075,9955,77227,7428,133,709,0,0,1864,421,3127,10555,83362,7428,133,709,0,0,1864,421,3127,10555,83362
Greater Manchester,greater-manchester,2024/25,2,7631,91,698,0,0,2047,362,3198,10829,82792,7631,91,698,0,0,2047,362,3198,10829,82792,7312,85,721,0,0,1760,434,3000,10312,81106,7312,85,721,0,0,1760,434,3000,10312,81106
Greater Manchester,greater-manchester,2024/25,3,7341,115,778,0,0,2134,452,3479,10820,80701,7341,115,778,0,0,2134,452,3479,10820,80701,7062,66,797,0,0,2086,554,3503,10565,77751,7062,66,797,0,0,2086,554,3503,10565,77751
Greater Manchester,greater-manchester,2024/25,4,7450,82,901,0,0,2716,590,4289,11739,73099,7450,82,901,0,0,2716,590,4289,11739,73099,7052,88,830,0,0,2658,627,4203,11255,73150,7052,88,830,0,0,2658,627,4203,11255,73150
Greater Manchester,greater-manchester,2025/26,1,8215,80,877,0,0,3286,591,4834,13049,81185,8215,80,877,0,0,3286,591,4834,13049,81185,7604,85,984,0,0,3159,579,4807,12411,80035,7604,85,984,0,0,3159,579,4807,12411,80035
Greater Manchester,greater-manchester,2025/26,2,8330,76,1054,0,0,3764,523,5417,13747,83384,8330,76,1054,0,0,3764,523,5417,13747,83384,7448,64,959,0,0,3562,341,4926,12374,78023,7448,64,959,0,0,3562,341,4926,12374,78023
Greater Manchester,greater-manchester,2025/26,3,8609,70,1062,0,0,3930,506,5568,14177,80185,8609,70,1062,0,0,3930,506,5568,14177,80185,7173,74,930,0,0,3721,385,5110,12283,72760,7173,74,930,0,0,3721,385,5110,12283,72760
Greater Manchester,greater-manchester,2025/26,4,8724,110,1106,0,0,3622,419,5257,13981,77116,8724,110,1106,0,0,3622,419,5257,13981,77116,6453,41,894,0,0,3299,344,4578,11031,67950,6453,41,894,0,0,3299,344,4578,11031,67950
Gwent,gwent,2014/15,1,1725,58,471,60,44,113,0,746,2471,8234,1724,58,471,60,44,113,0,746,2470,8233,1415,78,432,161,53,150,0,874,2289,8999,1415,78,432,161,53,150,0,874,2289,8999
Gwent,gwent,2014/15,2,1633,82,433,111,33,150,0,809,2442,10093,1632,82,433,111,33,150,0,809,2441,10091,1650,86,420,183,76,142,0,907,2557,9421,1650,86,420,183,76,142,0,907,2557,9421
Gwent,gwent,2014/15,3,1751,78,392,219,134,180,0,1003,2754,9551,1751,78,392,219,134,180,0,1003,2754,9551,1760,64,396,204,79,188,0,931,2691,9622,1760,64,396,204,79,188,0,931,2691,9622
Gwent,gwent,2014/15,4,1561,74,353,367,80,189,0,1063,2624,9267,1561,74,353,367,80,189,0,1063,2624,9267,1493,61,333,163,70,164,0,791,2284,8215,1493,61,333,163,70,164,0,791,2284,8215
Gwent,gwent,2015/16,1,1535,57,361,493,60,193,0,1164,2699,8956,1535,57,361,493,60,193,0,1164,2699,8956,1732,70,349,135,68,224,0,846,2578,9595,1732,70,349,135,68,224,0,846,2578,9595
Gwent,gwent,2015/16,2,1630,60,356,169,81,207,0,873,2503,9940,1630,60,356,169,81,207,0,873,2503,9940,1581,62,354,115,75,214,0,820,2401,9742,1581,62,354,115,75,214,0,820,2401,9742
Gwent,gwent,2015/16,3,1391,58,320,243,73,209,0,903,2294,9513,1391,58,320,243,73,209,0,903,2294,9513,1307,54,318,157,67,201,0,797,2104,9315,1307,54,318,157,67,201,0,797,2104,9315
Gwent,gwent,2015/16,4,1259,86,302,150,59,205,0,802,2061,8624,1259,86,302,150,59,205,0,802,2061,8624,1242,71,289,137,65,198,0,760,2002,8893,1242,71,289,137,65,198,0,760,2002,8893
Gwent,gwent,2016/17,1,1196,26,248,105,49,194,0,622,1818,9080,1196,26,248,105,49,194,0,622,1818,9080,1287,54,276,108,48,194,0,680,1967,9650,1287,54,276,108,48,194,0,680,1967,9650
Gwent,gwent,2016/17,2,1137,51,285,96,31,172,0,635,1772,9511,1137,51,285,96,31,172,0,635,1772,9511,1274,43,318,107,31,200,0,699,1973,10355,1274,43,318,107,31,200,0,699,1973,10355
Gwent,gwent,2016/17,3,1216,52,259,99,35,153,0,598,1814,9436,1216,52,259,99,35,153,0,598,1814,9436,1360,46,291,118,37,188,0,680,2040,10009,1360,46,291,118,37,188,0,680,2040,10009
Gwent,gwent,2016/17,4,1540,53,355,131,54,240,0,833,2373,11235,1540,53,355,131,54,240,0,833,2373,11235,1394,60,301,112,46,180,0,699,2093,10197,1394,60,301,112,46,180,0,699,2093,10197
Gwent,gwent,2017/18,1,1334,57,259,86,44,154,0,600,1934,9957,1334,57,259,86,44,154,0,600,1934,9957,1504,60,268,85,49,126,0,588,2092,11195,1504,60,268,85,49,126,0,588,2092,11195
Gwent,gwent,2017/18,2,1276,59,286,95,42,139,0,621,1897,11192,1276,59,286,95,42,139,0,621,1897,11192,1268,56,287,105,48,145,0,641,1909,11236,1268,56,287,105,48,145,0,641,1909,11236
Gwent,gwent,2017/18,3,1139,62,210,96,43,135,0,546,1685,11840,1139,62,210,96,43,135,0,546,1685,11839,1189,46,222,96,53,163,0,580,1769,11828,1189,46,222,96,53,163,0,580,1769,11828
Gwent,gwent,2017/18,4,1217,43,267,96,62,183,0,651,1868,12910,1217,43,267,96,62,183,0,651,1868,12910,1147,35,271,81,49,151,0,587,1734,12365,1147,35,271,81,49,151,0,587,1734,12365
Gwent,gwent,2018/19,1,1108,32,269,70,38,151,0,560,1668,12904,1108,32,269,70,38,151,0,560,1668,12904,1356,19,288,72,43,181,0,603,1959,14709,1356,19,288,72,43,181,0,603,1959,14709
Gwent,gwent,2018/19,2,1138,22,236,75,53,179,0,565,1703,13546,1138,22,236,75,53,179,0,565,1703,13546,1285,19,233,92,67,189,1,601,1886,14940,1285,19,233,92,67,189,1,601,1886,14940
Gwent,gwent,2018/19,3,1253,16,230,91,73,181,0,591,1844,15085,1253,16,230,91,73,181,0,591,1844,15085,1280,10,207,77,68,183,3,548,1828,14305,1280,10,207,77,68,183,3,548,1828,14305
Gwent,gwent,2018/19,4,1010,16,170,62,67,136,0,451,1461,12897,1010,16,170,62,67,136,0,451,1461,12897,1167,31,187,67,69,179,4,537,1704,14239,1167,31,187,67,69,179,4,537,1704,14239
Gwent,gwent,2019/20,1,1092,20,166,52,66,145,0,449,1541,13549,1092,20,166,52,66,145,0,449,1541,13549,1102,21,206,66,65,162,18,538,1640,14435,1102,21,206,66,65,162,18,538,1640,14435
Gwent,gwent,2019/20,2,1298,17,231,65,64,176,33,586,1884,16413,1298,17,231,65,64,176,33,586,1884,16413,1105,18,197,55,65,130,56,521,1626,14686,1105,18,197,55,65,130,56,521,1626,14686
Gwent,gwent,2019/20,3,958,14,142,70,59,122,59,466,1424,13275,958,14,142,70,59,122,59,466,1424,13275,1119,20,133,77,58,141,62,491,1610,13798,1119,20,133,77,58,141,62,491,1610,13798
Gwent,gwent,2019/20,4,1338,20,186,65,87,114,47,519,1857,12022,1338,20,186,65,87,114,47,519,1857,12022,1129,23,143,48,77,137,59,487,1616,13214,1129,23,143,48,77,137,59,487,1616,13214
Gwent,gwent,2020/21,1,1579,28,162,75,106,199,82,652,2231,13949,1579,28,162,75,106,199,82,652,2231,13949,1330,10,154,80,109,264,62,679,2009,12278,1330,10,154,80,109,264,62,679,2009,12278
Gwent,gwent,2020/21,2,1174,12,165,73,74,292,13,629,1803,10768,1174,12,165,73,74,292,13,629,1803,10768,1164,16,181,85,74,374,50,780,1944,12910,1164,16,181,85,74,374,50,780,1944,12910
Gwent,gwent,2020/21,3,1083,18,158,74,94,363,52,759,1842,14926,1083,18,158,74,94,363,52,759,1842,14926,1094,40,160,73,109,354,35,771,1865,11462,1094,40,160,73,109,354,35,771,1865,11462
Gwent,gwent,2020/21,4,1024,25,150,66,107,271,58,677,1701,11991,1024,25,150,66,107,271,58,677,1701,11991,931,13,135,59,105,279,43,634,1565,10951,931,13,135,59,105,279,43,634,1565,10951
Gwent,gwent,2021/22,1,880,7,127,53,103,194,46,530,1410,11361,880,7,127,53,103,194,46,530,1410,11361,1000,13,136,54,99,337,71,710,1710,12853,1000,13,136,54,99,337,71,710,1710,12853
Gwent,gwent,2021/22,2,1112,19,130,48,50,274,34,555,1667,11260,1112,19,130,48,50,274,34,555,1667,11260,1024,15,121,44,43,287,27,537,1561,13010,1024,15,121,44,43,287,27,537,1561,13010
Gwent,gwent,2021/22,3,841,7,53,18,25,293,21,417,1258,9530,841,7,53,18,25,293,21,417,1258,9530,1005,12,126,5,16,293,48,500,1505,13416,1005,12,126,5,16,293,48,500,1505,13416
Gwent,gwent,2021/22,4,1141,27,128,16,11,429,69,680,1821,10111,1141,27,128,16,11,429,69,680,1821,10111,978,23,118,1,0,276,60,478,1456,13723,978,23,118,1,0,276,60,478,1456,13723
Gwent,gwent,2022/23,1,811,17,61,0,1,142,36,257,1068,15645,811,17,61,0,1,142,36,257,1068,15645,962,13,119,0,1,341,42,516,1478,14636,962,13,119,0,1,341,42,516,1478,14636
Gwent,gwent,2022/23,2,1019,15,187,2,2,348,62,616,1635,17928,1019,15,187,2,2,348,62,616,1635,17928,1025,20,155,0,1,287,38,501,1526,15136,1025,20,155,0,1,287,38,501,1526,15136
Gwent,gwent,2022/23,3,941,18,155,1,2,395,58,629,1570,14578,941,18,155,1,2,395,58,629,1570,14578,1127,15,121,0,2,272,41,451,1578,14030,1127,15,121,0,2,272,41,451,1578,14030
Gwent,gwent,2022/23,4,1076,21,118,0,0,360,27,526,1602,14745,1076,21,118,0,0,360,27,526,1602,14745,1091,24,96,0,0,431,33,584,1675,14031,1091,24,96,0,0,431,33,584,1675,14031
Gwent,gwent,2023/24,1,1065,17,101,1,0,455,38,612,1677,14198,1065,17,101,1,0,455,38,612,1677,14198,1149,19,120,0,0,510,39,688,1837,15057,1149,19,120,0,0,510,39,688,1837,15057
Gwent,gwent,2023/24,2,1103,9,104,0,0,601,48,762,1865,15054,1103,9,104,0,0,601,48,762,1865,15054,1147,15,75,0,0,612,81,783,1930,13959,1147,15,75,0,0,612,81,783,1930,13959
Gwent,gwent,2023/24,3,1268,44,75,0,0,607,77,803,2071,14965,1268,44,75,0,0,607,77,803,2071,14965,1124,10,84,0,0,571,86,751,1875,13496,1124,10,84,0,0,571,86,751,1875,13496
Gwent,gwent,2023/24,4,1220,6,68,0,0,619,26,719,1939,12752,1220,6,68,0,0,619,26,719,1939,12752,1029,11,43,0,0,584,46,684,1713,13285,1029,11,43,0,0,584,46,684,1713,13285
Gwent,gwent,2024/25,1,1288,6,43,0,0,582,23,654,1942,12982,1288,6,43,0,0,582,23,654,1942,12982,1253,6,66,0,0,616,64,752,2005,14855,1253,6,66,0,0,616,64,752,2005,14855
Gwent,gwent,2024/25,2,1239,2,54,0,0,653,14,723,1962,12608,1239,2,54,0,0,653,14,723,1962,12608,1230,15,75,0,0,606,66,762,1992,15003,1230,15,75,0,0,606,66,762,1992,15003
Gwent,gwent,2024/25,3,925,17,44,0,0,535,83,679,1604,16340,925,17,44,0,0,535,83,679,1604,16340,937,19,63,0,0,457,102,641,1578,13798,937,19,63,0,0,457,102,641,1578,13798
Gwent,gwent,2024/25,4,1370,20,80,0,0,500,100,700,2070,16139,1370,20,80,0,0,500,100,700,2070,16139,1083,7,56,0,0,404,107,574,1657,13158,1083,7,56,0,0,404,107,574,1657,13158
Gwent,gwent,2025/26,1,1149,16,66,0,0,413,75,570,1719,13953,1149,16,66,0,0,413,75,570,1719,13953,1061,4,60,0,0,486,68,618,1679,13527,1061,4,60,0,0,486,68,618,1679,13527
Gwent,gwent,2025/26,2,1038,3,86,0,0,584,114,787,1825,11659,1038,3,86,0,0,584,114,787,1825,11659,1066,0,75,0,0,458,72,605,1671,13763,1066,0,75,0,0,458,72,605,1671,13763
Gwent,gwent,2025/26,3,1139,3,83,0,0,436,82,604,1743,14287,1139,3,83,0,0,436,82,604,1743,14287,957,13,49,0,0,438,35,535,1492,12309,957,13,49,0,0,438,35,535,1492,12309
Gwent,gwent,2025/26,4,1271,14,80,0,0,498,113,705,1976,15096,1271,14,80,0,0,498,113,705,1976,15096,871,1,15,0,0,430,13,459,1330,10292,871,1,15,0,0,430,13,459,1330,10292
Hampshire,hampshire,2014/15,1,4078,165,740,241,429,1219,0,2794,6872,24863,4078,165,740,241,429,1219,0,2794,6872,24863,4819,186,856,256,460,1322,0,3080,7899,24696,4819,186,856,256,460,1322,0,3080,7899,24696
Hampshire,hampshire,2014/15,2,3894,157,720,221,411,1158,0,2667,6561,23296,3894,157,720,221,411,1158,0,2667,6561,23296,4592,204,808,233,440,1238,0,2923,7515,26053,4592,204,808,233,440,1238,0,2923,7515,26053
Hampshire,hampshire,2014/15,3,4887,209,853,193,391,1140,0,2786,7673,29711,4887,209,853,193,391,1140,0,2786,7673,29711,4296,174,779,188,348,1011,0,2500,6796,27337,4296,174,779,188,348,1011,0,2500,6796,27337
Hampshire,hampshire,2014/15,4,4286,178,731,198,324,920,0,2351,6637,29354,4286,178,731,198,324,920,0,2351,6637,29354,3924,164,690,175,316,851,0,2196,6120,28773,3924,164,690,175,316,851,0,2196,6120,28773
Hampshire,hampshire,2015/16,1,4310,143,622,154,247,899,0,2065,6375,31577,4310,143,622,154,247,899,0,2065,6375,31577,4145,160,707,145,291,899,0,2202,6347,33837,4145,160,707,145,291,899,0,2202,6347,33837
Hampshire,hampshire,2015/16,2,4381,165,958,155,434,898,0,2610,6991,32840,4381,165,958,155,434,898,0,2610,6991,32840,3953,154,792,151,372,803,0,2272,6225,33184,3953,154,792,151,372,803,0,2272,6225,33184
Hampshire,hampshire,2015/16,3,3594,194,648,145,274,683,0,1944,5538,36674,3594,194,648,145,274,683,0,1944,5538,36674,3506,194,654,148,259,578,0,1833,5339,32243,3506,194,654,148,259,578,0,1833,5339,32243
Hampshire,hampshire,2015/16,4,3510,180,577,151,290,479,0,1677,5187,32439,3510,180,577,151,290,479,0,1677,5187,32439,3160,186,532,141,288,455,0,1602,4762,31236,3160,186,532,141,288,455,0,1602,4762,31236
Hampshire,hampshire,2016/17,1,3045,162,530,107,252,457,0,1508,4553,28036,3045,162,530,107,252,457,0,1508,4553,28036,3261,129,502,106,243,474,0,1454,4715,32590,3261,129,502,106,243,474,0,1454,4715,32590
Hampshire,hampshire,2016/17,2,3369,96,518,99,253,424,0,1390,4759,34085,3369,96,518,99,253,424,0,1390,4759,34085,3501,88,554,100,246,400,0,1388,4889,36554,3501,88,554,100,246,400,0,1388,4889,36554
Hampshire,hampshire,2016/17,3,3380,86,480,85,239,406,0,1296,4676,36438,3380,86,480,85,239,406,0,1296,4676,36438,3485,126,447,77,243,403,0,1296,4781,37238,3485,126,447,77,243,403,0,1296,4781,37238
Hampshire,hampshire,2016/17,4,3550,125,480,81,203,436,0,1325,4875,34170,3550,125,480,81,203,436,0,1325,4875,34170,3691,125,462,85,202,570,0,1444,5135,36830,3691,125,462,85,202,570,0,1444,5135,36830
Hampshire,hampshire,2017/18,1,3485,135,457,90,196,812,0,1690,5175,33349,3485,135,457,90,196,812,0,1690,5175,33349,3824,146,498,94,207,974,0,1919,5743,39905,3824,146,498,94,207,974,0,1919,5743,39905
Hampshire,hampshire,2017/18,2,3811,121,520,85,217,1157,0,2100,5911,36358,3811,121,520,85,217,1157,0,2100,5911,36358,4200,143,562,87,227,1143,0,2162,6362,40219,4200,143,562,87,227,1143,0,2162,6362,40219
Hampshire,hampshire,2017/18,3,4080,175,549,103,256,1190,0,2273,6353,44062,4080,175,549,103,256,1190,0,2273,6353,44062,3988,140,520,100,240,1151,0,2151,6139,39303,3988,140,520,100,240,1151,0,2151,6139,39303
Hampshire,hampshire,2017/18,4,3958,123,522,99,252,1116,0,2112,6070,46488,3958,123,522,99,252,1116,0,2112,6070,46488,3594,143,478,95,243,1152,0,2111,5705,38049,3594,143,478,95,243,1152,0,2111,5705,38049
Hampshire,hampshire,2018/19,1,3513,145,459,33,109,1275,0,2021,5534,39341,3513,145,459,33,109,1275,0,2021,5534,39341,3820,130,496,25,87,1326,0,2064,5884,40752,3820,130,496,25,87,1326,0,2064,5884,40752
Hampshire,hampshire,2018/19,2,3578,116,450,3,4,1330,0,1903,5481,39354,3578,116,450,3,4,1330,0,1903,5481,39354,3923,130,500,0,1,1393,0,2024,5947,40783,3923,130,500,0,1,1393,0,2024,5947,40783
Hampshire,hampshire,2018/19,3,3950,134,513,4,3,1538,0,2192,6142,40444,3950,134,513,4,3,1538,0,2192,6142,40444,3579,129,516,1,2,1439,0,2087,5666,38110,3579,129,516,1,2,1439,0,2087,5666,38110
Hampshire,hampshire,2018/19,4,3611,116,478,2,2,1301,0,1899,5510,38561,3611,116,478,2,2,1301,0,1899,5510,38561,3581,128,460,1,2,1395,0,1986,5567,37177,3581,128,460,1,2,1395,0,1986,5567,37177
Hampshire,hampshire,2019/20,1,3118,127,434,0,3,1495,0,2059,5177,33060,3118,127,434,0,3,1495,0,2059,5177,33060,3325,143,475,0,0,1563,0,2181,5506,38977,3325,143,475,0,0,1563,0,2181,5506,38977
Hampshire,hampshire,2019/20,2,3535,136,448,0,0,1494,0,2078,5613,39146,3535,136,448,0,0,1494,0,2078,5613,39146,3444,129,457,1,0,1514,0,2101,5545,41866,3444,129,457,1,0,1514,0,2101,5545,41866
Hampshire,hampshire,2019/20,3,3461,121,543,0,0,1474,0,2138,5599,48501,3461,121,543,0,0,1474,0,2138,5599,48501,3311,124,536,0,0,1425,2,2087,5398,40953,3311,124,536,0,0,1425,2,2087,5398,40953
Hampshire,hampshire,2019/20,4,3360,148,570,0,0,1535,0,2253,5613,36053,3360,148,570,0,0,1535,0,2253,5613,36053,2967,113,539,0,0,1415,1,2068,5035,36463,2967,113,539,0,0,1415,1,2068,5035,36463
Hampshire,hampshire,2020/21,1,3018,107,422,1,0,1493,0,2023,5041,27379,3018,107,422,1,0,1493,0,2023,5041,27379,2867,90,449,1,0,1442,2,1984,4851,31849,2867,90,449,1,0,1442,2,1984,4851,31849
Hampshire,hampshire,2020/21,2,2887,115,472,0,0,1457,0,2044,4931,31820,2887,115,472,0,0,1457,0,2044,4931,31820,3338,154,513,0,0,1550,6,2223,5561,38906,3338,154,513,0,0,1550,6,2223,5561,38906
Hampshire,hampshire,2020/21,3,2911,109,455,0,0,1576,3,2143,5054,37445,2911,109,455,0,0,1576,3,2143,5054,37445,2448,107,411,0,0,1558,25,2101,4549,32035,2448,107,411,0,0,1558,25,2101,4549,32035
Hampshire,hampshire,2020/21,4,2289,121,415,1,0,1515,36,2088,4377,37373,2289,121,415,1,0,1515,36,2088,4377,37373,2316,128,382,1,0,1564,69,2144,4460,32845,2316,128,382,1,0,1564,69,2144,4460,32845
Hampshire,hampshire,2021/22,1,2199,101,459,0,0,1761,64,2385,4584,32503,2199,101,459,0,0,1761,64,2385,4584,32503,2510,131,515,0,0,1994,87,2727,5237,40778,2510,131,515,0,0,1994,87,2727,5237,40778
Hampshire,hampshire,2021/22,2,2319,133,571,0,0,2123,73,2900,5219,30103,2319,133,571,0,0,2123,73,2900,5219,30103,2638,143,570,1,0,2113,60,2887,5525,42684,2638,143,570,1,0,2113,60,2887,5525,42684
Hampshire,hampshire,2021/22,3,2410,142,482,0,0,2184,51,2859,5269,34984,2410,142,482,0,0,2184,51,2859,5269,34984,2562,86,519,0,0,2205,68,2878,5440,44076,2562,86,519,0,0,2205,68,2878,5440,44076
Hampshire,hampshire,2021/22,4,2450,108,503,0,0,2145,32,2788,5238,49581,2450,108,503,0,0,2145,32,2788,5238,49581,2543,113,499,0,0,2134,88,2834,5377,41788,2543,113,499,0,0,2134,88,2834,5377,41788
Hampshire,hampshire,2022/23,1,2516,110,533,0,0,2292,43,2978,5494,53687,2516,110,533,0,0,2292,43,2978,5494,53687,2496,100,493,0,0,2327,99,3019,5515,43765,2496,100,493,0,0,2327,99,3019,5515,43765
Hampshire,hampshire,2022/23,2,2441,102,462,1,0,2115,61,2741,5182,47752,2441,102,462,1,0,2115,61,2741,5182,47752,2784,98,514,0,0,2099,106,2817,5601,44977,2784,98,514,0,0,2099,106,2817,5601,44977
Hampshire,hampshire,2022/23,3,2782,95,474,0,0,2050,89,2708,5490,46786,2782,95,474,0,0,2050,89,2708,5490,46786,2622,86,454,0,0,1992,132,2664,5286,42495,2622,86,454,0,0,1992,132,2664,5286,42495
Hampshire,hampshire,2022/23,4,2798,90,512,1,0,2099,92,2794,5592,42055,2798,90,512,1,0,2099,92,2794,5592,42055,2855,58,452,0,0,2228,130,2868,5723,41765,2855,58,452,0,0,2228,130,2868,5723,41765
Hampshire,hampshire,2023/24,1,2862,67,450,0,0,2261,102,2880,5742,40305,2862,67,450,0,0,2261,102,2880,5742,40305,2944,104,467,0,0,2315,186,3072,6016,42123,2944,104,467,0,0,2315,186,3072,6016,42123
Hampshire,hampshire,2023/24,2,3170,86,464,0,0,2311,67,2928,6098,38166,3170,86,464,0,0,2311,67,2928,6098,38166,3409,59,450,0,0,2276,166,2951,6360,41031,3409,59,450,0,0,2276,166,2951,6360,41031
Hampshire,hampshire,2023/24,3,3452,50,443,0,0,2138,199,2830,6282,40476,3452,50,443,0,0,2138,199,2830,6282,40476,3281,75,480,0,0,2187,114,2856,6137,37778,3281,75,480,0,0,2187,114,2856,6137,37778
Hampshire,hampshire,2023/24,4,2919,76,384,0,0,1920,249,2629,5548,42776,2919,76,384,0,0,1920,249,2629,5548,42776,3333,53,443,0,0,2067,165,2728,6061,37454,3333,53,443,0,0,2067,165,2728,6061,37454
Hampshire,hampshire,2024/25,1,3514,74,491,0,0,2188,183,2936,6450,36675,3514,74,491,0,0,2188,183,2936,6450,36675,3430,52,466,0,0,2159,184,2861,6291,38673,3430,52,466,0,0,2159,184,2861,6291,38673
Hampshire,hampshire,2024/25,2,3427,48,461,0,0,1992,161,2662,6089,41395,3427,48,461,0,0,1992,161,2662,6089,41395,3529,55,434,1,0,2021,157,2668,6197,40144,3529,55,434,1,0,2021,157,2668,6197,40144
Hampshire,hampshire,2024/25,3,4437,69,518,1,0,2532,184,3304,7741,41993,4437,69,518,1,0,2532,184,3304,7741,41993,3530,59,451,0,0,2084,184,2778,6308,37452,3530,59,451,0,0,2084,184,2778,6308,37452
Hampshire,hampshire,2024/25,4,3643,53,400,0,0,1988,151,2592,6235,36702,3643,53,400,0,0,1988,151,2592,6235,36702,3368,45,370,0,0,2042,205,2662,6030,36123,3368,45,370,0,0,2042,205,2662,6030,36123
Hampshire,hampshire,2025/26,1,3594,46,398,0,0,2440,153,3037,6631,39248,3594,46,398,0,0,2440,153,3037,6631,39248,3312,51,384,0,0,2428,133,2996,6308,38151,3312,51,384,0,0,2428,133,2996,6308,38151
Hampshire,hampshire,2025/26,2,3501,50,471,0,0,2316,183,3020,6521,40423,3501,50,471,0,0,2316,183,3020,6521,40423,3321,68,441,0,0,2258,77,2844,6165,38687,3321,68,441,0,0,2258,77,2844,6165,38687
Hampshire,hampshire,2025/26,3,3624,78,416,0,0,2270,173,2937,6561,38195,3624,78,416,0,0,2270,173,2937,6561,38195,3101,52,373,0,0,2113,44,2582,5683,34533,3101,52,373,0,0,2113,44,2582,5683,34533
Hampshire,hampshire,2025/26,4,4106,59,514,0,1,2129,120,2823,6929,36528,4106,59,514,0,1,2129,120,2823,6929,36528,2722,20,395,0,1,1981,35,2432,5154,30864,2722,20,395,0,1,1981,35,2432,5154,30864
Hertfordshire,hertfordshire,2014/15,1,2554,1,757,381,385,211,0,1735,4289,4509,2550,1,756,381,385,211,0,1734,4284,4504,0,0,0,0,0,0,0,0,0,0,0,0,0,0,0,0,0,0,0,0
Hertfordshire,hertfordshire,2014/15,2,2717,68,744,330,343,241,0,1726,4443,13938,2715,68,743,330,343,241,0,1725,4440,13935,2462,74,696,270,310,250,0,1600,4062,14067,2462,74,696,270,310,250,0,1600,4062,14067
Hertfordshire,hertfordshire,2014/15,3,3474,81,724,277,286,176,0,1544,5018,14921,3471,81,724,277,286,176,0,1544,5015,14916,3619,131,1023,381,447,219,0,2201,5820,16179,3619,131,1023,381,447,219,0,2201,5820,16179
Hertfordshire,hertfordshire,2014/15,4,2825,63,926,356,331,172,0,1848,4673,15035,2824,63,926,356,331,172,0,1848,4672,15030,3225,88,938,338,375,201,0,1940,5165,16559,3225,88,938,338,375,201,0,1940,5165,16559
Hertfordshire,hertfordshire,2015/16,1,1197,25,413,166,175,89,0,868,2065,8604,1197,25,413,166,175,89,0,868,2065,8604,2622,90,702,250,208,202,0,1452,4074,15540,2622,90,702,250,208,202,0,1452,4074,15540
Hertfordshire,hertfordshire,2015/16,2,2052,53,610,229,222,179,0,1293,3345,14117,2052,53,610,229,222,179,0,1293,3345,14117,2506,56,634,231,286,195,0,1402,3908,15673,2506,56,634,231,286,195,0,1402,3908,15673
Hertfordshire,hertfordshire,2015/16,3,3123,76,786,305,370,235,0,1772,4895,17620,3123,76,786,305,370,235,0,1772,4895,17620,2461,53,673,261,309,212,0,1508,3969,16152,2461,53,673,261,309,212,0,1508,3969,16152
Hertfordshire,hertfordshire,2015/16,4,2258,62,697,254,305,204,0,1522,3780,15393,2258,62,697,254,305,204,0,1522,3780,15393,2388,77,702,247,310,198,0,1534,3922,15961,2388,77,702,247,310,198,0,1534,3922,15961
Hertfordshire,hertfordshire,2016/17,1,2116,57,641,236,271,192,0,1397,3513,14801,2116,57,641,236,271,192,0,1397,3513,14801,2452,66,714,257,280,240,0,1557,4009,16724,2452,66,714,257,280,240,0,1557,4009,16724
Hertfordshire,hertfordshire,2016/17,2,2464,79,656,194,244,230,0,1403,3867,15689,2464,79,656,194,244,230,0,1403,3867,15689,2654,73,679,180,223,220,0,1375,4029,17763,2654,73,679,180,223,220,0,1375,4029,17763
Hertfordshire,hertfordshire,2016/17,3,2363,73,651,169,236,229,0,1358,3721,19580,2363,73,651,169,236,229,0,1358,3721,19580,2415,72,615,164,256,378,0,1485,3900,18951,2415,72,615,164,256,378,0,1485,3900,18951
Hertfordshire,hertfordshire,2016/17,4,2560,63,453,125,244,300,0,1185,3745,17794,2560,63,453,125,244,300,0,1185,3745,17794,2670,55,468,112,237,421,0,1293,3963,19178,2670,55,468,112,237,421,0,1293,3963,19178
Hertfordshire,hertfordshire,2017/18,1,1811,42,382,89,209,243,0,965,2776,14414,1811,42,382,89,209,243,0,965,2776,14414,2565,66,502,122,226,370,0,1286,3851,20091,2565,66,502,122,226,370,0,1286,3851,20091
Hertfordshire,hertfordshire,2017/18,2,1949,41,405,107,209,256,0,1018,2967,17523,1949,41,405,107,209,256,0,1018,2967,17523,2300,45,449,114,259,351,0,1218,3518,19641,2300,45,449,114,259,351,0,1218,3518,19641
Hertfordshire,hertfordshire,2017/18,3,2849,69,574,141,289,616,0,1689,4538,28177,2849,69,574,141,289,616,0,1689,4538,28177,2149,67,466,108,258,372,0,1271,3420,20128,2149,67,466,108,258,372,0,1271,3420,20128
Hertfordshire,hertfordshire,2017/18,4,2040,59,433,93,267,328,0,1180,3220,20128,2040,59,433,93,267,328,0,1180,3220,20128,2230,34,452,93,256,310,0,1145,3375,18751,2230,34,452,93,256,310,0,1145,3375,18751
Hertfordshire,hertfordshire,2018/19,1,2371,38,490,101,212,357,0,1198,3569,19664,2371,38,490,101,212,357,0,1198,3569,19664,2134,39,436,91,232,338,0,1136,3270,20038,2134,39,436,91,232,338,0,1136,3270,20038
Hertfordshire,hertfordshire,2018/19,2,1978,49,431,65,145,200,0,890,2868,18229,1978,49,431,65,145,200,0,890,2868,18229,2091,53,446,80,200,254,0,1033,3124,20955,2091,53,446,80,200,254,0,1033,3124,20955
Hertfordshire,hertfordshire,2018/19,3,2451,61,515,77,241,336,0,1230,3681,21867,2451,61,515,77,241,336,0,1230,3681,21867,2078,55,421,81,264,259,0,1080,3158,21188,2078,55,421,81,264,259,0,1080,3158,21188
Hertfordshire,hertfordshire,2018/19,4,2674,62,525,91,358,401,0,1437,4111,24185,2674,62,525,91,358,401,0,1437,4111,24185,2109,37,460,69,250,247,0,1063,3172,20522,2109,37,460,69,250,247,0,1063,3172,20522
Hertfordshire,hertfordshire,2019/20,1,1754,35,446,70,191,227,0,969,2723,18733,1754,35,446,70,191,227,0,969,2723,18733,1863,36,429,59,217,211,2,954,2817,18835,1863,36,429,59,217,211,2,954,2817,18835
Hertfordshire,hertfordshire,2019/20,2,1727,30,387,35,245,181,0,878,2605,19094,1727,30,387,35,245,181,0,878,2605,19094,2162,39,404,33,215,241,0,932,3094,21543,2162,39,404,33,215,241,0,932,3094,21543
Hertfordshire,hertfordshire,2019/20,3,1832,46,150,4,38,362,0,600,2432,20433,1832,46,150,4,38,362,0,600,2432,20433,1939,55,136,2,2,646,4,845,2784,20648,1939,55,136,2,2,646,4,845,2784,20648
Hertfordshire,hertfordshire,2019/20,4,1836,31,148,2,7,508,4,700,2536,20837,1836,31,148,2,7,508,4,700,2536,20837,1771,29,156,0,0,528,6,719,2490,19505,1771,29,156,0,0,528,6,719,2490,19505
Hertfordshire,hertfordshire,2020/21,1,942,37,159,3,4,617,6,826,1768,14928,942,37,159,3,4,617,6,826,1768,14928,1757,30,202,2,0,585,13,832,2589,16644,1757,30,202,2,0,585,13,832,2589,16644
Hertfordshire,hertfordshire,2020/21,2,1797,21,209,0,1,504,14,749,2546,18576,1797,21,209,0,1,504,14,749,2546,18576,1856,25,241,0,0,524,19,809,2665,19891,1856,25,241,0,0,524,19,809,2665,19891
Hertfordshire,hertfordshire,2020/21,3,1676,25,247,0,1,503,23,799,2475,19259,1676,25,247,0,1,503,23,799,2475,19259,1504,26,259,0,0,564,23,872,2376,18442,1504,26,259,0,0,564,23,872,2376,18442
Hertfordshire,hertfordshire,2020/21,4,1806,35,268,0,3,637,24,967,2773,17820,1806,35,268,0,3,637,24,967,2773,17820,1367,28,234,0,0,501,28,791,2158,16205,1367,28,234,0,0,501,28,791,2158,16205
Hertfordshire,hertfordshire,2021/22,1,1486,31,236,0,0,456,32,755,2241,16082,1486,31,236,0,0,456,32,755,2241,16082,1337,36,206,0,0,383,30,655,1992,18398,1337,36,206,0,0,383,30,655,1992,18398
Hertfordshire,hertfordshire,2021/22,2,1235,24,199,0,1,390,22,636,1871,18419,1235,24,199,0,1,390,22,636,1871,18419,1393,25,241,0,0,422,9,697,2090,18913,1393,25,241,0,0,422,9,697,2090,18913
Hertfordshire,hertfordshire,2021/22,3,1348,36,247,0,0,410,10,703,2051,17426,1348,36,247,0,0,410,10,703,2051,17426,1452,21,240,0,0,442,15,718,2170,18806,1452,21,240,0,0,442,15,718,2170,18806
Hertfordshire,hertfordshire,2021/22,4,1351,18,224,0,0,452,19,713,2064,19515,1351,18,224,0,0,452,19,713,2064,19515,1466,33,237,0,0,451,18,739,2205,18267,1466,33,237,0,0,451,18,739,2205,18267
Hertfordshire,hertfordshire,2022/23,1,1312,35,212,0,0,450,13,710,2022,17055,1312,35,212,0,0,450,13,710,2022,17055,1485,29,226,0,0,439,18,712,2197,18875,1485,29,226,0,0,439,18,712,2197,18875
Hertfordshire,hertfordshire,2022/23,2,1484,18,236,0,0,445,12,711,2195,18794,1484,18,236,0,0,445,12,711,2195,18794,1440,25,261,0,0,429,14,729,2169,19037,1440,25,261,0,0,429,14,729,2169,19037
Hertfordshire,hertfordshire,2022/23,3,1503,20,249,0,0,415,14,698,2201,20167,1503,20,249,0,0,415,14,698,2201,20167,1466,32,246,0,0,422,19,719,2185,19061,1466,32,246,0,0,422,19,719,2185,19061
Hertfordshire,hertfordshire,2022/23,4,1711,39,235,0,0,430,19,723,2434,20190,1711,39,235,0,0,430,19,723,2434,20190,1560,29,234,0,0,432,15,710,2270,19071,1560,29,234,0,0,432,15,710,2270,19071
Hertfordshire,hertfordshire,2023/24,1,1602,33,249,0,0,407,17,706,2308,19317,1602,33,249,0,0,407,17,706,2308,19317,1557,41,222,0,0,399,14,676,2233,19151,1557,41,222,0,0,399,14,676,2233,19151
Hertfordshire,hertfordshire,2023/24,2,1619,30,245,0,0,392,13,680,2299,19434,1619,30,245,0,0,392,13,680,2299,19434,1524,23,221,0,0,411,10,665,2189,18322,1524,23,221,0,0,411,10,665,2189,18322
Hertfordshire,hertfordshire,2023/24,3,1631,30,234,0,0,461,12,737,2368,19404,1631,30,234,0,0,461,12,737,2368,19404,1500,26,241,0,0,422,15,704,2204,18544,1500,26,241,0,0,422,15,704,2204,18544
Hertfordshire,hertfordshire,2023/24,4,1735,28,233,0,0,443,13,717,2452,18017,1735,28,233,0,0,443,13,717,2452,18017,1564,27,222,0,0,445,24,718,2282,18155,1564,27,222,0,0,445,24,718,2282,18155
Hertfordshire,hertfordshire,2024/25,1,1589,26,220,0,0,451,9,706,2295,17020,1589,26,220,0,0,451,9,706,2295,17020,1661,38,239,0,0,446,82,805,2466,19734,1661,38,239,0,0,446,82,805,2466,19734
Hertfordshire,hertfordshire,2024/25,2,1377,31,188,0,0,432,42,693,2070,18948,1377,31,188,0,0,432,42,693,2070,18948,1566,25,214,0,0,421,69,729,2295,20435,1566,25,214,0,0,421,69,729,2295,20435
Hertfordshire,hertfordshire,2024/25,3,1800,33,262,0,0,513,122,930,2730,22728,1800,33,262,0,0,513,122,930,2730,22728,1555,31,256,0,0,526,88,901,2456,20760,1555,31,256,0,0,526,88,901,2456,20760
Hertfordshire,hertfordshire,2024/25,4,1719,30,300,0,0,553,97,980,2699,22436,1719,30,300,0,0,553,97,980,2699,22436,1675,15,250,0,0,508,81,854,2529,20370,1675,15,250,0,0,508,81,854,2529,20370
Hertfordshire,hertfordshire,2025/26,1,1655,20,229,0,0,523,84,856,2511,20430,1655,20,229,0,0,523,84,856,2511,20430,1511,14,235,0,0,512,94,855,2366,20809,1511,14,235,0,0,512,94,855,2366,20809
Hertfordshire,hertfordshire,2025/26,2,1582,17,281,0,0,588,67,953,2535,22669,1582,17,281,0,0,588,67,953,2535,22669,1384,8,285,0,0,642,82,1017,2401,21239,1384,8,285,0,0,642,82,1017,2401,21239
Hertfordshire,hertfordshire,2025/26,3,1883,8,279,0,0,827,92,1206,3089,22409,1883,8,279,0,0,827,92,1206,3089,22409,1415,8,244,0,0,895,115,1262,2677,19672,1415,8,244,0,0,895,115,1262,2677,19672
Hertfordshire,hertfordshire,2025/26,4,2295,18,342,0,0,1293,148,1801,4096,21472,2295,18,342,0,0,1293,148,1801,4096,21472,1396,14,247,0,0,1088,74,1423,2819,16415,1396,14,247,0,0,1088,74,1423,2819,16415
Humberside,humberside,2014/15,1,2929,58,402,128,124,604,0,1316,4245,16170,2928,58,402,128,124,604,0,1316,4244,16166,3110,66,383,134,130,620,0,1333,4443,16682,3110,66,383,134,130,620,0,1333,4443,16682
Humberside,humberside,2014/15,2,3005,62,327,93,99,520,0,1101,4106,16983,3001,62,327,93,99,520,0,1101,4102,16977,3065,70,329,90,102,504,0,1095,4160,17290,3065,70,329,90,102,504,0,1095,4160,17290
Humberside,humberside,2014/15,3,3104,103,323,93,117,521,0,1157,4261,18202,3080,103,322,93,117,521,0,1156,4236,18175,2990,74,303,87,112,455,0,1031,4021,16752,2990,74,303,87,112,455,0,1031,4021,16752
Humberside,humberside,2014/15,4,2654,55,285,63,62,424,0,889,3543,16039,2653,55,285,63,62,424,0,889,3542,16027,2640,63,286,69,65,430,0,913,3553,15496,2640,63,286,69,65,430,0,913,3553,15496
Humberside,humberside,2015/16,1,2780,58,277,65,85,471,0,956,3736,16747,2780,58,277,65,85,471,0,956,3736,16747,2556,54,283,62,83,451,0,933,3489,16328,2556,54,283,62,83,451,0,933,3489,16328
Humberside,humberside,2015/16,2,2815,61,320,59,54,417,0,911,3726,17146,2815,61,320,59,54,417,0,911,3726,17146,2764,61,311,63,59,413,0,907,3671,17740,2764,61,311,63,59,413,0,907,3671,17740
Humberside,humberside,2015/16,3,2632,72,273,53,66,515,0,979,3611,18677,2632,72,273,53,66,515,0,979,3611,18677,2620,61,272,51,64,484,0,932,3552,17937,2620,61,272,51,64,484,0,932,3552,17937
Humberside,humberside,2015/16,4,2575,43,304,49,58,421,0,875,3450,16947,2575,43,304,49,58,421,0,875,3450,16947,2502,57,287,49,61,431,0,885,3387,16941,2502,57,287,49,61,431,0,885,3387,16941
Humberside,humberside,2016/17,1,2731,51,302,41,55,495,0,944,3675,17739,2731,51,302,41,55,495,0,944,3675,17739,2733,44,296,36,57,554,0,987,3720,17968,2733,44,296,36,57,554,0,987,3720,17968
Humberside,humberside,2016/17,2,2845,56,349,32,46,644,0,1127,3972,18947,2845,56,349,32,46,644,0,1127,3972,18947,2918,43,368,32,49,586,0,1078,3996,19062,2918,43,368,32,49,586,0,1078,3996,19062
Humberside,humberside,2016/17,3,3139,53,416,33,44,548,0,1094,4233,20127,3139,53,416,33,44,548,0,1094,4233,20127,2927,51,413,33,38,512,0,1047,3974,19521,2927,51,413,33,38,512,0,1047,3974,19521
Humberside,humberside,2016/17,4,2976,52,397,32,48,470,0,999,3975,19622,2976,52,397,32,48,470,0,999,3975,19622,2879,58,360,31,44,520,0,1013,3892,19545,2879,58,360,31,44,520,0,1013,3892,19545
Humberside,humberside,2017/18,1,2777,62,314,31,35,546,0,988,3765,19593,2777,62,314,31,35,546,0,988,3765,19593,2334,39,290,26,36,472,0,863,3197,18434,2334,39,290,26,36,472,0,863,3197,18434
Humberside,humberside,2017/18,2,2275,39,306,13,35,349,0,742,3017,20753,2275,39,306,13,35,349,0,742,3017,20753,2630,49,341,15,31,389,0,825,3455,22372,2630,49,341,15,31,389,0,825,3455,22372
Humberside,humberside,2017/18,3,2400,38,275,25,46,388,0,772,3172,21100,2400,38,275,25,46,388,0,772,3172,21100,2722,43,289,22,56,436,0,846,3568,22106,2722,43,289,22,56,436,0,846,3568,22106
Humberside,humberside,2017/18,4,2561,51,281,22,46,415,0,815,3376,20975,2561,51,281,22,46,415,0,815,3376,20975,2679,49,270,22,45,446,1,833,3512,21468,2679,49,270,22,45,446,1,833,3512,21468
Humberside,humberside,2018/19,1,2915,36,229,27,46,501,0,839,3754,24435,2915,36,229,27,46,501,0,839,3754,24435,2975,38,253,31,39,516,0,877,3852,25510,2975,38,253,31,39,516,0,877,3852,25510
Humberside,humberside,2018/19,2,2883,39,254,32,42,577,0,944,3827,26943,2883,39,254,32,42,577,0,944,3827,26943,2878,28,245,30,44,510,1,858,3736,26161,2878,28,245,30,44,510,1,858,3736,26161
Humberside,humberside,2018/19,3,2733,31,264,37,67,459,0,858,3591,25665,2733,31,264,37,67,459,0,858,3591,25665,2741,24,244,39,68,454,3,832,3573,25279,2741,24,244,39,68,454,3,832,3573,25279
Humberside,humberside,2018/19,4,2693,21,256,32,67,459,1,836,3529,24781,2693,21,256,32,67,459,1,836,3529,24781,2810,24,273,29,67,525,30,948,3758,25745,2810,24,273,29,67,525,30,948,3758,25745
Humberside,humberside,2019/20,1,2825,26,252,41,79,533,42,973,3798,26133,2825,26,252,41,79,533,42,973,3798,26133,2809,36,259,40,79,555,72,1041,3850,25910,2809,36,259,40,79,555,72,1041,3850,25910
Humberside,humberside,2019/20,2,2811,37,256,9,76,673,100,1151,3962,26427,2811,37,256,9,76,673,100,1151,3962,26427,2902,24,261,8,78,588,131,1090,3992,26184,2902,24,261,8,78,588,131,1090,3992,26184
Humberside,humberside,2019/20,3,2412,26,290,16,80,493,164,1069,3481,23897,2412,26,290,16,80,493,164,1069,3481,23897,2398,37,287,17,83,499,148,1071,3469,23914,2398,37,287,17,83,499,148,1071,3469,23914
Humberside,humberside,2019/20,4,2454,24,266,3,95,612,161,1161,3615,24260,2454,24,266,3,95,612,161,1161,3615,24260,2376,28,262,2,89,607,136,1124,3500,23538,2376,28,262,2,89,607,136,1124,3500,23538
Humberside,humberside,2020/21,1,2287,32,269,7,154,712,108,1282,3569,20346,2287,32,269,7,154,712,108,1282,3569,20346,2324,17,303,8,166,801,131,1426,3750,19906,2324,17,303,8,166,801,131,1426,3750,19906
Humberside,humberside,2020/21,2,2471,32,304,22,134,1237,133,1862,4333,23302,2471,32,304,22,134,1237,133,1862,4333,23302,2556,26,339,24,127,1350,139,2005,4561,25040,2556,26,339,24,127,1350,139,2005,4561,25040
Humberside,humberside,2020/21,3,2543,9,285,14,138,1355,183,1984,4527,23111,2543,9,285,14,138,1355,183,1984,4527,23111,2335,17,297,18,144,1279,177,1932,4267,21285,2335,17,297,18,144,1279,177,1932,4267,21285
Humberside,humberside,2020/21,4,2208,23,321,16,178,1210,173,1921,4129,19110,2208,23,321,16,178,1210,173,1921,4129,19110,2049,22,253,14,179,1254,166,1888,3937,19047,2049,22,253,14,179,1254,166,1888,3937,19047
Humberside,humberside,2021/22,1,2198,14,314,25,142,1417,196,2108,4306,22410,2198,14,314,25,142,1417,196,2108,4306,22410,2127,34,320,24,145,1368,266,2157,4284,22762,2127,34,320,24,145,1368,266,2157,4284,22762
Humberside,humberside,2021/22,2,1966,27,306,20,124,960,228,1665,3631,22136,1966,27,306,20,124,960,228,1665,3631,22136,1951,34,303,21,117,899,242,1616,3567,22568,1951,34,303,21,117,899,242,1616,3567,22568
Humberside,humberside,2021/22,3,2177,48,336,25,124,717,290,1540,3717,22614,2177,48,336,25,124,717,290,1540,3717,22614,1915,25,313,24,123,785,290,1560,3475,21688,1915,25,313,24,123,785,290,1560,3475,21688
Humberside,humberside,2021/22,4,2369,38,295,17,129,890,305,1674,4043,23249,2369,38,295,17,129,890,305,1674,4043,23249,1852,29,233,17,129,722,240,1370,3222,20331,1852,29,233,17,129,722,240,1370,3222,20331
Humberside,humberside,2022/23,1,1558,16,211,14,84,560,295,1180,2738,19945,1558,16,211,14,84,560,295,1180,2738,19945,1995,28,263,11,110,548,419,1379,3374,23768,1995,28,263,11,110,548,419,1379,3374,23768
Humberside,humberside,2022/23,2,1892,36,236,14,96,401,446,1229,3121,24172,1892,36,236,14,96,401,446,1229,3121,24172,1745,16,254,18,97,407,386,1178,2923,23193,1745,16,254,18,97,407,386,1178,2923,23193
Humberside,humberside,2022/23,3,2189,34,321,27,126,686,472,1666,3855,26162,2189,34,321,27,126,686,472,1666,3855,26162,1403,7,209,30,102,597,217,1162,2565,19663,1403,7,209,30,102,597,217,1162,2565,19663
Humberside,humberside,2022/23,4,2719,30,355,38,65,1082,130,1700,4419,26322,2719,30,355,38,65,1082,130,1700,4419,26322,1854,14,223,28,44,805,42,1156,3010,21557,1854,14,223,28,44,805,42,1156,3010,21557
Humberside,humberside,2023/24,1,2673,9,359,4,4,1684,110,2170,4843,27481,2673,9,359,4,4,1684,110,2170,4843,27481,1850,8,246,0,1,1115,63,1433,3283,22206,1850,8,246,0,1,1115,63,1433,3283,22206
Humberside,humberside,2023/24,2,2447,38,265,1,4,1704,108,2120,4567,25543,2447,38,265,1,4,1704,108,2120,4567,25543,1740,10,156,0,0,1080,61,1307,3047,20796,1740,10,156,0,0,1080,61,1307,3047,20796
Humberside,humberside,2023/24,3,2887,22,290,1,1,1479,109,1902,4789,25695,2887,22,290,1,1,1479,109,1902,4789,25695,2063,4,248,0,1,1239,60,1552,3615,21145,2063,4,248,0,1,1239,60,1552,3615,21145
Humberside,humberside,2023/24,4,2727,14,363,0,0,1607,87,2071,4798,24722,2727,14,363,0,0,1607,87,2071,4798,24722,1934,0,204,0,0,1144,51,1399,3333,19283,1934,0,204,0,0,1144,51,1399,3333,19283
Humberside,humberside,2024/25,1,3006,22,306,0,0,1648,94,2070,5076,25304,3006,22,306,0,0,1648,94,2070,5076,25304,2291,4,193,0,0,1392,53,1642,3933,21224,2291,4,193,0,0,1392,53,1642,3933,21224
Humberside,humberside,2024/25,2,2946,34,250,0,0,1743,75,2102,5048,25268,2946,34,250,0,0,1743,75,2102,5048,25268,2306,10,172,0,0,1344,44,1570,3876,21878,2306,10,172,0,0,1344,44,1570,3876,21878
Humberside,humberside,2024/25,3,2898,22,218,0,0,1505,85,1830,4728,23985,2898,22,218,0,0,1505,85,1830,4728,23985,2083,12,109,0,0,1188,34,1343,3426,19304,2083,12,109,0,0,1188,34,1343,3426,19304
Humberside,humberside,2024/25,4,2770,29,198,0,0,1496,79,1802,4572,22053,2770,29,198,0,0,1496,79,1802,4572,22053,2148,5,114,0,0,1349,61,1529,3677,19381,2148,5,114,0,0,1349,61,1529,3677,19381
Humberside,humberside,2025/26,1,2811,21,189,0,1,1650,78,1939,4750,22619,2811,21,189,0,1,1650,78,1939,4750,22619,2805,31,226,0,1,1638,60,1956,4761,23226,2805,31,226,0,1,1638,60,1956,4761,23226
Humberside,humberside,2025/26,2,2911,31,227,0,0,1492,65,1815,4726,24374,2911,31,227,0,0,1492,65,1815,4726,24374,2800,16,187,0,0,1431,87,1721,4521,23753,2800,16,187,0,0,1431,87,1721,4521,23753
Humberside,humberside,2025/26,3,2809,33,242,0,0,1450,92,1817,4626,24012,2809,33,242,0,0,1450,92,1817,4626,24012,2196,14,185,0,0,1268,74,1541,3737,20414,2196,14,185,0,0,1268,74,1541,3737,20414
Humberside,humberside,2025/26,4,2927,17,186,0,0,1365,101,1669,4596,22605,2927,17,186,0,0,1365,101,1669,4596,22605,1624,2,79,0,0,743,19,843,2467,16353,1624,2,79,0,0,743,19,843,2467,16353
Kent,kent,2014/15,1,4346,218,849,303,176,612,0,2158,6504,29039,4346,218,849,303,176,612,0,2158,6504,29039,4271,231,863,309,173,618,0,2194,6465,28615,4271,231,863,309,173,618,0,2194,6465,28615
Kent,kent,2014/15,2,4043,214,822,295,199,540,0,2070,6113,28622,4041,214,822,295,199,540,0,2070,6111,28617,4170,178,831,281,194,520,0,2004,6174,28443,4170,178,831,281,194,520,0,2004,6174,28443
Kent,kent,2014/15,3,3879,192,603,221,169,536,0,1721,5600,27551,3878,192,603,221,169,536,0,1721,5599,27548,3839,154,593,227,181,518,0,1673,5512,26929,3839,154,593,227,181,518,0,1673,5512,26929
Kent,kent,2014/15,4,3699,166,593,205,180,416,0,1560,5259,26340,3702,166,593,205,180,416,0,1560,5262,26342,3536,169,568,202,176,473,0,1588,5124,26011,3536,169,568,202,176,473,0,1588,5124,26011
Kent,kent,2015/16,1,2358,48,367,132,146,465,0,1158,3516,22181,2358,48,367,132,146,465,0,1158,3516,22181,3383,131,448,153,153,673,0,1558,4941,27272,3383,131,448,153,153,673,0,1558,4941,27272
Kent,kent,2015/16,2,3055,103,440,134,140,653,0,1470,4525,27554,3055,103,440,134,140,653,0,1470,4525,27554,3301,87,448,136,141,665,0,1477,4778,27975,3301,87,448,136,141,665,0,1477,4778,27975
Kent,kent,2015/16,3,3215,106,458,151,194,656,0,1565,4780,28961,3215,106,458,151,194,656,0,1565,4780,28961,3254,111,464,155,192,595,0,1517,4771,28952,3254,111,464,155,192,595,0,1517,4771,28952
Kent,kent,2015/16,4,2855,110,429,132,178,537,0,1386,4241,27225,2855,110,429,132,178,537,0,1386,4241,27225,2915,117,418,121,180,526,0,1362,4277,27766,2915,117,418,121,180,526,0,1362,4277,27766
Kent,kent,2016/17,1,2898,81,434,108,174,535,0,1332,4230,28885,2898,81,434,108,174,535,0,1332,4230,28885,3023,61,458,110,176,591,0,1396,4419,30209,3023,61,458,110,176,591,0,1396,4419,30209
Kent,kent,2016/17,2,3215,69,528,67,150,528,0,1342,4557,31896,3215,69,528,67,150,528,0,1342,4557,31896,3293,86,527,68,160,521,0,1362,4655,32221,3293,86,527,68,160,521,0,1362,4655,32221
Kent,kent,2016/17,3,3383,75,469,91,184,502,0,1321,4704,32383,3383,75,469,91,184,502,0,1321,4704,32383,3388,58,463,89,171,559,0,1340,4728,32157,3388,58,463,89,171,559,0,1340,4728,32157
Kent,kent,2016/17,4,3574,67,447,85,150,598,0,1347,4921,32540,3574,67,447,85,150,598,0,1347,4921,32540,3648,56,476,91,152,625,0,1400,5048,32804,3648,56,476,91,152,625,0,1400,5048,32804
Kent,kent,2017/18,1,3450,50,417,62,117,537,0,1183,4633,37889,3450,50,417,62,117,537,0,1183,4633,37889,3669,72,455,67,116,579,0,1289,4958,40687,3669,72,455,67,116,579,0,1289,4958,40687
Kent,kent,2017/18,2,3511,57,454,85,134,542,0,1272,4783,45110,3511,57,454,85,134,542,0,1272,4783,45110,3439,37,444,77,137,588,0,1283,4722,45067,3439,37,444,77,137,588,0,1283,4722,45067
Kent,kent,2017/18,3,3526,50,468,74,133,587,0,1312,4838,46308,3526,50,468,74,133,587,0,1312,4838,46308,3510,61,464,74,130,538,0,1267,4777,45861,3510,61,464,74,130,538,0,1267,4777,45861
Kent,kent,2017/18,4,3475,70,396,88,137,528,0,1219,4694,43152,3475,70,396,88,137,528,0,1219,4694,43152,3375,66,389,84,143,490,0,1172,4547,43360,3375,66,389,84,143,490,0,1172,4547,43360
Kent,kent,2018/19,1,3095,56,413,51,143,452,0,1115,4210,50856,3095,56,413,51,143,452,0,1115,4210,50856,3405,36,463,64,135,403,0,1101,4506,52734,3405,36,463,64,135,403,0,1101,4506,52734
Kent,kent,2018/19,2,2954,41,426,75,118,355,0,1015,3969,55490,2954,41,426,75,118,355,0,1015,3969,55490,3097,50,418,69,120,321,0,978,4075,53524,3097,50,418,69,120,321,0,978,4075,53524
Kent,kent,2018/19,3,2255,34,381,65,138,309,0,927,3182,45598,2255,34,381,65,138,309,0,927,3182,45598,2658,56,459,62,156,333,0,1066,3724,47055,2658,56,459,62,156,333,0,1066,3724,47055
Kent,kent,2018/19,4,2430,43,453,39,138,261,0,934,3364,44606,2430,43,453,39,138,261,0,934,3364,44606,2705,48,439,49,172,331,1,1040,3745,46681,2705,48,439,49,172,331,1,1040,3745,46681
Kent,kent,2019/20,1,2699,72,475,56,212,455,0,1270,3969,49318,2699,72,475,56,212,455,0,1270,3969,49318,2855,75,466,51,192,413,0,1197,4052,50242,2855,75,466,51,192,413,0,1197,4052,50242
Kent,kent,2019/20,2,2598,69,570,76,183,453,0,1351,3949,49979,2598,69,570,76,183,453,0,1351,3949,49979,2808,75,544,65,164,411,0,1259,4067,49231,2808,75,544,65,164,411,0,1259,4067,49231
Kent,kent,2019/20,3,2503,74,521,57,167,450,0,1269,3772,47094,2503,74,521,57,167,450,0,1269,3772,47094,2886,116,556,61,173,535,3,1444,4330,46983,2886,116,556,61,173,535,3,1444,4330,46983
Kent,kent,2019/20,4,3030,123,526,72,196,589,5,1511,4541,45664,3030,123,526,72,196,589,5,1511,4541,45664,3255,89,489,80,203,577,26,1464,4719,44180,3255,89,489,80,203,577,26,1464,4719,44180
Kent,kent,2020/21,1,3519,95,505,121,322,633,59,1735,5254,39471,3519,95,505,121,322,633,59,1735,5254,39471,3277,65,479,114,320,592,54,1624,4901,39590,3277,65,479,114,320,592,54,1624,4901,39590
Kent,kent,2020/21,2,3561,79,575,95,241,691,46,1727,5288,45816,3561,79,575,95,241,691,46,1727,5288,45816,3778,91,632,95,240,745,49,1852,5630,48203,3778,91,632,95,240,745,49,1852,5630,48203
Kent,kent,2020/21,3,3032,93,531,110,293,765,49,1841,4873,42317,3032,93,531,110,293,765,49,1841,4873,42317,2992,88,510,113,276,727,54,1768,4760,40623,2992,88,510,113,276,727,54,1768,4760,40623
Kent,kent,2020/21,4,3163,78,501,122,268,756,65,1790,4953,37630,3163,78,501,122,268,756,65,1790,4953,37630,2981,59,490,132,283,823,66,1853,4834,38636,2981,59,490,132,283,823,66,1853,4834,38636
Kent,kent,2021/22,1,2983,51,555,107,249,909,131,2002,4985,43293,2983,51,555,107,249,909,131,2002,4985,43293,3043,65,588,100,264,912,137,2066,5109,45835,3043,65,588,100,264,912,137,2066,5109,45835
Kent,kent,2021/22,2,2901,57,542,94,264,747,76,1780,4681,48024,2901,57,542,94,264,747,76,1780,4681,48024,3128,57,542,96,236,702,91,1724,4852,46741,3128,57,542,96,236,702,91,1724,4852,46741
Kent,kent,2021/22,3,2989,76,477,80,183,641,71,1528,4517,46207,2989,76,477,80,183,641,71,1528,4517,46207,3008,98,444,58,179,695,59,1533,4541,45283,3008,98,444,58,179,695,59,1533,4541,45283
Kent,kent,2021/22,4,3176,107,415,10,41,743,62,1378,4554,42963,3176,107,415,10,41,743,62,1378,4554,42963,3300,103,429,7,37,686,77,1339,4639,42864,3300,103,429,7,37,686,77,1339,4639,42864
Kent,kent,2022/23,1,3131,75,477,2,18,628,71,1271,4402,44812,3131,75,477,2,18,628,71,1271,4402,44812,3359,90,500,1,11,748,76,1426,4785,45710,3359,90,500,1,11,748,76,1426,4785,45710
Kent,kent,2022/23,2,3228,113,435,1,8,768,80,1405,4633,46687,3228,113,435,1,8,768,80,1405,4633,46687,3379,103,460,0,7,667,58,1295,4674,45803,3379,103,460,0,7,667,58,1295,4674,45803
Kent,kent,2022/23,3,3627,88,474,1,3,687,46,1299,4926,43670,3627,88,474,1,3,687,46,1299,4926,43670,3585,87,429,0,3,645,41,1205,4790,42498,3585,87,429,0,3,645,41,1205,4790,42498
Kent,kent,2022/23,4,3677,102,475,0,3,663,53,1296,4973,40667,3677,102,475,0,3,663,53,1296,4973,40667,3730,106,470,0,4,639,55,1274,5004,40750,3730,106,470,0,4,639,55,1274,5004,40750
Kent,kent,2023/24,1,4057,95,429,0,1,721,56,1302,5359,42581,4057,95,429,0,1,721,56,1302,5359,42581,3604,107,443,0,0,740,60,1350,4954,43634,3604,107,443,0,0,740,60,1350,4954,43634
Kent,kent,2023/24,2,3266,98,352,1,0,792,67,1310,4576,44041,3266,98,352,1,0,792,67,1310,4576,44041,3503,90,426,1,0,867,89,1473,4976,44073,3503,90,426,1,0,867,89,1473,4976,44073
Kent,kent,2023/24,3,3702,78,366,0,1,1012,105,1562,5264,40294,3702,78,366,0,1,1012,105,1562,5264,40294,3671,71,453,0,1,1108,154,1787,5458,39732,3671,71,453,0,1,1108,154,1787,5458,39732
Kent,kent,2023/24,4,3319,90,442,0,0,1043,148,1723,5042,37906,3319,90,442,0,0,1043,148,1723,5042,37906,3518,81,417,0,0,1208,136,1842,5360,38227,3518,81,417,0,0,1208,136,1842,5360,38227
Kent,kent,2024/25,1,4003,80,493,0,0,1323,118,2014,6017,41198,4003,80,493,0,0,1323,118,2014,6017,41198,3797,114,420,0,0,1360,145,2039,5836,42168,3797,114,420,0,0,1360,145,2039,5836,42168
Kent,kent,2024/25,2,3682,82,359,0,0,1347,123,1911,5593,42079,3682,82,359,0,0,1347,123,1911,5593,42079,3627,48,373,0,0,1471,151,2043,5670,42116,3627,48,373,0,0,1471,151,2043,5670,42116
Kent,kent,2024/25,3,3734,42,371,0,0,1964,154,2531,6265,40780,3734,42,371,0,0,1964,154,2531,6265,40780,3620,60,343,0,0,1934,137,2474,6094,39305,3620,60,343,0,0,1934,137,2474,6094,39305
Kent,kent,2024/25,4,4116,85,370,0,0,1906,141,2502,6618,38654,4116,85,370,0,0,1906,141,2502,6618,38654,3740,77,304,0,0,1695,162,2238,5978,37328,3740,77,304,0,0,1695,162,2238,5978,37328
Kent,kent,2025/26,1,3891,69,281,0,0,1741,154,2245,6136,38077,3891,69,281,0,0,1741,154,2245,6136,38077,3835,98,348,0,0,1904,155,2505,6340,39839,3835,98,348,0,0,1904,155,2505,6340,39839
Kent,kent,2025/26,2,4162,96,362,0,0,1796,151,2405,6567,41764,4162,96,362,0,0,1796,151,2405,6567,41764,3760,67,307,0,1,1737,168,2280,6040,39718,3760,67,307,0,1,1737,168,2280,6040,39718
Kent,kent,2025/26,3,4150,78,341,0,1,1777,169,2366,6516,38563,4150,78,341,0,1,1777,169,2366,6516,38563,3546,52,343,0,0,1730,139,2264,5810,35801,3546,52,343,0,0,1730,139,2264,5810,35801
Kent,kent,2025/26,4,4556,66,391,0,0,1711,189,2357,6913,36581,4556,66,391,0,0,1711,189,2357,6913,36581,2965,22,259,0,0,1442,124,1847,4812,32265,2965,22,259,0,0,1442,124,1847,4812,32265
Lancashire,lancashire,2014/15,1,4431,127,732,195,195,1546,0,2795,7226,20031,4428,127,732,195,195,1546,0,2795,7223,20027,4405,131,774,190,199,1590,0,2884,7289,23185,4405,131,774,190,199,1590,0,2884,7289,23185
Lancashire,lancashire,2014/15,2,4392,114,770,178,180,1344,0,2586,6978,25656,4392,114,770,178,180,1344,0,2586,6978,25650,4558,100,763,176,181,1327,0,2547,7105,23691,4558,100,763,176,181,1327,0,2547,7105,23691
Lancashire,lancashire,2014/15,3,4191,81,696,138,145,1099,0,2159,6350,22917,4181,81,696,138,145,1099,0,2159,6340,22907,3999,99,700,137,145,1002,0,2083,6082,21897,3999,99,700,137,145,1002,0,2083,6082,21897
Lancashire,lancashire,2014/15,4,3743,92,674,128,148,856,0,1898,5641,21052,3738,92,674,128,148,856,0,1898,5636,21046,3682,86,663,132,149,844,0,1874,5556,21099,3682,86,663,132,149,844,0,1874,5556,21099
Lancashire,lancashire,2015/16,1,3680,89,680,128,169,744,0,1810,5490,22162,3680,89,680,128,169,744,0,1810,5490,22162,3808,90,682,129,170,786,0,1857,5665,22745,3808,90,682,129,170,786,0,1857,5665,22745
Lancashire,lancashire,2015/16,2,3789,90,718,105,128,771,0,1812,5601,23982,3789,90,718,105,128,771,0,1812,5601,23982,3710,96,724,102,129,739,0,1790,5500,23580,3710,96,724,102,129,739,0,1790,5500,23580
Lancashire,lancashire,2015/16,3,3288,99,657,174,75,746,0,1751,5039,23516,3288,99,657,174,75,746,0,1751,5039,23516,3123,85,669,176,72,787,0,1789,4912,23851,3123,85,669,176,72,787,0,1789,4912,23851
Lancashire,lancashire,2015/16,4,3031,68,643,207,0,1026,0,1944,4975,23030,3031,68,643,207,0,1026,0,1944,4975,23030,3056,60,625,208,0,1041,0,1934,4990,23047,3056,60,625,208,0,1041,0,1934,4990,23047
Lancashire,lancashire,2016/17,1,2952,68,584,177,0,1153,0,1982,4934,24073,2952,68,584,177,0,1153,0,1982,4934,24073,3059,74,591,181,0,1184,0,2030,5089,24898,3059,74,591,181,0,1184,0,2030,5089,24898
Lancashire,lancashire,2016/17,2,2629,57,457,171,0,1028,0,1713,4342,25193,2629,57,457,171,0,1028,0,1713,4342,25193,2757,69,450,168,0,1016,0,1703,4460,26286,2757,69,450,168,0,1016,0,1703,4460,26286
Lancashire,lancashire,2016/17,3,2893,103,416,154,0,959,0,1632,4525,27137,2893,103,416,154,0,959,0,1632,4525,27137,2955,87,405,153,0,939,0,1584,4539,26515,2955,87,405,153,0,939,0,1584,4539,26515
Lancashire,lancashire,2016/17,4,2956,57,409,116,0,972,0,1554,4510,25691,2956,57,409,116,0,972,0,1554,4510,25691,3008,59,413,116,0,958,0,1546,4554,26450,3008,59,413,116,0,958,0,1546,4554,26450
Lancashire,lancashire,2017/18,1,3011,84,400,142,2,994,0,1622,4633,28215,3011,84,400,142,2,994,0,1622,4633,28215,3220,72,394,140,0,1039,0,1645,4865,29734,3220,72,394,140,0,1039,0,1645,4865,29734
Lancashire,lancashire,2017/18,2,3367,47,381,119,0,890,0,1437,4804,30145,3367,47,381,119,0,890,0,1437,4804,30145,3359,52,400,122,0,886,0,1460,4819,30767,3359,52,400,122,0,886,0,1460,4819,30767
Lancashire,lancashire,2017/18,3,3319,62,378,115,0,907,0,1462,4781,32268,3319,62,378,115,0,907,0,1462,4781,32268,3203,61,365,110,0,900,0,1436,4639,31287,3203,61,365,110,0,900,0,1436,4639,31287
Lancashire,lancashire,2017/18,4,3184,45,351,140,0,873,0,1409,4593,33196,3184,45,351,140,0,873,0,1409,4593,33196,3139,45,334,140,0,866,0,1385,4524,32980,3139,45,334,140,0,866,0,1385,4524,32980
Lancashire,lancashire,2018/19,1,3152,53,413,123,0,967,0,1556,4708,39242,3152,53,413,123,0,967,0,1556,4708,39242,3179,54,426,131,0,970,0,1581,4760,41740,3179,54,426,131,0,970,0,1581,4760,41740
Lancashire,lancashire,2018/19,2,3099,52,347,127,0,856,0,1382,4481,41987,3099,52,347,127,0,856,0,1382,4481,41987,3102,49,346,124,0,872,0,1391,4493,42458,3102,49,346,124,0,872,0,1391,4493,42458
Lancashire,lancashire,2018/19,3,2787,39,328,115,0,720,0,1202,3989,37170,2787,39,328,115,0,720,0,1202,3989,37170,2890,39,355,130,0,830,1,1355,4245,39507,2890,39,355,130,0,830,1,1355,4245,39507
Lancashire,lancashire,2018/19,4,2799,39,332,98,0,707,0,1176,3975,32628,2799,39,332,98,0,707,0,1176,3975,32628,3310,43,349,121,0,877,1,1391,4701,37564,3310,43,349,121,0,877,1,1391,4701,37564
Lancashire,lancashire,2019/20,1,2742,32,290,83,0,536,0,941,3683,27923,2742,32,290,83,0,536,0,941,3683,27923,3304,55,363,123,0,726,1,1268,4572,38148,3304,55,363,123,0,726,1,1268,4572,38148
Lancashire,lancashire,2019/20,2,2781,51,374,114,0,641,0,1180,3961,34211,2781,51,374,114,0,641,0,1180,3961,34211,3058,49,402,118,0,710,2,1281,4339,36475,3058,49,402,118,0,710,2,1281,4339,36475
Lancashire,lancashire,2019/20,3,2777,45,356,116,0,743,1,1261,4038,34786,2777,45,356,116,0,743,1,1261,4038,34786,2997,51,350,100,0,512,7,1020,4017,34588,2997,51,350,100,0,512,7,1020,4017,34588
Lancashire,lancashire,2019/20,4,2740,42,308,87,0,439,0,876,3616,31726,2740,42,308,87,0,439,0,876,3616,31726,2983,32,326,127,0,472,3,960,3943,33332,2983,32,326,127,0,472,3,960,3943,33332
Lancashire,lancashire,2020/21,1,3045,35,354,144,0,527,11,1071,4116,35440,3045,35,354,144,0,527,11,1071,4116,35440,2738,36,319,123,0,361,13,852,3590,28137,2738,36,319,123,0,361,13,852,3590,28137
Lancashire,lancashire,2020/21,2,2695,37,354,142,0,385,10,928,3623,29919,2695,37,354,142,0,385,10,928,3623,29919,2878,43,357,129,0,397,18,944,3822,32949,2878,43,357,129,0,397,18,944,3822,32949
Lancashire,lancashire,2020/21,3,2652,40,286,99,0,337,23,785,3437,29750,2652,40,286,99,0,337,23,785,3437,29750,2590,37,294,107,0,400,44,882,3472,29425,2590,37,294,107,0,400,44,882,3472,29425
Lancashire,lancashire,2020/21,4,2388,42,277,126,0,423,51,919,3307,29745,2388,42,277,126,0,423,51,919,3307,29745,2224,25,275,153,0,458,45,956,3180,28003,2224,25,275,153,0,458,45,956,3180,28003
Lancashire,lancashire,2021/22,1,2225,26,320,152,0,489,42,1029,3254,29269,2225,26,320,152,0,489,42,1029,3254,29269,2391,28,349,143,0,614,54,1188,3579,34408,2391,28,349,143,0,614,54,1188,3579,34408
Lancashire,lancashire,2021/22,2,2511,26,385,148,0,704,50,1313,3824,37477,2511,26,385,148,0,704,50,1313,3824,37477,2699,29,361,102,0,686,53,1231,3930,35086,2699,29,361,102,0,686,53,1231,3930,35086
Lancashire,lancashire,2021/22,3,2423,31,295,100,0,632,39,1097,3520,32492,2423,31,295,100,0,632,39,1097,3520,32492,2479,52,309,105,0,700,45,1211,3690,34220,2479,52,309,105,0,700,45,1211,3690,34220
Lancashire,lancashire,2021/22,4,2759,33,412,116,0,927,63,1551,4310,40701,2759,33,412,116,0,927,63,1551,4310,40701,2439,32,377,86,0,891,57,1443,3882,33022,2439,32,377,86,0,891,57,1443,3882,33022
Lancashire,lancashire,2022/23,1,2741,39,366,117,0,1330,80,1932,4673,38398,2741,39,366,117,0,1330,80,1932,4673,38398,2686,45,377,108,0,1294,74,1898,4584,35725,2686,45,377,108,0,1294,74,1898,4584,35725
Lancashire,lancashire,2022/23,2,2708,51,399,100,0,1152,52,1754,4462,34689,2708,51,399,100,0,1152,52,1754,4462,34689,2748,53,414,99,0,1056,53,1675,4423,33888,2748,53,414,99,0,1056,53,1675,4423,33888
Lancashire,lancashire,2022/23,3,2584,53,396,100,0,931,62,1542,4126,31640,2584,53,396,100,0,931,62,1542,4126,31640,2592,48,376,117,0,923,45,1509,4101,30622,2592,48,376,117,0,923,45,1509,4101,30622
Lancashire,lancashire,2022/23,4,2775,42,328,121,0,1056,39,1586,4361,30327,2775,42,328,121,0,1056,39,1586,4361,30327,2839,44,339,117,0,1214,36,1750,4589,30603,2839,44,339,117,0,1214,36,1750,4589,30603
Lancashire,lancashire,2023/24,1,2622,59,411,109,0,1429,33,2041,4663,29859,2622,59,411,109,0,1429,33,2041,4663,29859,2826,44,450,89,0,1598,45,2226,5052,32077,2826,44,450,89,0,1598,45,2226,5052,32077
Lancashire,lancashire,2023/24,2,3136,29,505,88,0,1823,60,2505,5641,35906,3136,29,505,88,0,1823,60,2505,5641,35906,3057,58,476,94,0,1752,47,2427,5484,32566,3057,58,476,94,0,1752,47,2427,5484,32566
Lancashire,lancashire,2023/24,3,3121,61,545,103,0,2156,28,2893,6014,33035,3121,61,545,103,0,2156,28,2893,6014,33035,3054,68,531,98,0,2184,22,2903,5957,32007,3054,68,531,98,0,2184,22,2903,5957,32007
Lancashire,lancashire,2023/24,4,3097,63,572,99,0,2520,25,3279,6376,31640,3097,63,572,99,0,2520,25,3279,6376,31640,3065,50,584,112,0,2675,32,3453,6518,31816,3065,50,584,112,0,2675,32,3453,6518,31816
Lancashire,lancashire,2024/25,1,3275,62,624,119,0,2977,34,3816,7091,33806,3275,62,624,119,0,2977,34,3816,7091,33806,3359,40,621,121,0,3005,43,3830,7189,33976,3359,40,621,121,0,3005,43,3830,7189,33976
Lancashire,lancashire,2024/25,2,3594,24,547,106,0,2972,33,3682,7276,34130,3594,24,547,106,0,2972,33,3682,7276,34130,3368,42,540,97,0,2882,34,3595,6963,33518,3368,42,540,97,0,2882,34,3595,6963,33518
Lancashire,lancashire,2024/25,3,3629,56,556,108,0,2654,63,3437,7066,32529,3629,56,556,108,0,2654,63,3437,7066,32529,3316,37,545,122,0,2530,53,3287,6603,31162,3316,37,545,122,0,2530,53,3287,6603,31162
Lancashire,lancashire,2024/25,4,3443,47,501,123,0,2327,33,3031,6474,29865,3443,47,501,123,0,2327,33,3031,6474,29865,3250,76,491,110,0,2191,59,2927,6177,29673,3250,76,491,110,0,2191,59,2927,6177,29673
Lancashire,lancashire,2025/26,1,3676,61,633,136,0,1708,74,2612,6288,32539,3676,61,633,136,0,1708,74,2612,6288,32539,3547,45,636,142,0,1819,90,2732,6279,32942,3547,45,636,142,0,1819,90,2732,6279,32942
Lancashire,lancashire,2025/26,2,3665,43,644,144,0,1998,88,2917,6582,33888,3665,43,644,144,0,1998,88,2917,6582,33888,3498,49,602,139,0,1930,79,2799,6297,32466,3498,49,602,139,0,1930,79,2799,6297,32466
Lancashire,lancashire,2025/26,3,3774,51,589,114,0,2388,98,3240,7014,31576,3774,51,589,114,0,2388,98,3240,7014,31576,3206,37,569,104,0,2413,79,3202,6408,29711,3206,37,569,104,0,2413,79,3202,6408,29711
Lancashire,lancashire,2025/26,4,3514,40,609,100,0,2613,71,3433,6947,30720,3514,40,609,100,0,2613,71,3433,6947,30720,2684,29,560,96,0,2457,64,3206,5890,28105,2684,29,560,96,0,2457,64,3206,5890,28105
Leicestershire,leicestershire,2014/15,1,2168,134,577,137,167,459,0,1474,3642,15050,2167,134,577,137,167,459,0,1474,3641,15040,0,0,0,0,0,0,0,0,0,0,0,0,0,0,0,0,0,0,0,0
Leicestershire,leicestershire,2014/15,2,2402,121,517,120,164,484,0,1406,3808,15460,2402,121,517,120,164,484,0,1406,3808,15455,0,0,0,0,0,0,0,0,0,0,0,0,0,0,0,0,0,0,0,0
Leicestershire,leicestershire,2014/15,3,2568,105,313,55,70,512,0,1055,3623,15419,2565,105,313,55,70,512,0,1055,3620,15416,0,0,0,0,0,0,0,0,0,0,0,0,0,0,0,0,0,0,0,0
Leicestershire,leicestershire,2014/15,4,2222,77,204,-2,1,537,0,817,3039,14192,2223,77,204,-2,1,537,0,817,3040,14187,0,0,0,0,0,0,0,0,0,0,0,0,0,0,0,0,0,0,0,0
Leicestershire,leicestershire,2015/16,1,1695,80,210,0,0,408,0,698,2393,12577,1695,80,210,0,0,408,0,698,2393,12577,2010,70,249,0,1,480,0,800,2810,14494,2010,70,249,0,1,480,0,800,2810,14494
Leicestershire,leicestershire,2015/16,2,1660,44,295,0,9,319,0,667,2327,12127,1660,44,295,0,9,319,0,667,2327,12127,1966,64,222,1,7,439,0,733,2699,13788,1966,64,222,1,7,439,0,733,2699,13788
Leicestershire,leicestershire,2015/16,3,1623,51,134,0,3,373,0,561,2184,12570,1623,51,134,0,3,373,0,561,2184,12570,1889,42,182,0,3,446,0,673,2562,14891,1889,42,182,0,3,446,0,673,2562,14891
Leicestershire,leicestershire,2015/16,4,1947,47,189,0,5,454,0,695,2642,15257,1947,47,189,0,5,454,0,695,2642,15257,1914,70,179,0,0,386,0,635,2549,15146,1914,70,179,0,0,386,0,635,2549,15146
Leicestershire,leicestershire,2016/17,1,1858,64,186,0,3,472,0,725,2583,16562,1858,64,186,0,3,472,0,725,2583,16562,1949,48,200,0,1,484,0,733,2682,16381,1949,48,200,0,1,484,0,733,2682,16381
Leicestershire,leicestershire,2016/17,2,2072,49,193,0,0,443,0,685,2757,17256,2072,49,193,0,0,443,0,685,2757,17256,2129,33,156,0,0,426,0,615,2744,17486,2129,33,156,0,0,426,0,615,2744,17486
Leicestershire,leicestershire,2016/17,3,1978,37,166,0,0,398,0,601,2579,18081,1978,37,166,0,0,398,0,601,2579,18081,1994,55,183,0,1,418,0,657,2651,18266,1994,55,183,0,1,418,0,657,2651,18266
Leicestershire,leicestershire,2016/17,4,2055,53,160,0,1,408,0,622,2677,18152,2055,53,160,0,1,408,0,622,2677,18152,2079,48,158,0,2,427,0,635,2714,18256,2079,48,158,0,2,427,0,635,2714,18256
Leicestershire,leicestershire,2017/18,1,2108,49,161,0,5,404,0,619,2727,19322,2108,49,161,0,5,404,0,619,2727,19322,2092,36,154,0,3,518,0,711,2803,20250,2092,36,154,0,3,518,0,711,2803,20250
Leicestershire,leicestershire,2017/18,2,2432,46,214,0,1,659,0,920,3352,23170,2432,46,214,0,1,659,0,920,3352,23170,2075,49,151,0,1,497,0,698,2773,21188,2075,49,151,0,1,497,0,698,2773,21188
Leicestershire,leicestershire,2017/18,3,2121,45,158,0,3,529,0,735,2856,24836,2121,45,158,0,3,529,0,735,2856,24836,1943,49,168,0,3,453,0,673,2616,21451,1943,49,168,0,3,453,0,673,2616,21451
Leicestershire,leicestershire,2017/18,4,1870,62,179,0,2,432,0,675,2545,19846,1870,62,179,0,2,432,0,675,2545,19846,1997,42,164,0,1,414,0,621,2618,20906,1997,42,164,0,1,414,0,621,2618,20906
Leicestershire,leicestershire,2018/19,1,1917,45,130,0,0,533,0,708,2625,21278,1917,45,130,0,0,533,0,708,2625,21278,2097,59,175,0,0,616,0,850,2947,22633,2097,59,175,0,0,616,0,850,2947,22633
Leicestershire,leicestershire,2018/19,2,1935,48,187,0,2,612,0,849,2784,23730,1935,48,187,0,2,612,0,849,2784,23730,1954,45,180,0,1,649,0,875,2829,22624,1954,45,180,0,1,649,0,875,2829,22624
Leicestershire,leicestershire,2018/19,3,1805,48,183,0,2,694,0,927,2732,23961,1805,48,183,0,2,694,0,927,2732,23961,1894,37,175,0,3,722,0,937,2831,23691,1894,37,175,0,3,722,0,937,2831,23691
Leicestershire,leicestershire,2018/19,4,1815,48,179,0,5,950,0,1182,2997,22607,1815,48,179,0,5,950,0,1182,2997,22607,1802,61,148,0,5,927,0,1141,2943,22728,1802,61,148,0,5,927,0,1141,2943,22728
Leicestershire,leicestershire,2019/20,1,2065,52,147,0,3,909,0,1111,3176,23565,2065,52,147,0,3,909,0,1111,3176,23565,2100,33,132,0,2,933,0,1100,3200,23325,2100,33,132,0,2,933,0,1100,3200,23325
Leicestershire,leicestershire,2019/20,2,1740,24,124,0,2,965,0,1115,2855,23186,1740,24,124,0,2,965,0,1115,2855,23186,1754,18,156,0,4,974,0,1152,2906,23810,1754,18,156,0,4,974,0,1152,2906,23810
Leicestershire,leicestershire,2019/20,3,1656,30,163,0,8,1121,0,1322,2978,24197,1656,30,163,0,8,1121,0,1322,2978,24197,1735,34,175,0,7,1074,0,1290,3025,23320,1735,34,175,0,7,1074,0,1290,3025,23320
Leicestershire,leicestershire,2019/20,4,1757,23,172,0,4,1000,0,1199,2956,22848,1757,23,172,0,4,1000,0,1199,2956,22848,1651,17,166,2,4,978,0,1167,2818,22350,1651,17,166,2,4,978,0,1167,2818,22350
Leicestershire,leicestershire,2020/21,1,1934,15,168,4,6,1283,233,1709,3643,20135,1934,15,168,4,6,1283,233,1709,3643,20135,1833,13,136,2,6,1313,243,1713,3546,20422,1833,13,136,2,6,1313,243,1713,3546,20422
Leicestershire,leicestershire,2020/21,2,1806,29,167,0,1,1290,269,1756,3562,23447,1806,29,167,0,1,1290,269,1756,3562,23447,1830,30,189,0,0,1378,286,1883,3713,23672,1830,30,189,0,0,1378,286,1883,3713,23672
Leicestershire,leicestershire,2020/21,3,1654,9,142,0,2,1398,289,1840,3494,22248,1654,9,142,0,2,1398,289,1840,3494,22248,1599,29,144,0,2,1346,252,1773,3372,22123,1599,29,144,0,2,1346,252,1773,3372,22123
Leicestershire,leicestershire,2020/21,4,1493,42,134,1,1,1171,194,1543,3036,20069,1493,42,134,1,1,1171,194,1543,3036,20069,1426,28,122,1,1,1186,203,1541,2967,20015,1426,28,122,1,1,1186,203,1541,2967,20015
Leicestershire,leicestershire,2021/22,1,1412,25,162,0,1,1503,263,1954,3366,23183,1412,25,162,0,1,1503,263,1954,3366,23183,1781,37,191,0,2,1688,275,2193,3974,24815,1781,37,191,0,2,1688,275,2193,3974,24815
Leicestershire,leicestershire,2021/22,2,1621,30,202,0,4,1579,220,2035,3656,24026,1621,30,202,0,4,1579,220,2035,3656,24026,1861,23,230,0,3,1591,202,2049,3910,24641,1861,23,230,0,3,1591,202,2049,3910,24641
Leicestershire,leicestershire,2021/22,3,1732,24,216,0,0,1572,204,2016,3748,25356,1732,24,216,0,0,1572,204,2016,3748,25356,1800,26,231,0,0,1537,214,2008,3808,25452,1800,26,231,0,0,1537,214,2008,3808,25452
Leicestershire,leicestershire,2021/22,4,1857,35,233,0,0,1507,223,1998,3855,25749,1857,35,233,0,0,1507,223,1998,3855,25749,1878,51,198,1,1,1508,239,1998,3876,25546,1878,51,198,1,1,1508,239,1998,3876,25546
Leicestershire,leicestershire,2022/23,1,1849,28,221,0,0,1670,237,2156,4005,26089,1849,28,221,0,0,1670,237,2156,4005,26089,1890,20,224,0,0,1728,284,2256,4146,26950,1890,20,224,0,0,1728,284,2256,4146,26950
Leicestershire,leicestershire,2022/23,2,1853,45,174,0,3,1487,278,1987,3840,26840,1853,45,174,0,3,1487,278,1987,3840,26840,2034,30,188,0,3,1406,251,1878,3912,27083,2034,30,188,0,3,1406,251,1878,3912,27083
Leicestershire,leicestershire,2022/23,3,1853,19,197,0,2,1313,307,1838,3691,26848,1853,19,197,0,2,1313,307,1838,3691,26848,1824,17,185,0,1,1292,303,1798,3622,26184,1824,17,185,0,1,1292,303,1798,3622,26184
Leicestershire,leicestershire,2022/23,4,2024,28,194,0,1,1188,307,1718,3742,24957,2024,28,194,0,1,1188,307,1718,3742,24957,2163,23,193,0,1,1217,348,1782,3945,25473,2163,23,193,0,1,1217,348,1782,3945,25473
Leicestershire,leicestershire,2023/24,1,2068,15,152,0,0,1312,343,1822,3890,26410,2068,15,152,0,0,1312,343,1822,3890,26410,2171,22,131,1,0,1326,437,1917,4088,26881,2171,22,131,1,0,1326,437,1917,4088,26881
Leicestershire,leicestershire,2023/24,2,2153,19,150,2,0,1241,394,1806,3959,25437,2153,19,150,2,0,1241,394,1806,3959,25437,2152,14,156,0,0,1120,396,1686,3838,25208,2152,14,156,0,0,1120,396,1686,3838,25208
Leicestershire,leicestershire,2023/24,3,2274,16,210,0,0,1054,427,1707,3981,24859,2274,16,210,0,0,1054,427,1707,3981,24859,2024,8,203,0,0,1042,419,1672,3696,24073,2024,8,203,0,0,1042,419,1672,3696,24073
Leicestershire,leicestershire,2023/24,4,2182,5,177,0,0,1065,403,1650,3832,23576,2182,5,177,0,0,1065,403,1650,3832,23576,2118,18,175,0,0,1062,389,1644,3762,23488,2118,18,175,0,0,1062,389,1644,3762,23488
Leicestershire,leicestershire,2024/25,1,2063,18,203,0,0,1086,435,1742,3805,24440,2063,18,203,0,0,1086,435,1742,3805,24440,2181,28,223,0,0,1114,396,1761,3942,24823,2181,28,223,0,0,1114,396,1761,3942,24823
Leicestershire,leicestershire,2024/25,2,2243,19,191,0,0,854,302,1366,3609,24338,2243,19,191,0,0,854,302,1366,3609,24338,2376,24,195,0,0,823,311,1353,3729,24230,2376,24,195,0,0,823,311,1353,3729,24230
Leicestershire,leicestershire,2024/25,3,2514,17,164,0,0,837,309,1327,3841,24184,2514,17,164,0,0,837,309,1327,3841,24184,2255,17,176,0,0,816,291,1300,3555,22965,2255,17,176,0,0,816,291,1300,3555,22965
Leicestershire,leicestershire,2024/25,4,2379,18,223,0,0,804,314,1359,3738,22725,2379,18,223,0,0,804,314,1359,3738,22725,2280,11,216,0,0,787,325,1339,3619,22477,2280,11,216,0,0,787,325,1339,3619,22477
Leicestershire,leicestershire,2025/26,1,2491,23,191,0,0,888,325,1427,3918,23690,2491,23,191,0,0,888,325,1427,3918,23690,2370,27,182,0,0,901,286,1396,3766,23736,2370,27,182,0,0,901,286,1396,3766,23736
Leicestershire,leicestershire,2025/26,2,2373,21,161,0,0,834,242,1258,3631,23068,2373,21,161,0,0,834,242,1258,3631,23068,2013,11,174,0,0,866,270,1321,3334,22512,2013,11,174,0,0,866,270,1321,3334,22512
Leicestershire,leicestershire,2025/26,3,2624,20,275,0,0,992,297,1584,4208,22730,2624,20,275,0,0,992,297,1584,4208,22730,2071,16,167,0,0,869,227,1279,3350,20492,2071,16,167,0,0,869,227,1279,3350,20492
Leicestershire,leicestershire,2025/26,4,2489,31,167,0,0,869,263,1330,3819,21436,2489,31,167,0,0,869,263,1330,3819,21436,1548,7,99,0,0,772,198,1076,2624,17847,1548,7,99,0,0,772,198,1076,2624,17847
Lincolnshire,lincolnshire,2014/15,1,1515,82,326,106,123,392,0,1029,2544,8284,1515,82,326,106,123,391,0,1028,2543,8277,1450,94,328,105,124,392,0,1043,2493,8870,1450,94,328,105,124,392,0,1043,2493,8870
Lincolnshire,lincolnshire,2014/15,2,1436,77,343,117,119,339,0,995,2431,8711,1435,77,343,117,119,339,0,995,2430,8708,1712,79,377,122,120,339,0,1037,2749,9254,1712,79,377,122,120,339,0,1037,2749,9254
Lincolnshire,lincolnshire,2014/15,3,1786,92,354,108,124,417,0,1095,2881,10358,1785,92,354,108,124,416,0,1094,2879,10349,1595,71,301,106,123,347,0,948,2543,8612,1595,71,301,106,123,347,0,948,2543,8612
Lincolnshire,lincolnshire,2014/15,4,1671,71,264,90,123,277,0,825,2496,8139,1671,71,264,90,123,277,0,825,2496,8138,1598,66,257,82,123,256,0,784,2382,8106,1598,66,257,82,123,256,0,784,2382,8106
Lincolnshire,lincolnshire,2015/16,1,1485,65,275,97,124,294,0,855,2340,8023,1485,65,275,97,124,294,0,855,2340,8023,1680,80,289,103,139,359,0,970,2650,9106,1680,80,289,103,139,359,0,970,2650,9106
Lincolnshire,lincolnshire,2015/16,2,1846,92,310,89,126,310,0,927,2773,9586,1846,92,310,89,126,310,0,927,2773,9586,1903,89,314,90,124,317,0,934,2837,9428,1903,89,314,90,124,317,0,934,2837,9428
Lincolnshire,lincolnshire,2015/16,3,1719,83,289,95,113,289,0,869,2588,8885,1719,83,289,95,113,289,0,869,2588,8885,1658,78,293,93,109,283,0,856,2514,8896,1658,78,293,93,109,283,0,856,2514,8896
Lincolnshire,lincolnshire,2015/16,4,1618,59,299,82,118,290,0,848,2466,8945,1618,59,299,82,118,290,0,848,2466,8945,1528,70,282,84,120,284,0,840,2368,8541,1528,70,282,84,120,284,0,840,2368,8541
Lincolnshire,lincolnshire,2016/17,1,1491,79,270,71,93,282,0,795,2286,8403,1491,79,270,71,93,282,0,795,2286,8403,1663,72,279,72,103,278,0,804,2467,9025,1663,72,279,72,103,278,0,804,2467,9025
Lincolnshire,lincolnshire,2016/17,2,1552,77,280,78,120,285,0,840,2392,9181,1552,77,280,78,120,285,0,840,2392,9181,1601,85,269,76,111,287,0,828,2429,9726,1601,85,269,76,111,287,0,828,2429,9726
Lincolnshire,lincolnshire,2016/17,3,1525,60,270,82,102,288,0,802,2327,9603,1525,60,270,82,102,288,0,802,2327,9603,1583,82,290,83,107,266,0,828,2411,9497,1583,82,290,83,107,266,0,828,2411,9497
Lincolnshire,lincolnshire,2016/17,4,1514,73,289,48,74,247,0,731,2245,7572,1514,73,289,48,74,247,0,731,2245,7572,1549,59,273,42,70,255,0,699,2248,7094,1549,59,273,42,70,255,0,699,2248,7094
Lincolnshire,lincolnshire,2017/18,1,1368,74,230,44,78,302,0,728,2096,8818,1368,74,230,44,78,302,0,728,2096,8818,1634,68,234,51,84,311,0,748,2382,10253,1634,68,234,51,84,311,0,748,2382,10253
Lincolnshire,lincolnshire,2017/18,2,1418,44,270,44,77,278,0,713,2131,8409,1418,44,270,44,77,278,0,713,2131,8408,1620,32,294,45,74,329,0,774,2394,10705,1620,32,294,45,74,329,0,774,2394,10705
Lincolnshire,lincolnshire,2017/18,3,1738,10,243,54,78,302,0,687,2425,9070,1738,10,243,54,78,302,0,687,2425,9070,1640,13,276,55,93,376,0,813,2453,10309,1640,13,276,55,93,376,0,813,2453,10309
Lincolnshire,lincolnshire,2017/18,4,1458,19,291,38,92,316,0,756,2214,10096,1458,19,291,38,92,316,0,756,2214,10096,1495,14,257,35,88,319,0,713,2208,9155,1495,14,257,35,88,319,0,713,2208,9155
Lincolnshire,lincolnshire,2018/19,1,1453,7,247,45,89,300,0,688,2141,11510,1453,7,247,45,89,300,0,688,2141,11510,1719,7,242,47,92,393,0,781,2500,12308,1719,7,242,47,92,393,0,781,2500,12308
Lincolnshire,lincolnshire,2018/19,2,1472,11,239,43,96,327,0,716,2188,11818,1472,11,239,43,96,327,0,716,2188,11818,1648,13,269,45,87,323,0,737,2385,13280,1648,13,269,45,87,323,0,737,2385,13280
Lincolnshire,lincolnshire,2018/19,3,1518,18,255,56,108,327,0,764,2282,14482,1518,18,255,56,108,327,0,764,2282,14482,1477,10,224,58,102,298,0,692,2169,13697,1477,10,224,58,102,298,0,692,2169,13697
Lincolnshire,lincolnshire,2018/19,4,1521,8,216,41,87,304,0,656,2177,13189,1521,8,216,41,87,304,0,656,2177,13189,1531,12,249,37,88,318,0,704,2235,13462,1531,12,249,37,88,318,0,704,2235,13462
Lincolnshire,lincolnshire,2019/20,1,1359,10,211,47,88,208,0,564,1923,12446,1359,10,211,47,88,208,0,564,1923,12446,1433,6,223,51,91,282,0,653,2086,15211,1433,6,223,51,91,282,0,653,2086,15211
Lincolnshire,lincolnshire,2019/20,2,1610,13,273,63,104,334,0,787,2397,17397,1610,13,273,63,104,334,0,787,2397,17397,1650,11,245,56,103,272,0,687,2337,16670,1650,11,245,56,103,272,0,687,2337,16670
Lincolnshire,lincolnshire,2019/20,3,1379,10,239,55,109,350,0,763,2142,16831,1379,10,239,55,109,350,0,763,2142,16831,1241,4,221,60,106,263,0,654,1895,14508,1241,4,221,60,106,263,0,654,1895,14508
Lincolnshire,lincolnshire,2019/20,4,1436,10,173,51,74,239,0,547,1983,14045,1436,10,173,51,74,239,0,547,1983,14045,1227,6,181,45,74,213,0,519,1746,13402,1227,6,181,45,74,213,0,519,1746,13402
Lincolnshire,lincolnshire,2020/21,1,2222,15,208,42,155,315,0,735,2957,18668,2222,15,208,42,155,315,0,735,2957,18668,1078,6,184,36,137,120,0,483,1561,11420,1078,6,184,36,137,120,0,483,1561,11420
Lincolnshire,lincolnshire,2020/21,2,1307,3,237,45,75,158,0,518,1825,13945,1307,3,237,45,75,158,0,518,1825,13945,1306,4,251,42,77,219,0,593,1899,14497,1306,4,251,42,77,219,0,593,1899,14497
Lincolnshire,lincolnshire,2020/21,3,1158,9,211,28,101,206,0,555,1713,12917,1158,9,211,28,101,206,0,555,1713,12917,981,4,181,24,95,200,0,504,1485,12178,981,4,181,24,95,200,0,504,1485,12178
Lincolnshire,lincolnshire,2020/21,4,1050,7,178,27,96,190,0,498,1548,10884,1050,7,178,27,96,190,0,498,1548,10884,707,2,144,27,94,88,0,355,1062,9388,707,2,144,27,94,88,0,355,1062,9388
Lincolnshire,lincolnshire,2021/22,1,860,3,147,38,80,92,0,360,1220,10884,860,3,147,38,80,92,0,360,1220,10884,1035,9,172,38,82,141,0,442,1477,12483,1035,9,172,38,82,141,0,442,1477,12483
Lincolnshire,lincolnshire,2021/22,2,906,6,197,36,64,127,0,430,1336,12745,906,6,197,36,64,127,0,430,1336,12745,963,4,221,37,61,130,0,453,1416,13602,963,4,221,37,61,130,0,453,1416,13602
Lincolnshire,lincolnshire,2021/22,3,822,6,189,36,59,115,0,405,1227,11496,822,6,189,36,59,115,0,405,1227,11496,915,9,167,35,65,132,0,408,1323,11910,915,9,167,35,65,132,0,408,1323,11910
Lincolnshire,lincolnshire,2021/22,4,938,5,171,46,80,131,0,433,1371,14155,938,5,171,46,80,131,0,433,1371,14155,858,10,167,54,76,129,0,436,1294,12905,858,10,167,54,76,129,0,436,1294,12905
Lincolnshire,lincolnshire,2022/23,1,959,13,169,50,82,120,0,434,1393,13077,959,13,169,50,82,120,0,434,1393,13077,1129,13,223,49,77,176,0,538,1667,15149,1129,13,223,49,77,176,0,538,1667,15149
Lincolnshire,lincolnshire,2022/23,2,1089,7,195,35,65,140,0,442,1531,13533,1089,7,195,35,65,140,0,442,1531,13533,1258,6,203,37,83,176,0,505,1763,15636,1258,6,203,37,83,176,0,505,1763,15636
Lincolnshire,lincolnshire,2022/23,3,1320,6,212,43,45,260,0,566,1886,17836,1320,6,212,43,45,260,0,566,1886,17836,1179,8,169,40,26,205,0,448,1627,14111,1179,8,169,40,26,205,0,448,1627,14111
Lincolnshire,lincolnshire,2022/23,4,1103,15,186,34,2,188,0,425,1528,12429,1103,15,186,34,2,188,0,425,1528,12429,1180,11,187,29,0,192,1,420,1600,12962,1180,11,187,29,0,192,1,420,1600,12962
Lincolnshire,lincolnshire,2023/24,1,1215,6,185,18,0,175,0,384,1599,13226,1215,6,185,18,0,175,0,384,1599,13226,1297,6,196,17,1,241,0,461,1758,14584,1297,6,196,17,1,241,0,461,1758,14584
Lincolnshire,lincolnshire,2023/24,2,1367,8,182,10,0,204,1,405,1772,13831,1367,8,182,10,0,204,1,405,1772,13831,1385,8,175,11,0,222,0,416,1801,14469,1385,8,175,11,0,222,0,416,1801,14469
Lincolnshire,lincolnshire,2023/24,3,1081,5,155,14,0,177,0,351,1432,11690,1081,5,155,14,0,177,0,351,1432,11690,1162,12,159,17,0,190,0,378,1540,13091,1162,12,159,17,0,190,0,378,1540,13091
Lincolnshire,lincolnshire,2023/24,4,1343,6,170,7,1,176,0,360,1703,11932,1343,6,170,7,1,176,0,360,1703,11932,1346,11,160,6,0,182,0,359,1705,12557,1346,11,160,6,0,182,0,359,1705,12557
Lincolnshire,lincolnshire,2024/25,1,1381,15,145,11,0,204,0,375,1756,12626,1381,15,145,11,0,204,0,375,1756,12626,1314,5,157,12,0,194,1,369,1683,12997,1314,5,157,12,0,194,1,369,1683,12997
Lincolnshire,lincolnshire,2024/25,2,1189,6,139,6,1,106,0,258,1447,11291,1189,6,139,6,1,106,0,258,1447,11291,1298,4,148,4,2,137,0,295,1593,11789,1298,4,148,4,2,137,0,295,1593,11789
Lincolnshire,lincolnshire,2024/25,3,1382,4,162,7,3,206,0,382,1764,13434,1382,4,162,7,3,206,0,382,1764,13434,1331,6,149,9,0,183,0,347,1678,13206,1331,6,149,9,0,183,0,347,1678,13206
Lincolnshire,lincolnshire,2024/25,4,1653,11,140,14,0,312,0,477,2130,16874,1653,11,140,14,0,312,0,477,2130,16874,1398,6,136,13,0,211,3,369,1767,12207,1398,6,136,13,0,211,3,369,1767,12207
Lincolnshire,lincolnshire,2025/26,1,1453,8,161,15,0,205,0,389,1842,13287,1453,8,161,15,0,205,0,389,1842,13287,1368,13,147,12,0,180,9,361,1729,13180,1368,13,147,12,0,180,9,361,1729,13180
Lincolnshire,lincolnshire,2025/26,2,1555,8,130,3,0,180,0,321,1876,14313,1555,8,130,3,0,180,0,321,1876,14313,1471,9,125,1,0,160,9,304,1775,13693,1471,9,125,1,0,160,9,304,1775,13693
Lincolnshire,lincolnshire,2025/26,3,1600,7,180,3,0,144,7,341,1941,13530,1600,7,180,3,0,144,7,341,1941,13530,1377,13,163,2,0,104,26,308,1685,12436,1377,13,163,2,0,104,26,308,1685,12436
Lincolnshire,lincolnshire,2025/26,4,1431,21,129,1,0,126,41,318,1749,12807,1431,21,129,1,0,126,41,318,1749,12807,1074,0,92,1,0,69,11,173,1247,11137,1074,0,92,1,0,69,11,173,1247,11137
Merseyside,merseyside,2014/15,1,4600,98,673,572,582,749,0,2674,7274,21982,4600,98,673,572,582,749,0,2674,7274,21982,4583,112,678,580,615,742,0,2727,7310,22778,4583,112,678,580,615,742,0,2727,7310,22778
Merseyside,merseyside,2014/15,2,4262,78,638,557,581,723,0,2577,6839,23083,4262,78,638,557,581,723,0,2577,6839,23083,4284,80,624,562,572,759,0,2597,6881,23674,4284,80,624,562,572,759,0,2597,6881,23674
Merseyside,merseyside,2014/15,3,4330,95,601,555,526,28,0,1805,6135,26226,4330,95,601,555,526,28,0,1805,6135,26226,4475,91,646,547,482,819,0,2585,7060,26625,4475,91,646,547,482,819,0,2585,7060,26625
Merseyside,merseyside,2014/15,4,4557,77,551,459,408,1531,0,3026,7583,26301,4557,77,551,459,408,1531,0,3026,7583,26301,3942,69,480,434,390,747,0,2120,6062,23585,3942,69,480,434,390,747,0,2120,6062,23585
Merseyside,merseyside,2015/16,1,3820,48,401,365,410,785,0,2009,5829,24729,3820,48,401,365,410,785,0,2009,5829,24729,4117,51,432,364,411,766,0,2024,6141,25334,4117,51,432,364,411,766,0,2024,6141,25334
Merseyside,merseyside,2015/16,2,3763,52,363,370,348,679,0,1812,5575,25027,3763,52,363,370,348,679,0,1812,5575,25027,3795,40,364,351,337,687,0,1779,5574,25199,3795,40,364,351,337,687,0,1779,5574,25199
Merseyside,merseyside,2015/16,3,4109,46,418,278,325,717,0,1784,5893,26749,4109,46,418,278,325,717,0,1784,5893,26749,3716,36,397,286,330,716,0,1765,5481,26354,3716,36,397,286,330,716,0,1765,5481,26354
Merseyside,merseyside,2015/16,4,3541,37,315,320,388,637,0,1697,5238,24029,3541,37,315,320,388,637,0,1697,5238,24029,3656,38,330,314,377,643,0,1702,5358,24545,3656,38,330,314,377,643,0,1702,5358,24545
Merseyside,merseyside,2016/17,1,3662,42,407,285,391,699,0,1824,5486,26321,3662,42,407,285,391,699,0,1824,5486,26321,3583,51,369,268,368,684,0,1740,5323,25902,3583,51,369,268,368,684,0,1740,5323,25902
Merseyside,merseyside,2016/17,2,3590,44,342,243,331,607,0,1567,5157,26473,3590,44,342,243,331,607,0,1567,5157,26473,3473,37,346,251,342,556,0,1532,5005,26675,3473,37,346,251,342,556,0,1532,5005,26675
Merseyside,merseyside,2016/17,3,3714,50,307,223,326,517,0,1423,5137,29358,3714,50,307,223,326,517,0,1423,5137,29358,3637,39,326,212,325,503,0,1405,5042,28774,3637,39,326,212,325,503,0,1405,5042,28774
Merseyside,merseyside,2016/17,4,3180,21,260,201,376,490,0,1348,4528,27249,3180,21,260,201,376,490,0,1348,4528,27249,3410,38,255,212,402,568,0,1475,4885,27828,3410,38,255,212,402,568,0,1475,4885,27828
Merseyside,merseyside,2017/18,1,2780,36,266,222,385,486,0,1395,4175,28598,2780,36,266,222,385,486,0,1395,4175,28598,3551,51,295,242,426,520,0,1534,5085,30851,3551,51,295,242,426,520,0,1534,5085,30851
Merseyside,merseyside,2017/18,2,3644,34,322,227,454,522,0,1559,5203,30762,3644,34,322,227,454,522,0,1559,5203,30762,3693,33,319,228,464,503,0,1547,5240,30489,3693,33,319,228,464,503,0,1547,5240,30489
Merseyside,merseyside,2017/18,3,3805,55,316,221,487,609,0,1688,5493,32946,3805,55,316,221,487,609,0,1688,5493,32946,3380,36,276,213,460,608,0,1593,4973,32359,3380,36,276,213,460,608,0,1593,4973,32359
Merseyside,merseyside,2017/18,4,4077,41,313,240,463,555,0,1612,5689,33049,4077,41,313,240,463,555,0,1612,5689,33049,3590,44,311,222,426,521,0,1524,5114,31398,3590,44,311,222,426,521,0,1524,5114,31398
Merseyside,merseyside,2018/19,1,3345,35,355,226,520,582,0,1718,5063,33396,3345,35,355,226,520,582,0,1718,5063,33396,3891,50,358,230,520,597,0,1755,5646,34602,3891,50,358,230,520,597,0,1755,5646,34602
Merseyside,merseyside,2018/19,2,3635,54,325,199,470,536,0,1584,5219,34459,3635,54,325,199,470,536,0,1584,5219,34459,3820,40,364,218,494,515,0,1631,5451,34344,3820,40,364,218,494,515,0,1631,5451,34344
Merseyside,merseyside,2018/19,3,3874,44,393,234,571,485,0,1727,5601,34123,3874,44,393,234,571,485,0,1727,5601,34123,3851,49,424,222,569,483,0,1747,5598,34130,3851,49,424,222,569,483,0,1747,5598,34130
Merseyside,merseyside,2018/19,4,3716,44,402,240,551,392,0,1629,5345,31970,3716,44,402,240,551,392,0,1629,5345,31970,3881,42,373,250,581,428,0,1674,5555,32052,3881,42,373,250,581,428,0,1674,5555,32052
Merseyside,merseyside,2019/20,1,3498,41,357,237,599,441,0,1675,5173,32688,3498,41,357,237,599,441,0,1675,5173,32688,3699,55,397,260,636,442,2,1792,5491,33042,3699,55,397,260,636,442,2,1792,5491,33042
Merseyside,merseyside,2019/20,2,3493,49,363,357,894,433,0,2096,5589,33264,3493,49,363,357,894,433,0,2096,5589,33264,4073,43,420,340,866,479,2,2150,6223,34748,4073,43,420,340,866,479,2,2150,6223,34748
Merseyside,merseyside,2019/20,3,3562,41,341,265,766,624,0,2037,5599,34713,3562,41,341,265,766,624,0,2037,5599,34713,3959,47,418,269,782,716,8,2240,6199,35612,3959,47,418,269,782,716,8,2240,6199,35612
Merseyside,merseyside,2019/20,4,4022,47,364,205,745,736,0,2097,6119,34906,4022,47,364,205,745,736,0,2097,6119,34906,3748,33,336,193,729,675,42,2008,5756,33546,3748,33,336,193,729,675,42,2008,5756,33546
Merseyside,merseyside,2020/21,1,4253,44,437,253,846,591,0,2171,6424,30254,4253,44,437,253,846,591,0,2171,6424,30254,3749,41,456,249,835,515,103,2199,5948,28784,3749,41,456,249,835,515,103,2199,5948,28784
Merseyside,merseyside,2020/21,2,3480,31,447,185,632,617,0,1912,5392,33478,3480,31,447,185,632,617,0,1912,5392,33478,3899,26,440,190,666,647,429,2398,6297,35402,3899,26,440,190,666,647,429,2398,6297,35402
Merseyside,merseyside,2020/21,3,3733,36,329,96,476,646,697,2280,6013,32683,3733,36,329,96,476,646,697,2280,6013,32683,3218,22,280,85,424,610,971,2392,5610,32069,3218,22,280,85,424,610,971,2392,5610,32069
Merseyside,merseyside,2020/21,4,3692,18,342,112,365,579,1698,3114,6806,33378,3692,18,342,112,365,579,1698,3114,6806,33378,3149,29,260,90,323,578,1466,2746,5895,31349,3149,29,260,90,323,578,1466,2746,5895,31349
Merseyside,merseyside,2021/22,1,2759,27,208,27,73,1002,1589,2926,5685,37390,2759,27,208,27,73,1002,1589,2926,5685,37390,3280,13,177,18,63,1055,1365,2691,5971,38898,3280,13,177,18,63,1055,1365,2691,5971,38898
Merseyside,merseyside,2021/22,2,2907,15,199,7,53,942,1206,2422,5329,41164,2907,15,199,7,53,942,1206,2422,5329,41164,3451,22,212,8,36,959,1212,2449,5900,42316,3451,22,212,8,36,959,1212,2449,5900,42316
Merseyside,merseyside,2021/22,3,3173,14,169,12,20,903,1303,2421,5594,42650,3173,14,169,12,20,903,1303,2421,5594,42650,3124,13,171,10,20,887,1283,2384,5508,42234,3124,13,171,10,20,887,1283,2384,5508,42234
Merseyside,merseyside,2021/22,4,3384,13,213,3,16,1255,1373,2873,6257,41418,3384,13,213,3,16,1255,1373,2873,6257,41418,3481,21,149,3,12,1472,1298,2955,6436,41663,3481,21,149,3,12,1472,1298,2955,6436,41663
Merseyside,merseyside,2022/23,1,3450,23,138,1,22,2047,658,2889,6339,43922,3450,23,138,1,22,2047,658,2889,6339,43922,3344,20,155,2,20,2019,668,2884,6228,44370,3344,20,155,2,20,2019,668,2884,6228,44370
Merseyside,merseyside,2022/23,2,3312,32,167,2,10,1802,588,2601,5913,42799,3312,32,167,2,10,1802,588,2601,5913,42799,3662,17,194,0,9,1809,581,2610,6272,43229,3662,17,194,0,9,1809,581,2610,6272,43229
Merseyside,merseyside,2022/23,3,3482,13,182,0,5,1620,542,2362,5844,40913,3482,13,182,0,5,1620,542,2362,5844,40913,3490,12,188,0,8,1594,517,2319,5809,41022,3490,12,188,0,8,1594,517,2319,5809,41022
Merseyside,merseyside,2022/23,4,3748,6,174,2,6,1558,565,2311,6059,39451,3748,6,174,2,6,1558,565,2311,6059,39451,3859,17,177,2,3,1588,601,2388,6247,39944,3859,17,177,2,3,1588,601,2388,6247,39944
Merseyside,merseyside,2023/24,1,3356,13,153,0,3,1419,434,2022,5378,39018,3356,13,153,0,3,1419,434,2022,5378,39018,3834,16,158,0,4,1408,468,2054,5888,40232,3834,16,158,0,4,1408,468,2054,5888,40232
Merseyside,merseyside,2023/24,2,3643,15,149,1,7,1533,384,2089,5732,35749,3643,15,149,1,7,1533,384,2089,5732,35749,4258,17,165,1,6,1450,348,1987,6245,36849,4258,17,165,1,6,1450,348,1987,6245,36849
Merseyside,merseyside,2023/24,3,3706,19,143,0,3,1324,416,1905,5611,34362,3706,19,143,0,3,1324,416,1905,5611,34362,4377,16,159,0,4,1374,418,1971,6348,34430,4377,16,159,0,4,1374,418,1971,6348,34430
Merseyside,merseyside,2023/24,4,4591,17,144,0,2,1469,366,1998,6589,32736,4591,17,144,0,2,1469,366,1998,6589,32736,4045,16,166,0,1,1518,388,2089,6134,32968,4045,16,166,0,1,1518,388,2089,6134,32968
Merseyside,merseyside,2024/25,1,4310,13,159,0,0,1477,348,1997,6307,33654,4310,13,159,0,0,1477,348,1997,6307,33654,4313,12,182,0,0,1535,377,2106,6419,35095,4313,12,182,0,0,1535,377,2106,6419,35095
Merseyside,merseyside,2024/25,2,4275,12,191,0,0,1610,356,2169,6444,35046,4275,12,191,0,0,1610,356,2169,6444,35046,4207,14,177,0,0,1448,326,1965,6172,34342,4207,14,177,0,0,1448,326,1965,6172,34342
Merseyside,merseyside,2024/25,3,4128,8,157,0,0,1567,339,2071,6199,33697,4128,8,157,0,0,1567,339,2071,6199,33697,3974,9,156,0,0,1617,314,2096,6070,32849,3974,9,156,0,0,1617,314,2096,6070,32849
Merseyside,merseyside,2024/25,4,4768,18,193,0,1,1715,346,2273,7041,32762,4768,18,193,0,1,1715,346,2273,7041,32762,4100,12,178,0,0,1639,390,2219,6319,31565,4100,12,178,0,0,1639,390,2219,6319,31565
Merseyside,merseyside,2025/26,1,4335,8,165,0,0,1902,307,2382,6717,34673,4335,8,165,0,0,1902,307,2382,6717,34673,4389,7,193,0,0,1946,258,2404,6793,34440,4389,7,193,0,0,1946,258,2404,6793,34440
Merseyside,merseyside,2025/26,2,4351,8,166,0,0,1948,285,2407,6758,35523,4351,8,166,0,0,1948,285,2407,6758,35523,4136,7,162,0,0,1857,237,2263,6399,34918,4136,7,162,0,0,1857,237,2263,6399,34918
Merseyside,merseyside,2025/26,3,4566,9,187,0,0,1839,241,2276,6842,34566,4566,9,187,0,0,1839,241,2276,6842,34566,3714,5,149,0,0,1796,258,2208,5922,32136,3714,5,149,0,0,1796,258,2208,5922,32136
Merseyside,merseyside,2025/26,4,4795,12,205,0,0,1762,352,2331,7126,33087,4795,12,205,0,0,1762,352,2331,7126,33087,2530,4,66,0,0,1599,171,1840,4370,26952,2530,4,66,0,0,1599,171,1840,4370,26952
Metropolitan Police,metropolitan-police,2014/15,1,21334,517,6178,2104,4018,1341,0,14158,35492,35578,21324,517,6177,2104,4018,1341,0,14157,35481,35567,0,0,0,0,0,0,0,0,0,0,0,0,0,0,0,0,0,0,0,0
Metropolitan Police,metropolitan-police,2014/15,2,21228,588,6218,1976,3628,1694,0,14104,35332,35436,21206,588,6218,1976,3628,1694,0,14104,35310,35414,0,0,0,0,0,0,0,0,0,0,0,0,0,0,0,0,0,0,0,0
Metropolitan Police,metropolitan-police,2014/15,3,22779,545,6185,1904,3486,1798,0,13918,36697,43389,22757,545,6185,1904,3486,1798,0,13918,36675,43356,0,0,0,0,0,0,0,0,0,0,0,0,0,0,0,0,0,0,0,0
Metropolitan Police,metropolitan-police,2014/15,4,24554,542,6121,1846,3825,1945,0,14279,38833,64407,24520,542,6121,1846,3825,1945,0,14279,38799,64363,21272,562,5859,1857,3600,2309,0,14187,35459,169175,21272,562,5859,1857,3600,2309,0,14187,35459,169175
Metropolitan Police,metropolitan-police,2015/16,1,23722,535,5685,1733,3031,2519,0,13503,37225,175692,23722,535,5685,1733,3031,2519,0,13503,37225,175691,23383,634,5828,1709,3366,2719,0,14256,37639,184002,23383,634,5828,1709,3366,2719,0,14256,37639,184002
Metropolitan Police,metropolitan-police,2015/16,2,25411,649,6072,1658,3602,2787,0,14768,40179,191212,25411,649,6072,1658,3602,2787,0,14768,40179,191211,24129,507,5948,1628,3643,2497,0,14223,38352,183295,24129,507,5948,1628,3643,2497,0,14223,38352,183295
Metropolitan Police,metropolitan-police,2015/16,3,23461,544,5711,1583,3595,2356,0,13789,37250,185409,23461,544,5711,1583,3595,2356,0,13789,37250,185409,23577,604,5690,1561,3510,2420,0,13785,37362,191825,23577,604,5690,1561,3510,2420,0,13785,37362,191825
Metropolitan Police,metropolitan-police,2015/16,4,24840,622,5546,1571,3699,2453,0,13891,38731,190547,24840,622,5546,1571,3699,2453,0,13891,38731,190547,23143,616,5146,1546,3558,2238,0,13104,36247,180492,23143,616,5146,1546,3558,2238,0,13104,36247,180492
Metropolitan Police,metropolitan-police,2016/17,1,21270,555,4713,1465,3401,2038,0,12172,33442,173595,21270,555,4713,1465,3401,2038,0,12172,33442,173595,22130,596,4959,1437,3564,2225,0,12781,34911,189688,22130,596,4959,1437,3564,2225,0,12781,34911,189688
Metropolitan Police,metropolitan-police,2016/17,2,22161,568,4608,1401,3861,2041,0,12479,34640,205765,22161,568,4608,1401,3861,2041,0,12479,34640,205764,22019,500,4543,1423,3837,1812,0,12115,34134,193473,22019,500,4543,1423,3837,1812,0,12115,34134,193473
Metropolitan Police,metropolitan-police,2016/17,3,21082,576,4479,1407,3376,1898,0,11736,32818,194711,21082,576,4479,1407,3376,1898,0,11736,32818,194711,20379,567,4335,1356,3347,1854,0,11459,31838,193194,20379,567,4335,1356,3347,1854,0,11459,31838,193194
Metropolitan Police,metropolitan-police,2016/17,4,23026,561,4401,1226,3397,1796,0,11381,34407,201058,23026,561,4401,1226,3397,1796,0,11381,34407,201058,20411,537,3933,1141,3250,1663,0,10524,30935,192889,20411,537,3933,1141,3250,1663,0,10524,30935,192889
Metropolitan Police,metropolitan-police,2017/18,1,16875,487,3005,1004,3047,1506,0,9049,25924,195058,16875,487,3005,1004,3047,1506,0,9049,25924,195058,19699,511,3572,1058,3180,1627,0,9948,29647,202555,19699,511,3572,1058,3180,1627,0,9948,29647,202555
Metropolitan Police,metropolitan-police,2017/18,2,17627,413,2891,965,3293,1426,0,8988,26615,200684,17627,413,2891,965,3293,1426,0,8988,26615,200684,18904,406,3146,974,3521,1738,0,9785,28689,201865,18904,406,3146,974,3521,1738,0,9785,28689,201865
Metropolitan Police,metropolitan-police,2017/18,3,18803,436,3199,1011,3632,2339,0,10617,29420,216641,18803,436,3199,1011,3632,2339,0,10617,29420,216641,17932,413,3008,1021,3398,2507,0,10347,28279,210981,17932,413,3008,1021,3398,2507,0,10347,28279,210981
Metropolitan Police,metropolitan-police,2017/18,4,18266,376,2878,942,3048,2423,0,9667,27933,197531,18266,376,2878,942,3048,2423,0,9667,27933,197531,16357,348,2507,967,2927,2725,0,9474,25831,198255,16357,348,2507,967,2927,2725,0,9474,25831,198255
Metropolitan Police,metropolitan-police,2018/19,1,14925,267,2174,832,1300,2963,0,7536,22461,173197,14925,267,2174,832,1300,2963,0,7536,22461,173197,16637,356,2412,937,1146,4344,0,9195,25832,208213,16637,356,2412,937,1146,4344,0,9195,25832,208213
Metropolitan Police,metropolitan-police,2018/19,2,15892,291,2284,879,395,4815,0,8664,24556,217848,15892,291,2284,879,395,4815,0,8664,24556,217848,16290,239,2176,861,37,5640,0,8953,25243,210611,16290,239,2176,861,37,5640,0,8953,25243,210611
Metropolitan Police,metropolitan-police,2018/19,3,16931,348,2421,1039,135,6549,0,10492,27423,238084,16931,348,2421,1039,135,6549,0,10492,27423,238083,15766,324,2001,1012,35,6181,0,9553,25319,218957,15766,324,2001,1012,35,6181,0,9553,25319,218957
Metropolitan Police,metropolitan-police,2018/19,4,15566,335,2092,1111,46,6545,0,10129,25695,217227,15566,335,2092,1111,46,6545,0,10129,25695,217227,15516,367,1967,1182,33,7046,0,10595,26111,221789,15516,367,1967,1182,33,7046,0,10595,26111,221789
Metropolitan Police,metropolitan-police,2019/20,1,14347,273,1769,1129,55,5691,0,8917,23264,213951,14347,273,1769,1129,55,5691,0,8917,23264,213951,15275,256,1888,1234,57,7307,0,10742,26017,227951,15275,256,1888,1234,57,7307,0,10742,26017,227951
Metropolitan Police,metropolitan-police,2019/20,2,13423,226,1567,1156,37,5318,0,8304,21727,185168,13423,226,1567,1156,37,5318,0,8304,21727,185168,15630,275,1829,1415,40,8401,3,11963,27593,233617,15630,275,1829,1415,40,8401,3,11963,27593,233617
Metropolitan Police,metropolitan-police,2019/20,3,12395,206,1372,920,36,4160,2,6696,19091,152243,12395,206,1372,920,36,4160,2,6696,19091,152243,15193,300,1696,1232,42,6908,11,10189,25382,226584,15193,300,1696,1232,42,6908,11,10189,25382,226584
Metropolitan Police,metropolitan-police,2019/20,4,17892,369,1906,2003,76,15080,0,19434,37326,237127,17892,369,1906,2003,76,15080,0,19434,37326,237127,15752,351,1552,1493,62,7556,15,11029,26781,214190,15752,351,1552,1493,62,7556,15,11029,26781,214190
Metropolitan Police,metropolitan-police,2020/21,1,20003,438,2096,2476,97,11463,0,16570,36573,305901,20003,438,2096,2476,97,11463,0,16570,36573,305901,17242,217,1609,2378,59,9462,17,13742,30984,167811,17242,217,1609,2378,59,9462,17,13742,30984,167811
Metropolitan Police,metropolitan-police,2020/21,2,15088,211,1437,1767,24,7267,1,10707,25795,178951,15088,211,1437,1767,24,7267,1,10707,25795,178951,16679,185,1615,1665,16,7177,12,10670,27349,211844,16679,185,1615,1665,16,7177,12,10670,27349,211844
Metropolitan Police,metropolitan-police,2020/21,3,15145,232,1601,1586,31,7182,1,10633,25778,208793,15145,232,1601,1586,31,7182,1,10633,25778,208793,14344,342,1594,1644,27,7548,17,11172,25516,195171,14344,342,1594,1644,27,7548,17,11172,25516,195171
Metropolitan Police,metropolitan-police,2020/21,4,14554,301,1418,1711,29,7088,5,10552,25106,161427,14554,301,1418,1711,29,7088,5,10552,25106,161427,13298,251,1288,1792,27,7200,15,10573,23871,163081,13298,251,1288,1792,27,7200,15,10573,23871,163081
Metropolitan Police,metropolitan-police,2021/22,1,11952,224,1309,1467,6,6576,6,9588,21540,146470,11952,224,1309,1467,6,6576,6,9588,21540,146470,13704,223,1529,1446,9,6899,7,10113,23817,194934,13704,223,1529,1446,9,6899,7,10113,23817,194934
Metropolitan Police,metropolitan-police,2021/22,2,11692,198,1323,1192,18,5453,2,8186,19878,148438,11692,198,1323,1192,18,5453,2,8186,19878,148438,13485,184,1480,1404,15,6360,11,9454,22939,208099,13485,184,1480,1404,15,6360,11,9454,22939,208099
Metropolitan Police,metropolitan-police,2021/22,3,14496,183,1679,1590,7,6791,17,10267,24763,126736,14496,183,1679,1590,7,6791,17,10267,24763,126736,13581,141,1585,1546,7,6775,12,10066,23647,216727,13581,141,1585,1546,7,6775,12,10066,23647,216727
Metropolitan Police,metropolitan-police,2021/22,4,15693,196,1746,1693,9,8454,8,12106,27799,262076,15693,196,1746,1693,9,8454,8,12106,27799,262076,13956,194,1561,1429,5,7226,5,10420,24376,206213,13956,194,1561,1429,5,7226,5,10420,24376,206213
Metropolitan Police,metropolitan-police,2022/23,1,14160,164,1495,1156,5,5856,72,8748,22908,147447,14160,164,1495,1156,5,5856,72,8748,22908,147447,13939,183,1480,1198,4,6456,9,9330,23269,216286,13939,183,1480,1198,4,6456,9,9330,23269,216286
Metropolitan Police,metropolitan-police,2022/23,2,13889,168,1510,1150,5,5662,0,8495,22384,188264,13889,168,1510,1150,5,5662,0,8495,22384,188264,13483,137,1366,1177,3,5814,4,8501,21984,216987,13483,137,1366,1177,3,5814,4,8501,21984,216987
Metropolitan Police,metropolitan-police,2022/23,3,12376,148,1201,1004,5,5028,4,7390,19766,187800,12376,148,1201,1004,5,5028,4,7390,19766,187800,11116,110,1174,996,0,4981,1,7262,18378,220156,11116,110,1174,996,0,4981,1,7262,18378,220156
Metropolitan Police,metropolitan-police,2022/23,4,11998,178,1341,1257,4,5934,14,8728,20726,388357,11998,178,1341,1257,4,5934,14,8728,20726,388357,11870,110,1067,1112,0,5066,5,7360,19230,218282,11870,110,1067,1112,0,5066,5,7360,19230,218282
Metropolitan Police,metropolitan-police,2023/24,1,10890,92,1013,874,4,4336,3,6322,17212,239847,10890,92,1013,874,4,4336,3,6322,17212,239847,12008,113,978,823,3,4306,12,6235,18243,223599,12008,113,978,823,3,4306,12,6235,18243,223599
Metropolitan Police,metropolitan-police,2023/24,2,11639,97,1086,990,5,4754,7,6939,18578,235701,11639,97,1086,990,5,4754,7,6939,18578,235701,12294,83,994,982,3,4697,8,6767,19061,229361,12294,83,994,982,3,4697,8,6767,19061,229361
Metropolitan Police,metropolitan-police,2023/24,3,11484,125,1072,809,4,4390,18,6418,17902,299352,11484,125,1072,809,4,4390,18,6418,17902,299352,11324,84,834,726,3,4004,10,5661,16985,236084,11324,84,834,726,3,4004,10,5661,16985,236084
Metropolitan Police,metropolitan-police,2023/24,4,11511,92,934,578,5,3539,11,5159,16670,202692,11511,92,934,578,5,3539,11,5159,16670,202692,10924,105,761,660,1,3906,30,5463,16387,219981,10924,105,761,660,1,3906,30,5463,16387,219981
Metropolitan Police,metropolitan-police,2024/25,1,7559,60,432,311,0,2445,23,3271,10830,196685,7559,60,432,311,0,2445,23,3271,10830,196685,11699,98,760,653,0,3987,57,5555,17254,231733,11699,98,760,653,0,3987,57,5555,17254,231733
Metropolitan Police,metropolitan-police,2024/25,2,9393,70,737,463,0,3964,52,5286,14679,255142,9393,70,737,463,0,3964,52,5286,14679,255142,13076,76,742,646,0,4897,30,6391,19467,236126,13076,76,742,646,0,4897,30,6391,19467,236126
Metropolitan Police,metropolitan-police,2024/25,3,11131,97,688,1043,1,6563,17,8409,19540,252749,11131,97,688,1043,1,6563,17,8409,19540,252749,12475,68,758,741,0,4778,44,6389,18864,237959,12475,68,758,741,0,4778,44,6389,18864,237959
Metropolitan Police,metropolitan-police,2024/25,4,13920,83,744,871,0,5548,24,7270,21190,219721,13920,83,744,871,0,5548,24,7270,21190,219721,13880,79,616,730,0,4663,61,6149,20029,215714,13880,79,616,730,0,4663,61,6149,20029,215714
Metropolitan Police,metropolitan-police,2025/26,1,11784,40,570,362,0,3006,18,3996,15780,171094,11784,40,570,362,0,3006,18,3996,15780,171094,15205,57,754,608,0,4749,57,6225,21430,224093,15205,57,754,608,0,4749,57,6225,21430,224093
Metropolitan Police,metropolitan-police,2025/26,2,18054,84,766,577,0,3792,44,5263,23317,222439,18054,84,766,577,0,3792,44,5263,23317,222439,15581,41,696,769,0,5262,38,6806,22387,222789,15581,41,696,769,0,5262,38,6806,22387,222789
Metropolitan Police,metropolitan-police,2025/26,3,21354,73,645,560,4,6671,85,8038,29392,268228,21354,73,645,560,4,6671,85,8038,29392,268228,13602,39,578,762,0,4915,35,6329,19931,209610,13602,39,578,762,0,4915,35,6329,19931,209610
Metropolitan Police,metropolitan-police,2025/26,4,26982,136,1434,1410,4,6014,107,9105,36087,257532,26982,136,1434,1410,4,6014,107,9105,36087,257532,12023,28,429,516,0,3457,48,4478,16501,174065,12023,28,429,516,0,3457,48,4478,16501,174065
Norfolk,norfolk,2014/15,1,2363,174,610,136,171,533,0,1624,3987,4299,2363,174,610,136,171,533,0,1624,3987,4299,2447,184,592,132,184,595,0,1687,4134,10223,2447,184,592,132,184,595,0,1687,4134,10223
Norfolk,norfolk,2014/15,2,2531,161,649,129,197,571,0,1707,4238,11719,2531,161,649,129,197,571,0,1707,4238,11719,2638,155,621,127,190,562,0,1655,4293,11428,2638,155,621,127,190,562,0,1655,4293,11428
Norfolk,norfolk,2014/15,3,2453,143,656,97,177,544,0,1617,4070,12823,2453,143,656,97,177,544,0,1617,4070,12823,2371,169,613,101,191,518,0,1592,3963,10796,2371,169,613,101,191,518,0,1592,3963,10796
Norfolk,norfolk,2014/15,4,2137,136,546,105,144,466,0,1397,3534,13086,2137,136,546,105,144,466,0,1397,3534,13086,2222,176,558,102,135,507,0,1478,3700,10717,2222,176,558,102,135,507,0,1478,3700,10717
Norfolk,norfolk,2015/16,1,2402,171,591,104,163,667,0,1696,4098,12496,2402,171,591,104,163,667,0,1696,4098,12496,2343,152,573,98,147,707,0,1677,4020,12524,2343,152,573,98,147,707,0,1677,4020,12524
Norfolk,norfolk,2015/16,2,2275,105,540,93,117,616,0,1471,3746,11779,2275,105,540,93,117,616,0,1471,3746,11779,2324,108,526,98,121,651,0,1504,3828,12266,2324,108,526,98,121,651,0,1504,3828,12266
Norfolk,norfolk,2015/16,3,1457,83,333,68,118,463,0,1065,2522,7591,1457,83,333,68,118,463,0,1065,2522,7591,2077,136,440,77,114,515,0,1282,3359,11277,2077,136,440,77,114,515,0,1282,3359,11277
Norfolk,norfolk,2015/16,4,2552,140,469,72,102,609,0,1392,3944,13581,2552,140,469,72,102,609,0,1392,3944,13581,2086,66,403,57,114,475,0,1115,3201,11369,2086,66,403,57,114,475,0,1115,3201,11369
Norfolk,norfolk,2016/17,1,2073,54,442,69,132,436,0,1133,3206,11089,2073,54,442,69,132,436,0,1133,3206,11089,2272,81,440,77,127,519,0,1244,3516,12400,2272,81,440,77,127,519,0,1244,3516,12400
Norfolk,norfolk,2016/17,2,2160,68,397,48,97,481,0,1091,3251,11988,2160,68,397,48,97,481,0,1091,3251,11988,2357,73,436,49,97,544,0,1199,3556,12929,2357,73,436,49,97,544,0,1199,3556,12929
Norfolk,norfolk,2016/17,3,2349,85,451,67,107,408,0,1118,3467,11256,2349,85,451,67,107,408,0,1118,3467,11256,2220,60,417,65,119,451,0,1112,3332,12413,2220,60,417,65,119,451,0,1112,3332,12413
Norfolk,norfolk,2016/17,4,2713,86,429,56,147,678,0,1396,4109,15320,2713,86,429,56,147,678,0,1396,4109,15320,2310,89,386,45,112,455,0,1087,3397,12754,2310,89,386,45,112,455,0,1087,3397,12754
Norfolk,norfolk,2017/18,1,2222,68,406,51,73,406,0,1004,3226,10857,2222,68,406,51,73,406,0,1004,3226,10857,2315,76,422,54,87,454,1,1094,3409,14066,2315,76,422,54,87,454,1,1094,3409,14066
Norfolk,norfolk,2017/18,2,2172,66,432,43,97,417,0,1055,3227,12235,2172,66,432,43,97,417,0,1055,3227,12235,2290,57,431,43,87,393,1,1012,3302,14747,2290,57,431,43,87,393,1,1012,3302,14747
Norfolk,norfolk,2017/18,3,2158,75,395,44,108,365,0,987,3145,15362,2158,75,395,44,108,365,0,987,3145,15362,2108,87,406,49,111,322,0,975,3083,14233,2108,87,406,49,111,322,0,975,3083,14233
Norfolk,norfolk,2017/18,4,1998,64,356,48,96,312,0,876,2874,16430,1998,64,356,48,96,312,0,876,2874,16430,2035,69,367,40,95,254,0,825,2860,13435,2035,69,367,40,95,254,0,825,2860,13435
Norfolk,norfolk,2018/19,1,2095,69,392,39,117,276,0,893,2988,15057,2095,69,392,39,117,276,0,893,2988,15057,2099,51,395,31,120,300,0,897,2996,14762,2099,51,395,31,120,300,0,897,2996,14762
Norfolk,norfolk,2018/19,2,1996,54,383,35,110,291,1,874,2870,15633,1996,54,383,35,110,291,1,874,2870,15633,2107,38,358,39,105,265,0,805,2912,15411,2107,38,358,39,105,265,0,805,2912,15411
Norfolk,norfolk,2018/19,3,1989,52,417,31,122,270,0,892,2881,15714,1989,52,417,31,122,270,0,892,2881,15714,2157,52,447,31,132,274,0,936,3093,15838,2157,52,447,31,132,274,0,936,3093,15838
Norfolk,norfolk,2018/19,4,2052,49,480,37,133,305,10,1014,3066,15897,2052,49,480,37,133,305,10,1014,3066,15897,2038,58,474,36,126,285,18,997,3035,15337,2038,58,474,36,126,285,18,997,3035,15337
Norfolk,norfolk,2019/20,1,1985,54,394,31,128,219,38,864,2849,14455,1985,54,394,31,128,219,38,864,2849,14455,2133,44,418,33,162,228,108,993,3126,16215,2133,44,418,33,162,228,108,993,3126,16215
Norfolk,norfolk,2019/20,2,2056,48,363,26,126,195,81,839,2895,14007,2056,48,363,26,126,195,81,839,2895,14007,2170,51,379,31,166,203,83,913,3083,17165,2170,51,379,31,166,203,83,913,3083,17165
Norfolk,norfolk,2019/20,3,2072,39,358,31,176,212,79,895,2967,18276,2072,39,358,31,176,212,79,895,2967,18276,2076,50,335,33,148,178,95,839,2915,16066,2076,50,335,33,148,178,95,839,2915,16066
Norfolk,norfolk,2019/20,4,2160,71,332,47,191,204,96,941,3101,19403,2160,71,332,47,191,204,96,941,3101,19403,2012,75,311,33,142,177,90,828,2840,15992,2012,75,311,33,142,177,90,828,2840,15992
Norfolk,norfolk,2020/21,1,2048,68,354,25,241,153,91,932,2980,15115,2048,68,354,25,241,153,91,932,2980,15115,1931,50,347,29,237,126,85,874,2805,14580,1931,50,347,29,237,126,85,874,2805,14580
Norfolk,norfolk,2020/21,2,1819,36,355,28,181,145,125,870,2689,17009,1819,36,355,28,181,145,125,870,2689,17009,1900,33,341,32,183,158,122,869,2769,17861,1900,33,341,32,183,158,122,869,2769,17861
Norfolk,norfolk,2020/21,3,1597,35,328,36,201,182,132,914,2511,16501,1597,35,328,36,201,182,132,914,2511,16501,1536,28,316,35,194,183,113,869,2405,15972,1536,28,316,35,194,183,113,869,2405,15972
Norfolk,norfolk,2020/21,4,1381,38,256,22,142,171,86,715,2096,14124,1381,38,256,22,142,171,86,715,2096,14124,1397,35,252,25,150,166,92,720,2117,14103,1397,35,252,25,150,166,92,720,2117,14103
Norfolk,norfolk,2021/22,1,1679,24,305,36,163,177,101,806,2485,16327,1679,24,305,36,163,177,101,806,2485,16327,1730,39,337,34,171,237,118,936,2666,17791,1730,39,337,34,171,237,118,936,2666,17791
Norfolk,norfolk,2021/22,2,1584,30,318,38,140,212,99,837,2421,17766,1584,30,318,38,140,212,99,837,2421,17766,1757,28,296,37,134,229,83,807,2564,18117,1757,28,296,37,134,229,83,807,2564,18117
Norfolk,norfolk,2021/22,3,1761,37,270,31,102,253,104,797,2558,17173,1761,37,270,31,102,253,104,797,2558,17173,1688,22,303,27,100,246,98,796,2484,16783,1688,22,303,27,100,246,98,796,2484,16783
Norfolk,norfolk,2021/22,4,1728,36,314,16,115,230,77,788,2516,16005,1728,36,314,16,115,230,77,788,2516,16005,1788,31,287,18,117,251,114,818,2606,16414,1788,31,287,18,117,251,114,818,2606,16414
Norfolk,norfolk,2022/23,1,1718,18,257,22,97,295,88,777,2495,16678,1718,18,257,22,97,295,88,777,2495,16678,1916,25,266,16,88,366,136,897,2813,17816,1916,25,266,16,88,366,136,897,2813,17816
Norfolk,norfolk,2022/23,2,1901,16,273,0,9,439,121,858,2759,18871,1901,16,273,0,9,439,121,858,2759,18871,1837,16,279,1,1,464,95,856,2693,18033,1837,16,279,1,1,464,95,856,2693,18033
Norfolk,norfolk,2022/23,3,1894,9,323,0,3,550,139,1024,2918,16739,1894,9,323,0,3,550,139,1024,2918,16739,1817,19,297,0,3,486,120,925,2742,15713,1817,19,297,0,3,486,120,925,2742,15713
Norfolk,norfolk,2022/23,4,1880,25,271,1,1,438,115,851,2731,15536,1880,25,271,1,1,438,115,851,2731,15536,1836,21,277,0,1,466,140,905,2741,15553,1836,21,277,0,1,466,140,905,2741,15553
Norfolk,norfolk,2023/24,1,1865,13,295,0,2,508,139,957,2822,15767,1865,13,295,0,2,508,139,957,2822,15767,1939,16,286,0,1,544,118,965,2904,15736,1939,16,286,0,1,544,118,965,2904,15736
Norfolk,norfolk,2023/24,2,1864,16,272,0,2,488,96,874,2738,15518,1864,16,272,0,2,488,96,874,2738,15518,2003,18,248,0,2,445,69,782,2785,15440,2003,18,248,0,2,445,69,782,2785,15440
Norfolk,norfolk,2023/24,3,1995,16,291,0,3,496,82,888,2883,15228,1995,16,291,0,3,496,82,888,2883,15228,1850,17,290,0,3,506,95,911,2761,14296,1850,17,290,0,3,506,95,911,2761,14296
Norfolk,norfolk,2023/24,4,2040,24,242,0,0,540,102,908,2948,13958,2040,24,242,0,0,540,102,908,2948,13958,1908,27,239,0,0,530,111,907,2815,13871,1908,27,239,0,0,530,111,907,2815,13871
Norfolk,norfolk,2024/25,1,2194,29,258,0,1,663,110,1061,3255,15112,2194,29,258,0,1,663,110,1061,3255,15112,2240,10,275,0,1,708,93,1087,3327,15444,2240,10,275,0,1,708,93,1087,3327,15444
Norfolk,norfolk,2024/25,2,1896,19,262,0,1,733,86,1101,2997,15229,1896,19,262,0,1,733,86,1101,2997,15229,1931,17,267,0,1,719,59,1063,2994,15296,1931,17,267,0,1,719,59,1063,2994,15296
Norfolk,norfolk,2024/25,3,1977,4,261,0,0,719,79,1063,3040,15274,1977,4,261,0,0,719,79,1063,3040,15274,1881,10,227,0,0,673,71,981,2862,14447,1881,10,227,0,0,673,71,981,2862,14447
Norfolk,norfolk,2024/25,4,2015,19,205,0,1,677,52,954,2969,13778,2015,19,205,0,1,677,52,954,2969,13778,1942,20,188,0,1,702,81,992,2934,13803,1942,20,188,0,1,702,81,992,2934,13803
Norfolk,norfolk,2025/26,1,2003,12,199,0,1,758,72,1042,3045,14658,2003,12,199,0,1,758,72,1042,3045,14658,1926,8,206,0,1,753,77,1045,2971,14579,1926,8,206,0,1,753,77,1045,2971,14579
Norfolk,norfolk,2025/26,2,1972,9,191,0,1,707,65,973,2945,14923,1972,9,191,0,1,707,65,973,2945,14923,1963,8,196,0,1,750,46,1001,2964,14729,1963,8,196,0,1,750,46,1001,2964,14729
Norfolk,norfolk,2025/26,3,2287,13,225,0,0,746,98,1082,3369,14371,2287,13,225,0,0,746,98,1082,3369,14371,1850,12,189,0,0,644,77,922,2772,13372,1850,12,189,0,0,644,77,922,2772,13372
Norfolk,norfolk,2025/26,4,2246,16,177,0,1,626,56,876,3122,14004,2246,16,177,0,1,626,56,876,3122,14004,1354,4,141,0,1,554,21,721,2075,11386,1354,4,141,0,1,554,21,721,2075,11386
North Wales,north-wales,2014/15,1,1868,98,281,137,121,433,0,1070,2938,8592,1867,98,281,137,121,433,0,1070,2937,8591,2045,109,304,144,133,501,0,1191,3236,9660,2045,109,304,144,133,501,0,1191,3236,9660
North Wales,north-wales,2014/15,2,2184,89,358,120,145,525,0,1237,3421,9603,2183,89,358,120,145,525,0,1237,3420,9602,2122,60,373,116,139,507,0,1195,3317,9473,2122,60,373,116,139,507,0,1195,3317,9473
North Wales,north-wales,2014/15,3,1930,75,357,102,114,438,0,1086,3016,8764,1930,75,357,102,114,438,0,1086,3016,8764,1920,81,348,101,118,402,0,1050,2970,9040,1920,81,348,101,118,402,0,1050,2970,9040
North Wales,north-wales,2014/15,4,1989,64,304,92,131,374,0,965,2954,9185,1989,64,304,92,131,374,0,965,2954,9185,1895,62,270,88,124,391,0,935,2830,8537,1895,62,270,88,124,391,0,935,2830,8537
North Wales,north-wales,2015/16,1,1798,57,305,101,107,413,0,983,2781,8216,1798,57,305,101,107,413,0,983,2781,8216,1873,66,321,100,105,469,0,1061,2934,9339,1873,66,321,100,105,469,0,1061,2934,9339
North Wales,north-wales,2015/16,2,1970,57,332,85,81,482,0,1037,3007,10219,1970,57,332,85,81,482,0,1037,3007,10219,2096,53,329,90,82,464,0,1018,3114,10098,2096,53,329,90,82,464,0,1018,3114,10098
North Wales,north-wales,2015/16,3,2088,48,245,76,79,482,0,930,3018,9727,2088,48,245,76,79,482,0,930,3018,9727,1989,45,237,73,74,450,0,879,2868,9703,1989,45,237,73,74,450,0,879,2868,9703
North Wales,north-wales,2015/16,4,1849,40,275,66,79,354,0,814,2663,8910,1849,40,275,66,79,354,0,814,2663,8910,1821,35,296,70,75,377,0,853,2674,9506,1821,35,296,70,75,377,0,853,2674,9506
North Wales,north-wales,2016/17,1,1829,36,276,71,72,395,0,850,2679,6772,1829,36,276,71,72,395,0,850,2679,6772,1917,37,279,65,83,444,0,908,2825,9973,1917,37,279,65,83,444,0,908,2825,9973
North Wales,north-wales,2016/17,2,1657,28,237,45,49,341,0,700,2357,7095,1657,28,237,45,49,341,0,700,2357,7095,1868,42,282,55,60,395,0,834,2702,10060,1868,42,282,55,60,395,0,834,2702,10060
North Wales,north-wales,2016/17,3,1516,51,222,48,70,390,0,781,2297,11680,1516,51,222,48,70,390,0,781,2297,11680,1750,36,232,42,85,370,0,765,2515,9804,1750,36,232,42,85,370,0,765,2515,9804
North Wales,north-wales,2016/17,4,2044,46,233,39,88,417,0,823,2867,13013,2044,46,233,39,88,417,0,823,2867,13013,1659,35,165,31,65,289,0,585,2244,9643,1659,35,165,31,65,289,0,585,2244,9643
North Wales,north-wales,2017/18,1,1592,21,162,32,80,239,0,534,2126,9576,1592,21,162,32,80,239,0,534,2126,9576,1854,52,189,41,79,271,0,632,2486,12225,1854,52,189,41,79,271,0,632,2486,12225
North Wales,north-wales,2017/18,2,1720,53,174,35,62,255,0,579,2299,10359,1720,53,174,35,62,255,0,579,2299,10359,1908,44,184,34,67,286,0,615,2523,13409,1908,44,184,34,67,286,0,615,2523,13409
North Wales,north-wales,2017/18,3,1254,22,132,23,53,167,0,397,1651,10961,1254,22,132,23,53,167,0,397,1651,10961,1669,43,188,26,63,276,0,596,2265,12800,1669,43,188,26,63,276,0,596,2265,12800
North Wales,north-wales,2017/18,4,2269,49,250,48,94,327,0,768,3037,13359,2269,49,250,48,94,327,0,768,3037,13359,1655,30,160,40,88,262,0,580,2235,13141,1655,30,160,40,88,262,0,580,2235,13141
North Wales,north-wales,2018/19,1,1415,25,131,27,72,204,0,459,1874,11379,1415,25,131,27,72,204,0,459,1874,11379,1716,38,148,22,68,255,0,531,2247,14366,1716,38,148,22,68,255,0,531,2247,14366
North Wales,north-wales,2018/19,2,1867,32,165,28,71,285,0,581,2448,18827,1867,32,165,28,71,285,0,581,2448,18827,1872,37,191,32,71,237,0,568,2440,15799,1872,37,191,32,71,237,0,568,2440,15799
North Wales,north-wales,2018/19,3,1458,31,152,28,55,211,0,477,1935,15574,1458,31,152,28,55,211,0,477,1935,15574,1536,28,167,23,57,249,1,525,2061,14956,1536,28,167,23,57,249,1,525,2061,14956
North Wales,north-wales,2018/19,4,1841,43,169,22,79,301,0,614,2455,15666,1841,43,169,22,79,301,0,614,2455,15666,1717,41,160,28,75,233,1,538,2255,14705,1717,41,160,28,75,233,1,538,2255,14705
North Wales,north-wales,2019/20,1,1511,29,159,27,71,212,0,498,2009,12822,1511,29,159,27,71,212,0,498,2009,12822,1609,37,134,23,71,279,1,545,2154,15793,1609,37,134,23,71,279,1,545,2154,15793
North Wales,north-wales,2019/20,2,1566,51,114,15,55,299,0,534,2100,14076,1566,51,114,15,55,299,0,534,2100,14076,1720,35,136,5,44,337,2,559,2279,16069,1720,35,136,5,44,337,2,559,2279,16069
North Wales,north-wales,2019/20,3,1582,29,144,0,9,336,1,519,2101,13922,1582,29,144,0,9,336,1,519,2101,13922,1582,19,130,1,3,385,38,576,2158,14694,1582,19,130,1,3,385,38,576,2158,14694
North Wales,north-wales,2019/20,4,1684,33,135,1,4,456,70,699,2383,17113,1684,33,135,1,4,456,70,699,2383,17113,1549,31,93,0,1,352,83,560,2109,14028,1549,31,93,0,1,352,83,560,2109,14028
North Wales,north-wales,2020/21,1,1810,19,92,0,5,391,97,604,2414,15711,1810,19,92,0,5,391,97,604,2414,15711,1644,10,61,0,5,330,111,517,2161,12912,1644,10,61,0,5,330,111,517,2161,12912
North Wales,north-wales,2020/21,2,1502,16,51,1,0,282,55,405,1907,9085,1502,16,51,1,0,282,55,405,1907,9085,1681,28,70,1,0,321,106,526,2207,16154,1681,28,70,1,0,321,106,526,2207,16154
North Wales,north-wales,2020/21,3,1542,27,49,0,3,318,86,483,2025,16268,1542,27,49,0,3,318,86,483,2025,16268,1357,30,59,0,2,281,142,514,1871,13359,1357,30,59,0,2,281,142,514,1871,13359
North Wales,north-wales,2020/21,4,1336,32,69,0,0,270,208,579,1915,21481,1336,32,69,0,0,270,208,579,1915,21481,1256,21,47,0,1,242,182,493,1749,12442,1256,21,47,0,1,242,182,493,1749,12442
North Wales,north-wales,2021/22,1,1211,26,42,0,1,220,128,417,1628,8693,1211,26,42,0,1,220,128,417,1628,8693,1402,27,43,0,0,306,180,556,1958,15742,1402,27,43,0,0,306,180,556,1958,15742
North Wales,north-wales,2021/22,2,1143,6,56,0,0,248,95,405,1548,6408,1143,6,56,0,0,248,95,405,1548,6408,1484,19,55,0,0,384,185,643,2127,18250,1484,19,55,0,0,384,185,643,2127,18250
North Wales,north-wales,2021/22,3,1502,24,43,0,0,330,234,631,2133,20325,1502,24,43,0,0,330,234,631,2133,20325,1433,30,50,0,0,361,164,605,2038,16480,1433,30,50,0,0,361,164,605,2038,16480
North Wales,north-wales,2021/22,4,1603,24,62,0,0,438,171,695,2298,21187,1603,24,62,0,0,438,171,695,2298,21187,1485,36,51,0,0,429,158,674,2159,15974,1485,36,51,0,0,429,158,674,2159,15974
North Wales,north-wales,2022/23,1,1344,20,40,0,0,341,82,483,1827,6587,1344,20,40,0,0,341,82,483,1827,6587,1557,25,46,0,0,441,150,662,2219,16918,1557,25,46,0,0,441,150,662,2219,16918
North Wales,north-wales,2022/23,2,1389,37,38,0,0,362,139,576,1965,14584,1389,37,38,0,0,362,139,576,1965,14584,1543,31,40,0,0,344,163,578,2121,16066,1543,31,40,0,0,344,163,578,2121,16066
North Wales,north-wales,2022/23,3,1597,21,52,0,0,447,130,650,2247,18757,1597,21,52,0,0,447,130,650,2247,18757,1411,19,59,0,0,381,164,623,2034,13842,1411,19,59,0,0,381,164,623,2034,13842
North Wales,north-wales,2022/23,4,1513,31,57,0,0,408,172,668,2181,18470,1513,31,57,0,0,408,172,668,2181,18470,1545,31,46,0,0,428,184,689,2234,13709,1545,31,46,0,0,428,184,689,2234,13709
North Wales,north-wales,2023/24,1,1375,19,33,0,0,329,124,505,1880,7215,1375,19,33,0,0,329,124,505,1880,7215,1520,44,40,0,0,414,145,643,2163,14766,1520,44,40,0,0,414,145,643,2163,14766
North Wales,north-wales,2023/24,2,1562,43,45,0,0,452,265,805,2367,28766,1562,43,45,0,0,452,265,805,2367,28766,1492,32,61,0,0,456,141,690,2182,14664,1492,32,61,0,0,456,141,690,2182,14664
North Wales,north-wales,2023/24,3,1731,33,58,0,0,549,145,785,2516,14643,1731,33,58,0,0,549,145,785,2516,14643,1484,30,41,0,0,364,179,614,2098,13378,1484,30,41,0,0,364,179,614,2098,13378
North Wales,north-wales,2023/24,4,1356,25,44,0,0,354,170,593,1949,14156,1356,25,44,0,0,354,170,593,1949,14156,1359,22,47,0,0,329,152,550,1909,12432,1359,22,47,0,0,329,152,550,1909,12432
North Wales,north-wales,2024/25,1,1323,43,39,0,0,328,155,565,1888,13004,1323,43,39,0,0,328,155,565,1888,13004,1453,33,50,0,0,351,159,593,2046,13622,1453,33,50,0,0,351,159,593,2046,13622
North Wales,north-wales,2024/25,2,1372,25,62,0,0,329,62,478,1850,13350,1372,25,62,0,0,329,62,478,1850,13350,1509,22,51,0,0,388,174,635,2144,13644,1509,22,51,0,0,388,174,635,2144,13644
North Wales,north-wales,2024/25,3,1673,29,34,0,0,405,191,659,2332,13312,1673,29,34,0,0,405,191,659,2332,13312,1420,33,45,0,0,388,175,641,2061,12672,1420,33,45,0,0,388,175,641,2061,12672
North Wales,north-wales,2024/25,4,1607,15,69,0,0,426,242,752,2359,13138,1607,15,69,0,0,426,242,752,2359,13138,1379,35,57,0,0,385,195,672,2051,11934,1379,35,57,0,0,385,195,672,2051,11934
North Wales,north-wales,2025/26,1,1330,48,42,0,0,437,187,714,2044,12768,1330,48,42,0,0,437,187,714,2044,12768,1436,33,41,0,0,545,182,801,2237,12902,1436,33,41,0,0,545,182,801,2237,12902
North Wales,north-wales,2025/26,2,1696,16,52,0,0,556,149,773,2469,13985,1696,16,52,0,0,556,149,773,2469,13985,1641,31,48,0,0,646,139,864,2505,13686,1641,31,48,0,0,646,139,864,2505,13686
North Wales,north-wales,2025/26,3,1892,41,56,0,1,772,197,1067,2959,13262,1892,41,56,0,1,772,197,1067,2959,13262,1524,10,45,0,1,611,141,808,2332,11112,1524,10,45,0,1,611,141,808,2332,11112
North Wales,north-wales,2025/26,4,1636,35,43,0,0,558,198,834,2470,10667,1636,35,43,0,0,558,198,834,2470,10667,1127,0,20,0,0,453,93,566,1693,9423,1127,0,20,0,0,453,93,566,1693,9423
North Yorkshire,north-yorkshire,2014/15,1,1915,94,277,54,170,580,0,1175,3090,8723,1915,94,277,54,170,580,0,1175,3090,8720,1937,96,306,59,171,607,0,1239,3176,8698,1937,96,306,59,171,607,0,1239,3176,8698
North Yorkshire,north-yorkshire,2014/15,2,1969,74,272,42,163,492,0,1043,3012,8802,1967,74,272,42,163,492,0,1043,3010,8797,2040,69,306,34,159,500,0,1068,3108,9078,2040,69,306,34,159,500,0,1068,3108,9078
North Yorkshire,north-yorkshire,2014/15,3,1737,70,329,48,161,518,0,1126,2863,8714,1730,70,329,48,161,518,0,1126,2856,8703,1721,80,303,54,166,516,0,1119,2840,8692,1721,80,303,54,166,516,0,1119,2840,8692
North Yorkshire,north-yorkshire,2014/15,4,1717,81,265,39,153,512,0,1050,2767,8169,1715,81,265,39,153,512,0,1050,2765,8165,1706,65,251,41,148,550,0,1055,2761,8120,1706,65,251,41,148,550,0,1055,2761,8120
North Yorkshire,north-yorkshire,2015/16,1,1580,84,286,44,153,528,0,1095,2675,8592,1580,84,286,44,153,528,0,1095,2675,8592,1762,103,308,47,158,537,0,1153,2915,9702,1762,103,308,47,158,537,0,1153,2915,9702
North Yorkshire,north-yorkshire,2015/16,2,1618,66,253,49,132,449,0,949,2567,8772,1618,66,253,49,132,449,0,949,2567,8772,1799,79,292,49,161,499,0,1080,2879,9951,1799,79,292,49,161,499,0,1080,2879,9951
North Yorkshire,north-yorkshire,2015/16,3,1801,82,330,31,147,516,0,1106,2907,10590,1801,82,330,31,147,516,0,1106,2907,10590,1733,68,300,28,135,519,0,1050,2783,9862,1733,68,300,28,135,519,0,1050,2783,9862
North Yorkshire,north-yorkshire,2015/16,4,1694,72,260,27,127,414,0,900,2594,8856,1694,72,260,27,127,414,0,900,2594,8856,1695,71,266,29,133,439,0,938,2633,9440,1695,71,266,29,133,439,0,938,2633,9440
North Yorkshire,north-yorkshire,2016/17,1,1785,70,268,42,123,568,0,1071,2856,9944,1785,70,268,42,123,568,0,1071,2856,9944,1752,65,256,38,107,503,0,969,2721,9422,1752,65,256,38,107,503,0,969,2721,9422
North Yorkshire,north-yorkshire,2016/17,2,1825,60,300,37,104,453,0,954,2779,9853,1825,60,300,37,104,453,0,954,2779,9853,1823,53,290,35,104,474,0,956,2779,10054,1823,53,290,35,104,474,0,956,2779,10054
North Yorkshire,north-yorkshire,2016/17,3,1677,59,270,26,91,495,0,941,2618,9327,1677,59,270,26,91,495,0,941,2618,9327,1641,69,279,27,94,464,0,933,2574,9050,1641,69,279,27,94,464,0,933,2574,9050
North Yorkshire,north-yorkshire,2016/17,4,1667,64,248,29,117,504,0,962,2629,9150,1667,64,248,29,117,504,0,962,2629,9150,1664,76,237,24,111,526,0,974,2638,9023,1664,76,237,24,111,526,0,974,2638,9023
North Yorkshire,north-yorkshire,2017/18,1,1373,58,219,19,85,439,0,820,2193,8216,1373,58,219,19,85,439,0,820,2193,8216,1699,52,220,22,94,527,0,915,2614,9731,1699,52,220,22,94,527,0,915,2614,9731
North Yorkshire,north-yorkshire,2017/18,2,1182,10,169,29,108,352,0,668,1850,7171,1182,10,169,29,108,352,0,668,1850,7171,1663,38,226,33,114,548,2,961,2624,9875,1663,38,226,33,114,548,2,961,2624,9875
North Yorkshire,north-yorkshire,2017/18,3,1203,20,173,20,78,368,0,659,1862,7363,1203,20,173,20,78,368,0,659,1862,7363,1546,35,252,22,82,532,2,925,2471,9809,1546,35,252,22,82,532,2,925,2471,9809
North Yorkshire,north-yorkshire,2017/18,4,1042,19,150,16,73,236,0,494,1536,5612,1042,19,150,16,73,236,0,494,1536,5612,1524,43,260,25,84,476,1,889,2413,9590,1524,43,260,25,84,476,1,889,2413,9590
North Yorkshire,north-yorkshire,2018/19,1,1028,7,175,5,93,209,0,489,1517,5325,1028,7,175,5,93,209,0,489,1517,5325,1922,38,269,25,124,537,44,1037,2959,11494,1922,38,269,25,124,537,44,1037,2959,11494
North Yorkshire,north-yorkshire,2018/19,2,691,6,134,6,66,140,0,352,1043,4519,691,6,134,6,66,140,0,352,1043,4519,1635,31,279,19,95,457,45,926,2561,11717,1635,31,279,19,95,457,45,926,2561,11717
North Yorkshire,north-yorkshire,2018/19,3,782,11,133,14,63,194,0,415,1197,5532,782,11,133,14,63,194,0,415,1197,5532,1507,36,240,29,79,485,44,913,2420,11224,1507,36,240,29,79,485,44,913,2420,11224
North Yorkshire,north-yorkshire,2018/19,4,835,11,144,13,88,262,0,518,1353,6183,835,11,144,13,88,262,0,518,1353,6183,1457,50,231,20,86,411,57,855,2312,11321,1457,50,231,20,86,411,57,855,2312,11321
North Yorkshire,north-yorkshire,2019/20,1,1292,34,183,16,69,385,0,687,1979,8748,1292,34,183,16,69,385,0,687,1979,8748,1538,37,209,19,86,496,32,879,2417,11920,1538,37,209,19,86,496,32,879,2417,11920
North Yorkshire,north-yorkshire,2019/20,2,635,4,104,7,72,125,0,312,947,5190,635,4,104,7,72,125,0,312,947,5190,1414,30,194,16,99,434,24,797,2211,12308,1414,30,194,16,99,434,24,797,2211,12308
North Yorkshire,north-yorkshire,2019/20,3,661,6,121,11,58,148,0,344,1005,5276,661,6,121,11,58,148,0,344,1005,5276,1446,38,205,20,76,412,33,784,2230,11606,1446,38,205,20,76,412,33,784,2230,11606
North Yorkshire,north-yorkshire,2019/20,4,914,9,159,14,75,195,0,452,1366,7277,914,9,159,14,75,195,0,452,1366,7277,1241,40,164,20,95,392,14,725,1966,10673,1241,40,164,20,95,392,14,725,1966,10673
North Yorkshire,north-yorkshire,2020/21,1,5599,213,777,88,271,2082,158,3589,9188,41870,5599,213,777,88,271,2082,158,3589,9188,41870,1302,21,168,21,166,175,69,620,1922,8990,1302,21,168,21,166,175,69,620,1922,8990
North Yorkshire,north-yorkshire,2020/21,2,2415,66,274,31,135,588,169,1263,3678,17367,2415,66,274,31,135,588,169,1263,3678,17367,1308,39,231,30,95,264,122,781,2089,11211,1308,39,231,30,95,264,122,781,2089,11211
North Yorkshire,north-yorkshire,2020/21,3,1481,54,251,26,74,447,107,959,2440,15523,1481,54,251,26,74,447,107,959,2440,15523,1188,39,176,25,100,245,113,698,1886,10254,1188,39,176,25,100,245,113,698,1886,10254
North Yorkshire,north-yorkshire,2020/21,4,1697,46,241,30,142,415,138,1012,2709,13797,1697,46,241,30,142,415,138,1012,2709,13797,1010,45,142,12,116,177,111,603,1613,8700,1010,45,142,12,116,177,111,603,1613,8700
North Yorkshire,north-yorkshire,2021/22,1,1203,40,191,20,86,262,118,717,1920,12175,1203,40,191,20,86,262,118,717,1920,12175,1162,38,180,25,95,280,134,752,1914,11619,1162,38,180,25,95,280,134,752,1914,11619
North Yorkshire,north-yorkshire,2021/22,2,886,39,151,22,79,220,109,620,1506,9994,886,39,151,22,79,220,109,620,1506,9994,1179,12,154,18,87,299,163,733,1912,12523,1179,12,154,18,87,299,163,733,1912,12523
North Yorkshire,north-yorkshire,2021/22,3,992,14,151,9,50,256,132,612,1604,11277,992,14,151,9,50,256,132,612,1604,11277,1144,25,151,18,72,249,191,706,1850,11702,1144,25,151,18,72,249,191,706,1850,11702
North Yorkshire,north-yorkshire,2021/22,4,887,38,115,12,32,181,145,523,1410,9815,887,38,115,12,32,181,145,523,1410,9815,973,28,141,17,74,263,211,734,1707,11076,973,28,141,17,74,263,211,734,1707,11076
North Yorkshire,north-yorkshire,2022/23,1,704,11,96,6,35,224,77,449,1153,8500,704,11,96,6,35,224,77,449,1153,8500,1015,10,142,16,84,277,208,737,1752,12079,1015,10,142,16,84,277,208,737,1752,12079
North Yorkshire,north-yorkshire,2022/23,2,671,27,82,14,55,135,102,415,1086,7665,671,27,82,14,55,135,102,415,1086,7665,1036,15,136,16,70,193,177,607,1643,13306,1036,15,136,16,70,193,177,607,1643,13306
North Yorkshire,north-yorkshire,2022/23,3,747,17,94,16,133,167,172,599,1346,9124,747,17,94,16,133,167,172,599,1346,9124,1075,19,166,8,82,193,177,645,1720,11799,1075,19,166,8,82,193,177,645,1720,11799
North Yorkshire,north-yorkshire,2022/23,4,1980,22,304,46,151,544,294,1361,3341,20555,1980,22,304,46,151,544,294,1361,3341,20555,1182,36,112,17,68,214,204,651,1833,11947,1182,36,112,17,68,214,204,651,1833,11947
North Yorkshire,north-yorkshire,2023/24,1,1091,23,107,8,81,159,286,664,1755,14802,1091,23,107,8,81,159,286,664,1755,14802,1212,16,106,8,79,225,211,645,1857,12195,1212,16,106,8,79,225,211,645,1857,12195
North Yorkshire,north-yorkshire,2023/24,2,1222,28,109,8,72,234,224,675,1897,13114,1222,28,109,8,72,234,224,675,1897,13114,1252,20,123,9,64,187,146,549,1801,12561,1252,20,123,9,64,187,146,549,1801,12561
North Yorkshire,north-yorkshire,2023/24,3,1296,11,122,9,62,211,176,591,1887,12079,1296,11,122,9,62,211,176,591,1887,12079,1327,12,135,11,63,226,154,601,1928,11679,1327,12,135,11,63,226,154,601,1928,11679
North Yorkshire,north-yorkshire,2023/24,4,1270,16,151,12,90,232,196,697,1967,12771,1270,16,151,12,90,232,196,697,1967,12771,1219,14,117,10,63,182,193,579,1798,10906,1219,14,117,10,63,182,193,579,1798,10906
North Yorkshire,north-yorkshire,2024/25,1,1515,20,146,6,61,166,207,606,2121,12277,1515,20,146,6,61,166,207,606,2121,12277,1386,16,109,6,57,172,152,512,1898,11788,1386,16,109,6,57,172,152,512,1898,11788
North Yorkshire,north-yorkshire,2024/25,2,1857,18,119,12,72,214,165,600,2457,12771,1857,18,119,12,72,214,165,600,2457,12771,1385,14,79,4,52,254,124,527,1912,11721,1385,14,79,4,52,254,124,527,1912,11721
North Yorkshire,north-yorkshire,2024/25,3,1555,17,59,0,18,293,109,496,2051,12818,1555,17,59,0,18,293,109,496,2051,12818,1299,6,49,0,5,245,101,406,1705,10767,1299,6,49,0,5,245,101,406,1705,10767
North Yorkshire,north-yorkshire,2024/25,4,1409,20,43,0,2,287,92,444,1853,11728,1409,20,43,0,2,287,92,444,1853,11728,1286,23,36,0,0,317,96,472,1758,10181,1286,23,36,0,0,317,96,472,1758,10181
North Yorkshire,north-yorkshire,2025/26,1,1357,11,44,0,0,325,95,475,1832,11110,1357,11,44,0,0,325,95,475,1832,11110,1297,21,45,0,0,346,71,483,1780,11301,1297,21,45,0,0,346,71,483,1780,11301
North Yorkshire,north-yorkshire,2025/26,2,1699,11,39,1,0,378,101,530,2229,12068,1699,11,39,1,0,378,101,530,2229,12068,1478,11,43,1,0,372,67,494,1972,11152,1478,11,43,1,0,372,67,494,1972,11152
North Yorkshire,north-yorkshire,2025/26,3,1574,22,52,0,2,403,85,564,2138,11157,1574,22,52,0,2,403,85,564,2138,11157,1161,2,48,0,1,353,61,465,1626,9739,1161,2,48,0,1,353,61,465,1626,9739
North Yorkshire,north-yorkshire,2025/26,4,1487,21,57,0,0,373,97,548,2035,10718,1487,21,57,0,0,373,97,548,2035,10718,923,0,18,0,0,273,32,323,1246,8070,923,0,18,0,0,273,32,323,1246,8070
Northamptonshire,northamptonshire,2014/15,1,1636,127,391,39,122,475,0,1154,2790,10907,1630,127,391,39,122,475,0,1154,2784,10885,1714,135,433,45,115,494,0,1222,2936,10965,1714,135,433,45,115,494,0,1222,2936,10965
Northamptonshire,northamptonshire,2014/15,2,1763,106,464,43,108,498,0,1219,2982,11168,1763,106,464,43,108,498,0,1219,2982,11165,1763,83,448,35,116,509,0,1191,2954,11432,1763,83,448,35,116,509,0,1191,2954,11432
Northamptonshire,northamptonshire,2014/15,3,1683,104,418,37,110,522,0,1191,2874,10864,1679,104,418,37,110,521,0,1190,2869,10856,1693,103,401,36,105,473,0,1118,2811,11778,1693,103,401,36,105,473,0,1118,2811,11778
Northamptonshire,northamptonshire,2014/15,4,1764,84,421,47,132,487,0,1171,2935,12188,1763,84,421,47,132,487,0,1171,2934,12185,1579,85,413,47,126,559,0,1230,2809,11102,1579,85,413,47,126,559,0,1230,2809,11102
Northamptonshire,northamptonshire,2015/16,1,1758,76,439,22,67,556,0,1160,2918,10443,1758,76,439,22,67,556,0,1160,2918,10443,1839,63,461,20,76,592,0,1212,3051,11928,1839,63,461,20,76,592,0,1212,3051,11928
Northamptonshire,northamptonshire,2015/16,2,1623,55,432,25,79,542,0,1133,2756,11589,1623,55,432,25,79,542,0,1133,2756,11589,1817,65,436,29,73,512,0,1115,2932,12098,1817,65,436,29,73,512,0,1115,2932,12098
Northamptonshire,northamptonshire,2015/16,3,1523,48,421,20,74,496,0,1059,2582,13713,1523,48,421,20,74,496,0,1059,2582,13713,1671,65,418,22,79,528,0,1112,2783,12546,1671,65,418,22,79,528,0,1112,2783,12546
Northamptonshire,northamptonshire,2015/16,4,1600,65,328,23,68,495,0,979,2579,11283,1600,65,328,23,68,495,0,979,2579,11283,1552,62,339,18,74,462,0,955,2507,12610,1552,62,339,18,74,462,0,955,2507,12610
Northamptonshire,northamptonshire,2016/17,1,1134,56,317,20,71,385,0,849,1983,11793,1134,56,317,20,71,385,0,849,1983,11793,1429,50,331,25,61,371,0,838,2267,12786,1429,50,331,25,61,371,0,838,2267,12786
Northamptonshire,northamptonshire,2016/17,2,1320,50,314,15,68,362,0,809,2129,13189,1320,50,314,15,68,362,0,809,2129,13189,1412,36,338,14,76,351,0,815,2227,13665,1412,36,338,14,76,351,0,815,2227,13665
Northamptonshire,northamptonshire,2016/17,3,1767,49,330,17,77,350,0,823,2590,15659,1767,49,330,17,77,350,0,823,2590,15659,1554,40,294,13,74,306,0,727,2281,14074,1554,40,294,13,74,306,0,727,2281,14074
Northamptonshire,northamptonshire,2016/17,4,1422,29,263,19,69,255,0,635,2057,13907,1422,29,263,19,69,255,0,635,2057,13907,1429,42,255,19,63,258,0,637,2066,13865,1429,42,255,19,63,258,0,637,2066,13865
Northamptonshire,northamptonshire,2017/18,1,1292,42,274,16,49,260,0,641,1933,13324,1292,42,274,16,49,260,0,641,1933,13324,1459,43,282,19,54,308,0,706,2165,13800,1459,43,282,19,54,308,0,706,2165,13800
Northamptonshire,northamptonshire,2017/18,2,1480,37,227,24,66,243,0,597,2077,13965,1480,37,227,24,66,243,0,597,2077,13965,1459,48,214,17,63,208,0,550,2009,13778,1459,48,214,17,63,208,0,550,2009,13778
Northamptonshire,northamptonshire,2017/18,3,1386,33,246,8,73,249,0,609,1995,13629,1386,33,246,8,73,249,0,609,1995,13629,1350,54,247,11,83,227,0,622,1972,13674,1350,54,247,11,83,227,0,622,1972,13674
Northamptonshire,northamptonshire,2017/18,4,1263,67,236,19,67,190,0,579,1842,12579,1263,67,236,19,67,190,0,579,1842,12579,1371,50,245,21,67,164,0,547,1918,13473,1371,50,245,21,67,164,0,547,1918,13473
Northamptonshire,northamptonshire,2018/19,1,1188,42,253,14,90,159,0,558,1746,13645,1188,42,253,14,90,159,0,558,1746,13645,1476,40,265,16,95,174,0,590,2066,14709,1476,40,265,16,95,174,0,590,2066,14709
Northamptonshire,northamptonshire,2018/19,2,1420,35,286,24,99,162,0,606,2026,15318,1420,35,286,24,99,162,0,606,2026,15318,1463,44,281,22,90,164,0,601,2064,15612,1463,44,281,22,90,164,0,601,2064,15612
Northamptonshire,northamptonshire,2018/19,3,1426,32,215,16,96,146,0,505,1931,15177,1426,32,215,16,96,146,0,505,1931,15177,1356,33,241,14,98,170,1,557,1913,14962,1356,33,241,14,98,170,1,557,1913,14962
Northamptonshire,northamptonshire,2018/19,4,1294,45,243,11,96,187,0,582,1876,15778,1294,45,243,11,96,187,0,582,1876,15778,1341,32,228,10,101,168,0,539,1880,15521,1341,32,228,10,101,168,0,539,1880,15521
Northamptonshire,northamptonshire,2019/20,1,1150,30,227,13,110,150,0,530,1680,14669,1150,30,227,13,110,150,0,530,1680,14669,1282,39,238,15,97,148,1,538,1820,15349,1282,39,238,15,97,148,1,538,1820,15349
Northamptonshire,northamptonshire,2019/20,2,1374,37,205,14,84,170,1,511,1885,15560,1374,37,205,14,84,170,1,511,1885,15560,1381,44,197,14,91,142,2,490,1871,15609,1381,44,197,14,91,142,2,490,1871,15609
Northamptonshire,northamptonshire,2019/20,3,1338,38,220,19,113,134,0,524,1862,16659,1338,38,220,19,113,134,0,524,1862,16659,1301,35,187,17,106,136,1,482,1783,15749,1301,35,187,17,106,136,1,482,1783,15749
Northamptonshire,northamptonshire,2019/20,4,1608,42,163,3,30,221,2,461,2069,16993,1608,42,163,3,30,221,2,461,2069,16993,1533,47,149,0,21,256,6,479,2012,16157,1533,47,149,0,21,256,6,479,2012,16157
Northamptonshire,northamptonshire,2020/21,1,1269,45,162,0,3,310,7,527,1796,14750,1269,45,162,0,3,310,7,527,1796,14750,1215,42,164,0,0,295,10,511,1726,13638,1215,42,164,0,0,295,10,511,1726,13638
Northamptonshire,northamptonshire,2020/21,2,1193,50,169,0,1,278,17,515,1708,15608,1193,50,169,0,1,278,17,515,1708,15608,1334,46,186,0,1,321,24,578,1912,16789,1334,46,186,0,1,321,24,578,1912,16789
Northamptonshire,northamptonshire,2020/21,3,1323,42,167,0,0,379,31,619,1942,16623,1323,42,167,0,0,379,31,619,1942,16623,1142,31,170,0,0,375,34,610,1752,16432,1142,31,170,0,0,375,34,610,1752,16432
Northamptonshire,northamptonshire,2020/21,4,1135,36,201,0,1,384,29,651,1786,14328,1135,36,201,0,1,384,29,651,1786,14328,976,43,201,0,0,452,46,742,1718,14288,976,43,201,0,0,452,46,742,1718,14288
Northamptonshire,northamptonshire,2021/22,1,1090,39,225,0,0,615,37,916,2006,14517,1090,39,225,0,0,615,37,916,2006,14517,1190,61,226,0,1,742,35,1065,2255,15376,1190,61,226,0,1,742,35,1065,2255,15376
Northamptonshire,northamptonshire,2021/22,2,1149,59,202,0,0,714,25,1000,2149,14721,1149,59,202,0,0,714,25,1000,2149,14721,1306,52,232,0,0,654,14,952,2258,15219,1306,52,232,0,0,654,14,952,2258,15219
Northamptonshire,northamptonshire,2021/22,3,1216,55,206,0,0,711,25,997,2213,15589,1216,55,206,0,0,711,25,997,2213,15589,1224,53,195,0,0,700,30,978,2202,15621,1224,53,195,0,0,700,30,978,2202,15621
Northamptonshire,northamptonshire,2021/22,4,1344,61,181,0,0,676,21,939,2283,15212,1344,61,181,0,0,676,21,939,2283,15212,1217,67,163,0,0,639,24,893,2110,15423,1217,67,163,0,0,639,24,893,2110,15423
Northamptonshire,northamptonshire,2022/23,1,1334,44,185,0,0,655,28,912,2246,15806,1334,44,185,0,0,655,28,912,2246,15806,1274,37,184,0,0,701,72,994,2268,16194,1274,37,184,0,0,701,72,994,2268,16194
Northamptonshire,northamptonshire,2022/23,2,1239,43,186,0,1,638,82,950,2189,15985,1239,43,186,0,1,638,82,950,2189,15985,1282,26,174,0,0,660,83,943,2225,16312,1282,26,174,0,0,660,83,943,2225,16312
Northamptonshire,northamptonshire,2022/23,3,1215,34,169,0,0,723,88,1014,2229,16954,1215,34,169,0,0,723,88,1014,2229,16954,1234,20,181,0,0,681,80,962,2196,15468,1234,20,181,0,0,681,80,962,2196,15468
Northamptonshire,northamptonshire,2022/23,4,1422,20,192,0,0,709,82,1003,2425,15534,1422,20,192,0,0,709,82,1003,2425,15534,1242,15,171,0,0,692,68,946,2188,15705,1242,15,171,0,0,692,68,946,2188,15705
Northamptonshire,northamptonshire,2023/24,1,1329,24,172,0,0,712,73,981,2310,15919,1329,24,172,0,0,712,73,981,2310,15919,1417,20,159,0,0,735,103,1017,2434,15787,1417,20,159,0,0,735,103,1017,2434,15787
Northamptonshire,northamptonshire,2023/24,2,1385,21,159,0,0,580,92,852,2237,14996,1385,21,159,0,0,580,92,852,2237,14996,1365,15,159,0,0,556,101,831,2196,15054,1365,15,159,0,0,556,101,831,2196,15054
Northamptonshire,northamptonshire,2023/24,3,1325,16,135,0,0,485,95,731,2056,14689,1325,16,135,0,0,485,95,731,2056,14689,1373,12,162,0,0,478,108,760,2133,14512,1373,12,162,0,0,478,108,760,2133,14512
Northamptonshire,northamptonshire,2023/24,4,1480,13,157,0,0,491,129,790,2270,14585,1480,13,157,0,0,491,129,790,2270,14585,1493,23,138,0,0,460,121,742,2235,14473,1493,23,138,0,0,460,121,742,2235,14473
Northamptonshire,northamptonshire,2024/25,1,1517,26,136,0,0,484,106,752,2269,14642,1517,26,136,0,0,484,106,752,2269,14642,1474,26,138,0,0,447,85,696,2170,14870,1474,26,138,0,0,447,85,696,2170,14870
Northamptonshire,northamptonshire,2024/25,2,1563,24,151,0,0,410,80,665,2228,15328,1563,24,151,0,0,410,80,665,2228,15328,1594,20,169,0,0,458,65,712,2306,15386,1594,20,169,0,0,458,65,712,2306,15386
Northamptonshire,northamptonshire,2024/25,3,1493,14,151,0,0,397,100,662,2155,15148,1493,14,151,0,0,397,100,662,2155,15148,1381,20,135,0,0,415,65,635,2016,14335,1381,20,135,0,0,415,65,635,2016,14335
Northamptonshire,northamptonshire,2024/25,4,1728,24,136,0,0,417,26,603,2331,14147,1728,24,136,0,0,417,26,603,2331,14147,1487,24,128,0,0,353,28,533,2020,13865,1487,24,128,0,0,353,28,533,2020,13865
Northamptonshire,northamptonshire,2025/26,1,1480,19,138,0,0,378,17,552,2032,14326,1480,19,138,0,0,378,17,552,2032,14326,1429,22,138,0,0,426,43,629,2058,14556,1429,22,138,0,0,426,43,629,2058,14556
Northamptonshire,northamptonshire,2025/26,2,1612,22,147,0,0,389,48,606,2218,15349,1612,22,147,0,0,389,48,606,2218,15349,1539,17,132,0,0,354,53,556,2095,14558,1539,17,132,0,0,354,53,556,2095,14558
Northamptonshire,northamptonshire,2025/26,3,1509,25,118,0,0,336,63,542,2051,14197,1509,25,118,0,0,336,63,542,2051,14197,1157,12,106,0,0,298,26,442,1599,12720,1157,12,106,0,0,298,26,442,1599,12720
Northamptonshire,northamptonshire,2025/26,4,1558,12,162,0,0,307,29,510,2068,13196,1558,12,162,0,0,307,29,510,2068,13196,914,4,118,0,0,220,23,365,1279,10816,914,4,118,0,0,220,23,365,1279,10816
Northumbria,northumbria,2014/15,1,4889,254,1321,170,240,620,0,2605,7494,14530,4889,254,1321,170,240,620,0,2605,7494,14530,4912,288,1333,160,245,669,0,2695,7607,17002,4912,288,1333,160,245,669,0,2695,7607,17002
Northumbria,northumbria,2014/15,2,5224,260,1230,126,198,617,0,2431,7655,17012,5224,260,1230,126,198,617,0,2431,7655,17012,5287,239,1211,131,179,610,0,2370,7657,18020,5287,239,1211,131,179,610,0,2370,7657,18020
Northumbria,northumbria,2014/15,3,4814,263,1122,117,172,678,0,2352,7166,18281,4814,263,1122,117,172,678,0,2352,7166,18281,4852,279,1149,122,188,704,0,2442,7294,19030,4852,279,1149,122,188,704,0,2442,7294,19030
Northumbria,northumbria,2014/15,4,5073,236,1089,89,209,715,0,2338,7411,18539,5073,236,1089,89,209,715,0,2338,7411,18539,4811,229,1056,81,191,671,0,2228,7039,18542,4811,229,1056,81,191,671,0,2228,7039,18542
Northumbria,northumbria,2015/16,1,4491,220,1003,87,147,762,0,2219,6710,19601,4491,220,1003,87,147,762,0,2219,6710,19601,4810,217,1002,87,154,803,0,2263,7073,20234,4810,217,1002,87,154,803,0,2263,7073,20234
Northumbria,northumbria,2015/16,2,4829,201,905,77,141,749,0,2073,6902,20453,4829,201,905,77,141,749,0,2073,6902,20453,4805,232,922,80,134,717,0,2085,6890,20740,4805,232,922,80,134,717,0,2085,6890,20740
Northumbria,northumbria,2015/16,3,4859,234,896,77,143,791,0,2141,7000,25330,4859,234,896,77,143,791,0,2141,7000,25330,4996,212,920,77,155,845,0,2209,7205,25842,4996,212,920,77,155,845,0,2209,7205,25842
Northumbria,northumbria,2015/16,4,4585,202,877,88,176,831,0,2174,6759,26234,4585,202,877,88,176,831,0,2174,6759,26234,4587,211,894,88,175,850,0,2218,6805,26666,4587,211,894,88,175,850,0,2218,6805,26666
Northumbria,northumbria,2016/17,1,4270,178,799,69,157,834,0,2037,6307,28636,4270,178,799,69,157,834,0,2037,6307,28636,4305,196,812,66,151,801,0,2026,6331,28765,4305,196,812,66,151,801,0,2026,6331,28765
Northumbria,northumbria,2016/17,2,3792,182,790,74,123,710,0,1879,5671,30740,3792,182,790,74,123,710,0,1879,5671,30740,4013,180,796,90,122,708,0,1896,5909,31163,4013,180,796,90,122,708,0,1896,5909,31163
Northumbria,northumbria,2016/17,3,3749,197,702,83,96,746,0,1824,5573,30675,3749,197,702,83,96,746,0,1824,5573,30675,3822,186,683,82,102,744,0,1797,5619,30905,3822,186,683,82,102,744,0,1797,5619,30905
Northumbria,northumbria,2016/17,4,4221,199,621,90,120,734,0,1764,5985,32686,4221,199,621,90,120,734,0,1764,5985,32686,3898,214,634,82,112,716,0,1758,5656,32598,3898,214,634,82,112,716,0,1758,5656,32598
Northumbria,northumbria,2017/18,1,3718,198,597,90,112,666,0,1663,5381,35499,3718,198,597,90,112,666,0,1663,5381,35499,3956,187,583,86,111,670,0,1637,5593,36039,3956,187,583,86,111,670,0,1637,5593,36039
Northumbria,northumbria,2017/18,2,3861,177,609,59,85,574,0,1504,5365,39374,3861,177,609,59,85,574,0,1504,5365,39374,4050,172,618,62,87,566,0,1505,5555,39996,4050,172,618,62,87,566,0,1505,5555,39996
Northumbria,northumbria,2017/18,3,3906,181,675,59,128,582,0,1625,5531,38190,3906,181,675,59,128,582,0,1625,5531,38190,3892,216,745,56,134,578,0,1729,5621,38562,3892,216,745,56,134,578,0,1729,5621,38562
Northumbria,northumbria,2017/18,4,3880,227,765,53,137,571,0,1753,5633,36205,3880,227,765,53,137,571,0,1753,5633,36205,3805,191,727,52,132,591,0,1693,5498,36870,3805,191,727,52,132,591,0,1693,5498,36870
Northumbria,northumbria,2018/19,1,3899,155,737,74,127,581,0,1674,5573,37830,3899,155,737,74,127,581,0,1674,5573,37830,4075,123,719,71,139,526,0,1578,5653,40120,4075,123,719,71,139,526,0,1578,5653,40120
Northumbria,northumbria,2018/19,2,3751,108,661,58,124,422,0,1373,5124,35932,3751,108,661,58,124,422,0,1373,5124,35932,3770,122,740,58,113,435,0,1468,5238,39445,3770,122,740,58,113,435,0,1468,5238,39445
Northumbria,northumbria,2018/19,3,3635,157,663,49,137,414,0,1420,5055,41060,3635,157,663,49,137,414,0,1420,5055,41060,3750,157,618,47,136,419,0,1377,5127,39252,3750,157,618,47,136,419,0,1377,5127,39252
Northumbria,northumbria,2018/19,4,3661,140,677,51,103,420,1,1392,5053,41643,3661,140,677,51,103,420,1,1392,5053,41643,3641,150,683,55,109,383,2,1382,5023,37506,3641,150,683,55,109,383,2,1382,5023,37506
Northumbria,northumbria,2019/20,1,3374,151,642,49,122,312,0,1276,4650,32797,3374,151,642,49,122,312,0,1276,4650,32797,3483,163,623,48,129,334,3,1300,4783,37630,3483,163,623,48,129,334,3,1300,4783,37630
Northumbria,northumbria,2019/20,2,3276,148,628,56,131,304,1,1268,4544,36778,3276,148,628,56,131,304,1,1268,4544,36778,3329,126,622,53,132,317,14,1264,4593,37617,3329,126,622,53,132,317,14,1264,4593,37617
Northumbria,northumbria,2019/20,3,3408,119,642,51,165,297,33,1307,4715,37170,3408,119,642,51,165,297,33,1307,4715,37170,3264,90,633,53,172,274,82,1304,4568,35955,3264,90,633,53,172,274,82,1304,4568,35955
Northumbria,northumbria,2019/20,4,3089,76,614,52,180,249,100,1271,4360,36624,3089,76,614,52,180,249,100,1271,4360,36624,3108,45,563,47,169,203,156,1183,4291,35044,3108,45,563,47,169,203,156,1183,4291,35044
Northumbria,northumbria,2020/21,1,3525,27,489,46,183,133,114,992,4517,28744,3525,27,489,46,183,133,114,992,4517,28744,3205,19,493,51,185,115,79,942,4147,28210,3205,19,493,51,185,115,79,942,4147,28210
Northumbria,northumbria,2020/21,2,2939,32,510,52,126,160,106,986,3925,33109,2939,32,510,52,126,160,106,986,3925,33109,3064,25,564,58,126,148,104,1025,4089,34113,3064,25,564,58,126,148,104,1025,4089,34113
Northumbria,northumbria,2020/21,3,2868,22,531,40,151,141,101,986,3854,30537,2868,22,531,40,151,141,101,986,3854,30537,2856,22,510,35,151,141,137,996,3852,30404,2856,22,510,35,151,141,137,996,3852,30404
Northumbria,northumbria,2020/21,4,2723,29,483,35,174,118,134,973,3696,27678,2723,29,483,35,174,118,134,973,3696,27678,2490,27,483,33,170,118,104,935,3425,28251,2490,27,483,33,170,118,104,935,3425,28251
Northumbria,northumbria,2021/22,1,2476,31,580,38,127,146,133,1055,3531,32864,2476,31,580,38,127,146,133,1055,3531,32864,2602,55,596,41,130,165,172,1159,3761,34479,2602,55,596,41,130,165,172,1159,3761,34479
Northumbria,northumbria,2021/22,2,2076,45,510,40,72,141,131,939,3015,31539,2076,45,510,40,72,141,131,939,3015,31539,2189,46,513,37,74,108,145,923,3112,32805,2189,46,513,37,74,108,145,923,3112,32805
Northumbria,northumbria,2021/22,3,2005,53,355,21,80,132,143,784,2789,32673,2005,53,355,21,80,132,143,784,2789,32673,2175,61,452,21,74,140,126,874,3049,33727,2175,61,452,21,74,140,126,874,3049,33727
Northumbria,northumbria,2021/22,4,2294,63,624,29,100,142,147,1105,3399,34643,2294,63,624,29,100,142,147,1105,3399,34643,2221,62,515,28,104,171,190,1070,3291,34194,2221,62,515,28,104,171,190,1070,3291,34194
Northumbria,northumbria,2022/23,1,2193,58,426,29,80,126,136,855,3048,34557,2193,58,426,29,80,126,136,855,3048,34557,2174,57,495,29,79,130,155,945,3119,35092,2174,57,495,29,79,130,155,945,3119,35092
Northumbria,northumbria,2022/23,2,2165,41,441,32,88,140,114,856,3021,35894,2165,41,441,32,88,140,114,856,3021,35894,2233,40,434,31,86,147,115,853,3086,35751,2233,40,434,31,86,147,115,853,3086,35751
Northumbria,northumbria,2022/23,3,2113,56,470,20,87,172,157,962,3075,35113,2113,56,470,20,87,172,157,962,3075,35113,2220,45,433,24,89,154,134,879,3099,34241,2220,45,433,24,89,154,134,879,3099,34241
Northumbria,northumbria,2022/23,4,2611,46,484,23,126,138,164,981,3592,36652,2611,46,484,23,126,138,164,981,3592,36652,2542,60,449,16,129,124,189,967,3509,36589,2542,60,449,16,129,124,189,967,3509,36589
Northumbria,northumbria,2023/24,1,2369,54,384,20,111,113,160,842,3211,36493,2369,54,384,20,111,113,160,842,3211,36493,2705,59,429,19,119,147,170,943,3648,38373,2705,59,429,19,119,147,170,943,3648,38373
Northumbria,northumbria,2023/24,2,2939,50,455,10,109,116,183,923,3862,36300,2939,50,455,10,109,116,183,923,3862,36300,3197,27,461,13,102,130,204,937,4134,36761,3197,27,461,13,102,130,204,937,4134,36761
Northumbria,northumbria,2023/24,3,3094,32,410,10,80,147,192,871,3965,34027,3094,32,410,10,80,147,192,871,3965,34027,3302,67,403,6,51,160,203,890,4192,34311,3302,67,403,6,51,160,203,890,4192,34311
Northumbria,northumbria,2023/24,4,3487,61,335,1,9,184,222,812,4299,34572,3487,61,335,1,9,184,222,812,4299,34572,3376,51,384,0,4,274,244,957,4333,33702,3376,51,384,0,4,274,244,957,4333,33702
Northumbria,northumbria,2024/25,1,3588,45,335,0,2,450,240,1072,4660,33836,3588,45,335,0,2,450,240,1072,4660,33836,3686,60,445,0,1,747,277,1530,5216,35440,3686,60,445,0,1,747,277,1530,5216,35440
Northumbria,northumbria,2024/25,2,4075,65,299,0,3,1179,256,1802,5877,34775,4075,65,299,0,3,1179,256,1802,5877,34775,4132,41,390,0,2,1304,253,1990,6122,35396,4132,41,390,0,2,1304,253,1990,6122,35396
Northumbria,northumbria,2024/25,3,3845,43,446,0,0,1301,264,2054,5899,33901,3845,43,446,0,0,1301,264,2054,5899,33901,3690,55,389,0,0,1220,223,1887,5577,33699,3690,55,389,0,0,1220,223,1887,5577,33699
Northumbria,northumbria,2024/25,4,3875,49,368,0,1,1281,219,1918,5793,31397,3875,49,368,0,1,1281,219,1918,5793,31397,3784,62,353,0,1,1259,241,1916,5700,31755,3784,62,353,0,1,1259,241,1916,5700,31755
Northumbria,northumbria,2025/26,1,3873,48,333,0,1,1223,211,1816,5689,32309,3873,48,333,0,1,1223,211,1816,5689,32309,3887,30,326,0,1,1263,204,1824,5711,33829,3887,30,326,0,1,1263,204,1824,5711,33829
Northumbria,northumbria,2025/26,2,4188,37,356,0,0,1121,212,1726,5914,34957,4188,37,356,0,0,1121,212,1726,5914,34957,3896,38,293,1,0,1041,182,1555,5451,34127,3896,38,293,1,0,1041,182,1555,5451,34127
Northumbria,northumbria,2025/26,3,4326,46,295,1,0,971,180,1493,5819,34486,4326,46,295,1,0,971,180,1493,5819,34486,3437,27,255,0,0,838,135,1255,4692,30760,3437,27,255,0,0,838,135,1255,4692,30760
Northumbria,northumbria,2025/26,4,3423,43,256,0,0,715,159,1173,4596,28652,3423,43,256,0,0,715,159,1173,4596,28652,2317,11,113,0,1,520,112,757,3074,23836,2317,11,113,0,1,520,112,757,3074,23836
Nottinghamshire,nottinghamshire,2014/15,1,3503,100,580,58,312,1000,0,2050,5553,17655,3503,100,580,58,312,1000,0,2050,5553,17655,3608,109,584,59,316,1014,0,2082,5690,17915,3608,109,584,59,316,1014,0,2082,5690,17915
Nottinghamshire,nottinghamshire,2014/15,2,3570,91,569,53,210,994,0,1917,5487,18347,3569,91,569,53,210,994,0,1917,5486,18341,3637,101,600,49,206,998,0,1954,5591,18383,3637,101,600,49,206,998,0,1954,5591,18383
Nottinghamshire,nottinghamshire,2014/15,3,3681,118,619,54,148,845,0,1784,5465,19261,3681,118,619,54,148,845,0,1784,5465,19259,3745,114,614,57,152,816,0,1753,5498,18705,3745,114,614,57,152,816,0,1753,5498,18705
Nottinghamshire,nottinghamshire,2014/15,4,3604,123,490,52,103,795,0,1563,5167,17740,3603,123,490,52,103,795,0,1563,5166,17734,3540,118,502,55,108,788,0,1571,5111,17155,3540,118,502,55,108,788,0,1571,5111,17155
Nottinghamshire,nottinghamshire,2015/16,1,3553,104,546,47,125,792,0,1614,5167,18522,3553,104,546,47,125,792,0,1614,5167,18522,3619,137,530,46,124,819,0,1656,5275,19319,3619,137,530,46,124,819,0,1656,5275,19319
Nottinghamshire,nottinghamshire,2015/16,2,3758,113,432,39,99,770,0,1453,5211,18868,3758,113,432,39,99,770,0,1453,5211,18868,3716,93,446,43,97,772,0,1451,5167,18383,3716,93,446,43,97,772,0,1451,5167,18383
Nottinghamshire,nottinghamshire,2015/16,3,3408,100,420,47,113,700,0,1380,4788,17955,3408,100,420,47,113,700,0,1380,4788,17955,3210,94,412,48,113,645,0,1312,4522,17368,3210,94,412,48,113,645,0,1312,4522,17368
Nottinghamshire,nottinghamshire,2015/16,4,2572,55,227,32,76,441,0,831,3403,15055,2572,55,227,32,76,441,0,831,3403,15055,3144,84,311,50,122,576,0,1143,4287,17062,3144,84,311,50,122,576,0,1143,4287,17062
Nottinghamshire,nottinghamshire,2016/17,1,2701,63,309,39,145,655,0,1211,3912,17747,2701,63,309,39,145,655,0,1211,3912,17747,3077,83,313,22,126,636,0,1180,4257,17501,3077,83,313,22,126,636,0,1180,4257,17501
Nottinghamshire,nottinghamshire,2016/17,2,2550,71,244,29,70,538,0,952,3502,17751,2550,71,244,29,70,538,0,952,3502,17751,3045,69,294,29,69,533,0,994,4039,19484,3045,69,294,29,69,533,0,994,4039,19484
Nottinghamshire,nottinghamshire,2016/17,3,2931,85,360,45,91,660,0,1241,4172,23580,2931,85,360,45,91,660,0,1241,4172,23580,3107,78,311,43,96,647,0,1175,4282,23358,3107,78,311,43,96,647,0,1175,4282,23358
Nottinghamshire,nottinghamshire,2016/17,4,3676,61,301,30,104,548,0,1044,4720,22552,3676,61,301,30,104,548,0,1044,4720,22552,3254,68,283,36,95,513,0,995,4249,21915,3254,68,283,36,95,513,0,995,4249,21915
Nottinghamshire,nottinghamshire,2017/18,1,3143,72,277,36,83,504,0,972,4115,22504,3143,72,277,36,83,504,0,972,4115,22504,3237,84,282,33,92,484,0,975,4212,23573,3237,84,282,33,92,484,0,975,4212,23573
Nottinghamshire,nottinghamshire,2017/18,2,3109,91,280,29,75,362,0,837,3946,23886,3109,91,280,29,75,362,0,837,3946,23886,3234,75,277,30,67,370,0,819,4053,24323,3234,75,277,30,67,370,0,819,4053,24323
Nottinghamshire,nottinghamshire,2017/18,3,3079,94,295,39,76,420,0,924,4003,25165,3079,94,295,39,76,420,0,924,4003,25165,3117,99,300,43,83,441,0,966,4083,25263,3117,99,300,43,83,441,0,966,4083,25263
Nottinghamshire,nottinghamshire,2017/18,4,3024,83,280,32,95,407,0,897,3921,23673,3024,83,280,32,95,407,0,897,3921,23673,3064,77,278,32,93,431,0,911,3975,24161,3064,77,278,32,93,431,0,911,3975,24161
Nottinghamshire,nottinghamshire,2018/19,1,2883,62,274,33,91,448,0,908,3791,25438,2883,62,274,33,91,448,0,908,3791,25438,3009,70,289,28,97,452,0,936,3945,26943,3009,70,289,28,97,452,0,936,3945,26943
Nottinghamshire,nottinghamshire,2018/19,2,2979,74,337,27,104,393,0,935,3914,26549,2979,74,337,27,104,393,0,935,3914,26549,3271,43,340,28,117,400,0,928,4199,27168,3271,43,340,28,117,400,0,928,4199,27168
Nottinghamshire,nottinghamshire,2018/19,3,3055,65,331,37,130,448,0,1011,4066,26973,3055,65,331,37,130,448,0,1011,4066,26973,3152,58,343,40,129,470,0,1040,4192,26874,3152,58,343,40,129,470,0,1040,4192,26874
Nottinghamshire,nottinghamshire,2018/19,4,3287,49,315,42,161,436,0,1003,4290,26486,3287,49,315,42,161,436,0,1003,4290,26486,3515,64,308,41,168,461,1,1043,4558,26932,3515,64,308,41,168,461,1,1043,4558,26932
Nottinghamshire,nottinghamshire,2019/20,1,3221,56,314,31,200,467,0,1068,4289,26392,3221,56,314,31,200,467,0,1068,4289,26392,3297,57,314,34,188,499,0,1092,4389,27094,3297,57,314,34,188,499,0,1092,4389,27094
Nottinghamshire,nottinghamshire,2019/20,2,3121,35,288,42,207,456,0,1028,4149,26519,3121,35,288,42,207,456,0,1028,4149,26519,3193,38,280,43,227,397,1,986,4179,27595,3193,38,280,43,227,397,1,986,4179,27595
Nottinghamshire,nottinghamshire,2019/20,3,2970,51,276,55,210,381,0,973,3943,27060,2970,51,276,55,210,381,0,973,3943,27060,3035,58,304,56,201,364,0,983,4018,26901,3035,58,304,56,201,364,0,983,4018,26901
Nottinghamshire,nottinghamshire,2019/20,4,3119,47,273,46,195,336,0,897,4016,28063,3119,47,273,46,195,336,0,897,4016,28063,2715,34,240,42,176,316,1,809,3524,25551,2715,34,240,42,176,316,1,809,3524,25551
Nottinghamshire,nottinghamshire,2020/21,1,2568,49,232,45,207,310,4,847,3415,22063,2568,49,232,45,207,310,4,847,3415,22063,2405,24,235,44,224,232,9,768,3173,19999,2405,24,235,44,224,232,9,768,3173,19999
Nottinghamshire,nottinghamshire,2020/21,2,2387,34,315,42,169,282,16,858,3245,22822,2387,34,315,42,169,282,16,858,3245,22822,2511,58,386,59,168,346,16,1033,3544,24036,2511,58,386,59,168,346,16,1033,3544,24036
Nottinghamshire,nottinghamshire,2020/21,3,2302,57,383,98,254,384,23,1199,3501,22457,2302,57,383,98,254,384,23,1199,3501,22457,2041,51,303,91,269,361,23,1098,3139,20983,2041,51,303,91,269,361,23,1098,3139,20983
Nottinghamshire,nottinghamshire,2020/21,4,2108,50,270,94,257,324,15,1010,3118,19903,2108,50,270,94,257,324,15,1010,3118,19903,2008,35,283,92,231,338,18,997,3005,20081,2008,35,283,92,231,338,18,997,3005,20081
Nottinghamshire,nottinghamshire,2021/22,1,2065,46,321,69,230,445,33,1144,3209,22538,2065,46,321,69,230,445,33,1144,3209,22538,2272,69,343,76,237,524,36,1285,3557,24038,2272,69,343,76,237,524,36,1285,3557,24038
Nottinghamshire,nottinghamshire,2021/22,2,1923,39,331,60,159,512,32,1133,3056,23361,1923,39,331,60,159,512,32,1133,3056,23361,2265,47,386,55,151,566,42,1247,3512,24747,2265,47,386,55,151,566,42,1247,3512,24747
Nottinghamshire,nottinghamshire,2021/22,3,2338,66,362,76,164,712,39,1419,3757,25801,2338,66,362,76,164,712,39,1419,3757,25801,2263,59,351,77,168,776,87,1518,3781,25393,2263,59,351,77,168,776,87,1518,3781,25393
Nottinghamshire,nottinghamshire,2021/22,4,2249,64,292,55,153,722,133,1419,3668,24980,2249,64,292,55,153,722,133,1419,3668,24980,2372,75,279,49,145,669,178,1395,3767,25354,2372,75,279,49,145,669,178,1395,3767,25354
Nottinghamshire,nottinghamshire,2022/23,1,2405,56,303,56,161,671,167,1414,3819,26334,2405,56,303,56,161,671,167,1414,3819,26334,2485,62,282,56,157,681,152,1390,3875,26786,2485,62,282,56,157,681,152,1390,3875,26786
Nottinghamshire,nottinghamshire,2022/23,2,2524,61,323,67,156,743,146,1496,4020,26607,2524,61,323,67,156,743,146,1496,4020,26607,2489,55,348,67,153,736,137,1496,3985,26102,2489,55,348,67,153,736,137,1496,3985,26102
Nottinghamshire,nottinghamshire,2022/23,3,2431,56,294,61,120,721,151,1403,3834,26333,2431,56,294,61,120,721,151,1403,3834,26333,2419,32,300,58,116,678,211,1395,3814,25744,2419,32,300,58,116,678,211,1395,3814,25744
Nottinghamshire,nottinghamshire,2022/23,4,2616,32,395,42,90,725,227,1511,4127,26143,2616,32,395,42,90,725,227,1511,4127,26143,2691,40,354,42,85,712,258,1491,4182,26386,2691,40,354,42,85,712,258,1491,4182,26386
Nottinghamshire,nottinghamshire,2023/24,1,2819,42,304,47,67,713,281,1454,4273,26874,2819,42,304,47,67,713,281,1454,4273,26874,2863,49,329,46,72,770,283,1549,4412,27573,2863,49,329,46,72,770,283,1549,4412,27573
Nottinghamshire,nottinghamshire,2023/24,2,2990,54,294,46,78,639,264,1375,4365,26744,2990,54,294,46,78,639,264,1375,4365,26744,2977,36,327,46,75,650,234,1368,4345,26432,2977,36,327,46,75,650,234,1368,4345,26432
Nottinghamshire,nottinghamshire,2023/24,3,2805,35,326,26,60,672,273,1392,4197,24703,2805,35,326,26,60,672,273,1392,4197,24703,2579,15,321,24,50,658,260,1328,3907,23887,2579,15,321,24,50,658,260,1328,3907,23887
Nottinghamshire,nottinghamshire,2023/24,4,2899,20,340,32,54,668,234,1348,4247,24812,2899,20,340,32,54,668,234,1348,4247,24812,2784,21,310,23,43,650,228,1275,4059,23777,2784,21,310,23,43,650,228,1275,4059,23777
Nottinghamshire,nottinghamshire,2024/25,1,3015,27,318,20,37,655,244,1301,4316,24791,3015,27,318,20,37,655,244,1301,4316,24791,2895,10,316,25,36,654,258,1299,4194,24890,2895,10,316,25,36,654,258,1299,4194,24890
Nottinghamshire,nottinghamshire,2024/25,2,3082,11,311,25,24,670,201,1242,4324,25415,3082,11,311,25,24,670,201,1242,4324,25415,3040,4,282,20,26,673,217,1222,4262,25331,3040,4,282,20,26,673,217,1222,4262,25331
Nottinghamshire,nottinghamshire,2024/25,3,3000,4,276,22,34,660,253,1249,4249,24141,3000,4,276,22,34,660,253,1249,4249,24141,2845,9,265,23,33,664,245,1239,4084,23744,2845,9,265,23,33,664,245,1239,4084,23744
Nottinghamshire,nottinghamshire,2024/25,4,3114,8,295,3,14,678,240,1238,4352,24086,3114,8,295,3,14,678,240,1238,4352,24086,2980,8,248,0,7,642,262,1167,4147,23573,2980,8,248,0,7,642,262,1167,4147,23573
Nottinghamshire,nottinghamshire,2025/26,1,3074,6,273,0,0,628,270,1177,4251,25982,3074,6,273,0,0,628,270,1177,4251,25982,3156,7,263,0,0,641,313,1224,4380,26114,3156,7,263,0,0,641,313,1224,4380,26114
Nottinghamshire,nottinghamshire,2025/26,2,3381,6,250,0,0,636,271,1163,4544,25967,3381,6,250,0,0,636,271,1163,4544,25967,3136,4,247,0,0,577,183,1011,4147,24745,3136,4,247,0,0,577,183,1011,4147,24745
Nottinghamshire,nottinghamshire,2025/26,3,3325,6,251,0,0,605,205,1067,4392,24515,3325,6,251,0,0,605,205,1067,4392,24515,2628,7,223,0,0,576,188,994,3622,23067,2628,7,223,0,0,576,188,994,3622,23067
Nottinghamshire,nottinghamshire,2025/26,4,3500,7,227,0,0,627,227,1088,4588,24731,3500,7,227,0,0,627,227,1088,4588,24731,2341,2,154,0,0,534,174,864,3205,21659,2341,2,154,0,0,534,174,864,3205,21659
South Wales,south-wales,2014/15,1,4436,63,794,412,220,202,0,1691,6127,19758,4436,63,794,412,220,202,0,1691,6127,19758,4803,60,802,395,226,220,0,1703,6506,22466,4803,60,802,395,226,220,0,1703,6506,22466
South Wales,south-wales,2014/15,2,4558,69,706,314,173,232,0,1494,6052,23710,4557,69,706,314,173,232,0,1494,6051,23708,4641,70,698,310,181,257,0,1516,6157,23197,4641,70,698,310,181,257,0,1516,6157,23197
South Wales,south-wales,2014/15,3,4566,42,716,340,210,254,0,1562,6128,21373,4566,42,716,340,210,254,0,1562,6128,21373,4674,68,807,393,231,248,0,1747,6421,22558,4674,68,807,393,231,248,0,1747,6421,22558
South Wales,south-wales,2014/15,4,4547,77,775,389,240,339,0,1820,6367,23598,4546,77,775,389,240,339,0,1820,6366,23595,4154,56,677,325,221,278,0,1557,5711,20675,4154,56,677,325,221,278,0,1557,5711,20675
South Wales,south-wales,2015/16,1,4215,59,660,359,229,258,0,1565,5780,21800,4215,59,660,359,229,258,0,1565,5780,21800,4497,78,674,370,208,311,0,1641,6138,22650,4497,78,674,370,208,311,0,1641,6138,22650
South Wales,south-wales,2015/16,2,4664,93,761,367,178,310,0,1709,6373,22668,4664,93,761,367,178,310,0,1709,6373,22668,4679,61,731,359,167,288,0,1606,6285,22703,4679,61,731,359,167,288,0,1606,6285,22703
South Wales,south-wales,2015/16,3,4756,60,827,349,191,322,0,1749,6505,22027,4756,60,827,349,191,322,0,1749,6505,22027,4558,55,828,348,182,328,0,1741,6299,21982,4558,55,828,348,182,328,0,1741,6299,21982
South Wales,south-wales,2015/16,4,4542,42,717,272,191,380,0,1602,6144,21357,4542,42,717,272,191,380,0,1602,6144,21357,4590,46,718,275,190,466,0,1695,6285,21784,4590,46,718,275,190,466,0,1695,6285,21784
South Wales,south-wales,2016/17,1,4192,39,553,224,144,535,0,1495,5687,20245,4192,39,553,224,144,535,0,1495,5687,20245,4435,49,558,229,167,721,0,1724,6159,23541,4435,49,558,229,167,721,0,1724,6159,23541
South Wales,south-wales,2016/17,2,4657,54,566,198,170,1041,0,2029,6686,25870,4657,54,566,198,170,1041,0,2029,6686,25870,4430,55,531,181,137,959,0,1863,6293,23633,4430,55,531,181,137,959,0,1863,6293,23633
South Wales,south-wales,2016/17,3,4268,54,561,182,116,986,0,1899,6167,22971,4268,54,561,182,116,986,0,1899,6167,22971,4377,39,590,206,128,1059,1,2023,6400,24053,4377,39,590,206,128,1059,1,2023,6400,24053
South Wales,south-wales,2016/17,4,4411,33,496,188,128,1084,0,1929,6340,24793,4411,33,496,188,128,1084,0,1929,6340,24793,4192,39,455,164,127,1052,0,1837,6029,23626,4192,39,455,164,127,1052,0,1837,6029,23626
South Wales,south-wales,2017/18,1,4064,37,446,146,113,1134,0,1876,5940,24350,4064,37,446,146,113,1134,0,1876,5940,24350,4432,33,468,154,118,1173,0,1946,6378,26508,4432,33,468,154,118,1173,0,1946,6378,26508
South Wales,south-wales,2017/18,2,4250,27,406,134,141,1028,0,1736,5986,25567,4250,27,406,134,141,1028,0,1736,5986,25567,4371,46,423,129,139,1016,1,1754,6125,26838,4371,46,423,129,139,1016,1,1754,6125,26838
South Wales,south-wales,2017/18,3,4141,50,456,137,188,948,0,1779,5920,28543,4141,50,456,137,188,948,0,1779,5920,28543,4019,44,460,138,181,871,0,1694,5713,27194,4019,44,460,138,181,871,0,1694,5713,27194
South Wales,south-wales,2017/18,4,3814,50,427,136,161,738,0,1512,5326,26385,3814,50,427,136,161,738,0,1512,5326,26385,3704,50,385,129,173,693,1,1431,5135,24344,3704,50,385,129,173,693,1,1431,5135,24344
South Wales,south-wales,2018/19,1,3844,38,390,114,181,649,0,1372,5216,23642,3844,38,390,114,181,649,0,1372,5216,23642,4356,32,445,117,176,800,0,1570,5926,27498,4356,32,445,117,176,800,0,1570,5926,27498
South Wales,south-wales,2018/19,2,4440,37,464,102,170,769,0,1542,5982,29670,4440,37,464,102,170,769,0,1542,5982,29670,4284,59,455,100,175,802,1,1592,5876,29537,4284,59,455,100,175,802,1,1592,5876,29537
South Wales,south-wales,2018/19,3,3822,50,446,79,228,888,0,1691,5513,29147,3822,50,446,79,228,888,0,1691,5513,29147,3916,41,425,74,220,858,7,1625,5541,27416,3916,41,425,74,220,858,7,1625,5541,27416
South Wales,south-wales,2018/19,4,3554,48,366,73,194,876,0,1557,5111,25725,3554,48,366,73,194,876,0,1557,5111,25725,3854,52,369,76,192,894,13,1596,5450,27084,3854,52,369,76,192,894,13,1596,5450,27084
South Wales,south-wales,2019/20,1,3770,46,318,93,166,870,0,1493,5263,27414,3770,46,318,93,166,870,0,1493,5263,27414,3705,46,311,85,171,924,45,1582,5287,28541,3705,46,311,85,171,924,45,1582,5287,28541
South Wales,south-wales,2019/20,2,3500,48,325,72,218,932,59,1654,5154,29461,3500,48,325,72,218,932,59,1654,5154,29461,3505,40,326,67,242,828,105,1608,5113,28908,3505,40,326,67,242,828,105,1608,5113,28908
South Wales,south-wales,2019/20,3,2924,50,319,79,188,625,97,1358,4282,22714,2924,50,319,79,188,625,97,1358,4282,22714,3309,59,358,96,207,724,153,1597,4906,27240,3309,59,358,96,207,724,153,1597,4906,27240
South Wales,south-wales,2019/20,4,3502,32,310,67,236,605,131,1381,4883,24904,3502,32,310,67,236,605,131,1381,4883,24904,3250,32,298,63,247,603,160,1403,4653,25831,3250,32,298,63,247,603,160,1403,4653,25831
South Wales,south-wales,2020/21,1,3493,33,307,71,295,759,169,1634,5127,27341,3493,33,307,71,295,759,169,1634,5127,27341,3254,29,273,56,258,592,126,1334,4588,22467,3254,29,273,56,258,592,126,1334,4588,22467
South Wales,south-wales,2020/21,2,3146,39,274,38,226,546,84,1207,4353,22544,3146,39,274,38,226,546,84,1207,4353,22544,3425,22,303,52,248,731,141,1497,4922,27055,3425,22,303,52,248,731,141,1497,4922,27055
South Wales,south-wales,2020/21,3,2857,29,222,59,241,692,133,1376,4233,22125,2857,29,222,59,241,692,133,1376,4233,22125,3039,31,217,72,278,681,136,1415,4454,23749,3039,31,217,72,278,681,136,1415,4454,23749
South Wales,south-wales,2020/21,4,2388,21,156,59,187,495,84,1002,3390,16723,2388,21,156,59,187,495,84,1002,3390,16723,2571,21,172,68,262,620,95,1238,3809,21698,2571,21,172,68,262,620,95,1238,3809,21698
South Wales,south-wales,2021/22,1,2983,50,282,76,356,733,170,1667,4650,26006,2983,50,282,76,356,733,170,1667,4650,26006,2677,38,241,46,216,933,195,1669,4346,25931,2677,38,241,46,216,933,195,1669,4346,25931
South Wales,south-wales,2021/22,2,2854,21,273,60,209,911,272,1746,4600,38249,2854,21,273,60,209,911,272,1746,4600,38249,2744,30,261,59,189,858,112,1509,4253,27050,2744,30,261,59,189,858,112,1509,4253,27050
South Wales,south-wales,2021/22,3,2686,26,144,44,133,1166,107,1620,4306,28265,2686,26,144,44,133,1166,107,1620,4306,28265,2647,14,131,43,119,888,73,1268,3915,26148,2647,14,131,43,119,888,73,1268,3915,26148
South Wales,south-wales,2021/22,4,2544,9,89,27,57,695,67,944,3488,24063,2544,9,89,27,57,695,67,944,3488,24063,2367,23,100,19,61,682,51,936,3303,24824,2367,23,100,19,61,682,51,936,3303,24824
South Wales,south-wales,2022/23,1,2091,20,104,20,43,546,30,763,2854,23789,2091,20,104,20,43,546,30,763,2854,23789,2168,19,103,16,61,602,50,851,3019,26242,2168,19,103,16,61,602,50,851,3019,26242
South Wales,south-wales,2022/23,2,2405,12,89,11,83,613,53,861,3266,27677,2405,12,89,11,83,613,53,861,3266,27677,2557,18,98,11,57,619,45,848,3405,27539,2557,18,98,11,57,619,45,848,3405,27539
South Wales,south-wales,2022/23,3,2527,36,98,13,34,713,58,952,3479,28018,2527,36,98,13,34,713,58,952,3479,28018,2525,26,101,12,34,571,80,824,3349,26176,2525,26,101,12,34,571,80,824,3349,26176
South Wales,south-wales,2022/23,4,2337,15,102,1,7,477,43,645,2982,24484,2337,15,102,1,7,477,43,645,2982,24484,2460,25,103,0,3,527,134,792,3252,26293,2460,25,103,0,3,527,134,792,3252,26293
South Wales,south-wales,2023/24,1,2638,27,119,0,0,505,92,743,3381,23682,2638,27,119,0,0,505,92,743,3381,23682,2559,23,140,0,1,505,127,796,3355,28039,2559,23,140,0,1,505,127,796,3355,28039
South Wales,south-wales,2023/24,2,2283,17,113,0,4,415,165,714,2997,26347,2283,17,113,0,4,415,165,714,2997,26347,2746,22,107,0,0,428,109,666,3412,29481,2746,22,107,0,0,428,109,666,3412,29481
South Wales,south-wales,2023/24,3,2384,11,95,0,1,468,146,721,3105,29949,2384,11,95,0,1,468,146,721,3105,29949,2698,19,90,0,0,408,159,676,3374,28036,2698,19,90,0,0,408,159,676,3374,28036
South Wales,south-wales,2023/24,4,3689,27,112,0,3,539,177,858,4547,32324,3689,27,112,0,3,539,177,858,4547,32324,3268,30,106,0,0,448,132,716,3984,27158,3268,30,106,0,0,448,132,716,3984,27158
South Wales,south-wales,2024/25,1,3216,34,104,0,2,421,159,720,3936,28981,3216,34,104,0,2,421,159,720,3936,28981,3326,22,115,0,0,422,186,745,4071,29134,3326,22,115,0,0,422,186,745,4071,29134
South Wales,south-wales,2024/25,2,3223,23,116,1,0,387,144,671,3894,28345,3223,23,116,1,0,387,144,671,3894,28345,3269,22,132,1,1,407,148,711,3980,27063,3269,22,132,1,1,407,148,711,3980,27063
South Wales,south-wales,2024/25,3,3464,12,92,0,0,475,266,845,4309,26246,3464,12,92,0,0,475,266,845,4309,26246,3357,25,126,0,1,509,269,930,4287,25389,3357,25,126,0,1,509,269,930,4287,25389
South Wales,south-wales,2024/25,4,3620,36,139,0,0,484,297,956,4576,26791,3620,36,139,0,0,484,297,956,4576,26791,3527,21,144,0,0,482,341,988,4515,27600,3527,21,144,0,0,482,341,988,4515,27600
South Wales,south-wales,2025/26,1,3661,23,139,0,1,483,304,950,4611,27144,3661,23,139,0,1,483,304,950,4611,27144,3665,32,134,0,0,522,329,1017,4682,27786,3665,32,134,0,0,522,329,1017,4682,27786
South Wales,south-wales,2025/26,2,3658,26,117,0,1,536,268,948,4606,27203,3658,26,117,0,1,536,268,948,4606,27203,3451,14,118,0,0,496,308,936,4387,26026,3451,14,118,0,0,496,308,936,4387,26026
South Wales,south-wales,2025/26,3,3956,20,139,0,0,577,421,1157,5113,28141,3956,20,139,0,0,577,421,1157,5113,28141,3252,14,137,0,0,520,376,1047,4299,25276,3252,14,137,0,0,520,376,1047,4299,25276
South Wales,south-wales,2025/26,4,3682,28,143,0,0,553,407,1131,4813,25066,3682,28,143,0,0,553,407,1131,4813,25066,2969,20,77,0,0,582,356,1035,4004,21546,2969,20,77,0,0,582,356,1035,4004,21546
South Yorkshire,south-yorkshire,2014/15,1,3733,222,531,276,181,891,0,2101,5834,6119,3731,222,530,276,181,891,0,2100,5831,6116,0,0,0,0,0,0,0,0,0,0,0,0,0,0,0,0,0,0,0,0
South Yorkshire,south-yorkshire,2014/15,2,4353,193,485,247,141,806,0,1872,6225,24114,4351,193,485,247,141,806,0,1872,6223,24109,4122,208,493,247,145,827,0,1920,6042,24416,4122,208,493,247,145,827,0,1920,6042,24416
South Yorkshire,south-yorkshire,2014/15,3,3962,191,469,225,170,821,0,1876,5838,24048,3962,191,468,225,170,821,0,1875,5837,24045,3766,200,469,229,159,798,0,1855,5621,24062,3766,200,469,229,159,798,0,1855,5621,24062
South Yorkshire,south-yorkshire,2014/15,4,3383,165,359,183,132,740,0,1579,4962,22418,3383,165,359,183,132,740,0,1579,4962,22411,3564,168,362,193,140,760,0,1623,5187,22810,3564,168,362,193,140,760,0,1623,5187,22810
South Yorkshire,south-yorkshire,2015/16,1,3599,168,398,183,117,965,0,1831,5430,23924,3599,168,398,183,117,965,0,1831,5430,23924,3720,143,427,184,124,1006,0,1884,5604,25133,3720,143,427,184,124,1006,0,1884,5604,25133
South Yorkshire,south-yorkshire,2015/16,2,3580,119,367,152,96,805,0,1539,5119,23937,3580,119,367,152,96,805,0,1539,5119,23937,3519,136,365,150,98,810,0,1559,5078,24987,3519,136,365,150,98,810,0,1559,5078,24987
South Yorkshire,south-yorkshire,2015/16,3,3669,148,378,164,105,853,0,1648,5317,26580,3669,148,378,164,105,853,0,1648,5317,26580,3677,150,373,168,102,850,0,1643,5320,26176,3677,150,373,168,102,850,0,1643,5320,26176
South Yorkshire,south-yorkshire,2015/16,4,3498,153,311,135,92,827,0,1518,5016,24489,3498,153,311,135,92,827,0,1518,5016,24489,3682,141,315,125,94,816,0,1491,5173,25673,3682,141,315,125,94,816,0,1491,5173,25673
South Yorkshire,south-yorkshire,2016/17,1,3307,139,313,137,97,796,0,1482,4789,23856,3307,139,313,137,97,796,0,1482,4789,23856,3640,146,327,143,111,814,0,1541,5181,26216,3640,146,327,143,111,814,0,1541,5181,26216
South Yorkshire,south-yorkshire,2016/17,2,3430,109,284,97,89,755,0,1334,4764,25643,3430,109,284,97,89,755,0,1334,4764,25643,3559,98,284,89,81,736,0,1288,4847,27357,3559,98,284,89,81,736,0,1288,4847,27357
South Yorkshire,south-yorkshire,2016/17,3,3612,102,317,110,79,834,0,1442,5054,34702,3612,102,317,110,79,834,0,1442,5054,34701,3463,103,293,116,74,814,0,1400,4863,32267,3463,103,293,116,74,814,0,1400,4863,32267
South Yorkshire,south-yorkshire,2016/17,4,3416,117,290,106,73,737,0,1323,4739,32831,3416,117,290,106,73,737,0,1323,4739,32831,3310,110,284,99,71,747,0,1311,4621,35486,3310,110,284,99,71,747,0,1311,4621,35486
South Yorkshire,south-yorkshire,2017/18,1,3551,105,277,86,90,712,0,1270,4821,38260,3551,105,277,86,90,712,0,1270,4821,38260,3426,115,294,84,95,687,0,1275,4701,35783,3426,115,294,84,95,687,0,1275,4701,35783
South Yorkshire,south-yorkshire,2017/18,2,3374,112,317,93,73,612,0,1207,4581,36133,3374,112,317,93,73,612,0,1207,4581,36133,3417,85,324,80,70,632,0,1191,4608,37207,3417,85,324,80,70,632,0,1191,4608,37207
South Yorkshire,south-yorkshire,2017/18,3,3163,80,302,62,72,682,0,1198,4361,37034,3163,80,302,62,72,682,0,1198,4361,37033,3079,94,301,74,89,677,1,1236,4315,36358,3079,94,301,74,89,677,1,1236,4315,36358
South Yorkshire,south-yorkshire,2017/18,4,3230,77,247,66,75,676,1,1142,4372,37255,3230,77,247,66,75,676,1,1142,4372,37255,3051,50,217,67,66,647,0,1047,4098,32741,3051,50,217,67,66,647,0,1047,4098,32741
South Yorkshire,south-yorkshire,2018/19,1,3272,59,242,66,105,750,0,1222,4494,37192,3272,59,242,66,105,750,0,1222,4494,37192,3296,51,249,68,102,752,1,1223,4519,36794,3296,51,249,68,102,752,1,1223,4519,36794
South Yorkshire,south-yorkshire,2018/19,2,3250,70,262,67,80,687,4,1170,4420,37747,3250,70,262,67,80,687,4,1170,4420,37747,3343,65,276,68,77,621,6,1113,4456,37619,3343,65,276,68,77,621,6,1113,4456,37619
South Yorkshire,south-yorkshire,2018/19,3,3026,74,277,74,87,640,2,1154,4180,35812,3026,74,277,74,87,640,2,1154,4180,35812,3168,68,259,69,88,685,3,1172,4340,36448,3168,68,259,69,88,685,3,1172,4340,36448
South Yorkshire,south-yorkshire,2018/19,4,3384,60,270,70,116,593,2,1111,4495,36263,3384,60,270,70,116,593,2,1111,4495,36263,3011,54,295,69,121,584,8,1131,4142,34794,3011,54,295,69,121,584,8,1131,4142,34794
South Yorkshire,south-yorkshire,2019/20,1,3011,62,334,88,117,590,3,1194,4205,35439,3011,62,334,88,117,590,3,1194,4205,35439,3039,76,358,87,124,567,12,1224,4263,35526,3039,76,358,87,124,567,12,1224,4263,35526
South Yorkshire,south-yorkshire,2019/20,2,3069,72,365,75,146,502,13,1173,4242,37079,3069,72,365,75,146,502,13,1173,4242,37079,3365,55,358,78,142,492,32,1157,4522,38058,3365,55,358,78,142,492,32,1157,4522,38058
South Yorkshire,south-yorkshire,2019/20,3,3219,57,349,70,178,666,134,1454,4673,39042,3219,57,349,70,178,666,134,1454,4673,39042,3129,47,353,66,177,720,262,1625,4754,38613,3129,47,353,66,177,720,262,1625,4754,38613
South Yorkshire,south-yorkshire,2019/20,4,3092,53,428,77,185,1288,1030,3061,6153,38192,3092,53,428,77,185,1288,1030,3061,6153,38192,3052,50,436,72,189,1370,1199,3316,6368,36431,3052,50,436,72,189,1370,1199,3316,6368,36431
South Yorkshire,south-yorkshire,2020/21,1,3037,54,568,84,182,1693,2133,4714,7751,29731,3037,54,568,84,182,1693,2133,4714,7751,29731,3058,56,574,92,178,1651,2142,4693,7751,29906,3058,56,574,92,178,1651,2142,4693,7751,29906
South Yorkshire,south-yorkshire,2020/21,2,2941,42,666,56,157,1853,1752,4526,7467,33578,2941,42,666,56,157,1853,1752,4526,7467,33578,3198,38,674,63,166,1987,1655,4583,7781,35452,3198,38,674,63,166,1987,1655,4583,7781,35452
South Yorkshire,south-yorkshire,2020/21,3,2953,50,505,55,154,1583,1068,3415,6368,34813,2953,50,505,55,154,1583,1068,3415,6368,34813,2816,54,498,49,146,1467,1010,3224,6040,33942,2816,54,498,49,146,1467,1010,3224,6040,33942
South Yorkshire,south-yorkshire,2020/21,4,2578,50,431,47,140,1330,856,2854,5432,30168,2578,50,431,47,140,1330,856,2854,5432,30168,2461,52,422,39,138,1392,876,2919,5380,31193,2461,52,422,39,138,1392,876,2919,5380,31193
South Yorkshire,south-yorkshire,2021/22,1,2563,40,510,31,101,1625,905,3212,5775,34719,2563,40,510,31,101,1625,905,3212,5775,34719,2724,39,545,31,97,1640,944,3296,6020,35035,2724,39,545,31,97,1640,944,3296,6020,35035
South Yorkshire,south-yorkshire,2021/22,2,2618,42,518,27,90,1449,1106,3232,5850,36151,2618,42,518,27,90,1449,1106,3232,5850,36151,2893,34,508,29,94,1399,1162,3226,6119,37392,2893,34,508,29,94,1399,1162,3226,6119,37392
South Yorkshire,south-yorkshire,2021/22,3,2835,29,522,32,82,1136,1441,3242,6077,38638,2835,29,522,32,82,1136,1441,3242,6077,38638,2774,34,510,35,75,1075,1462,3191,5965,38076,2774,34,510,35,75,1075,1462,3191,5965,38076
South Yorkshire,south-yorkshire,2021/22,4,2734,35,380,35,71,1075,1621,3217,5951,37703,2734,35,380,35,71,1075,1621,3217,5951,37703,2613,51,347,28,72,1109,1645,3252,5865,37922,2613,51,347,28,72,1109,1645,3252,5865,37922
South Yorkshire,south-yorkshire,2022/23,1,2892,45,358,29,73,1322,1648,3475,6367,40436,2892,45,358,29,73,1322,1648,3475,6367,40436,2991,37,384,27,68,1376,1587,3479,6470,40725,2991,37,384,27,68,1376,1587,3479,6470,40725
South Yorkshire,south-yorkshire,2022/23,2,3018,44,360,22,59,1193,1372,3050,6068,40108,3018,44,360,22,59,1193,1372,3050,6068,40108,3072,45,360,28,66,1147,1266,2912,5984,40647,3072,45,360,28,66,1147,1266,2912,5984,40647
South Yorkshire,south-yorkshire,2022/23,3,3125,35,358,29,49,1116,507,2094,5219,40772,3125,35,358,29,49,1116,507,2094,5219,40772,2937,33,324,28,38,1113,348,1884,4821,39904,2937,33,324,28,38,1113,348,1884,4821,39904
South Yorkshire,south-yorkshire,2022/23,4,3178,53,305,20,43,1081,31,1533,4711,39628,3178,53,305,20,43,1081,31,1533,4711,39628,3085,67,279,20,51,1080,36,1533,4618,39092,3085,67,279,20,51,1080,36,1533,4618,39092
South Yorkshire,south-yorkshire,2023/24,1,3219,45,302,21,41,1149,23,1581,4800,40302,3219,45,302,21,41,1149,23,1581,4800,40302,3234,45,334,17,34,1140,32,1602,4836,40918,3234,45,334,17,34,1140,32,1602,4836,40918
South Yorkshire,south-yorkshire,2023/24,2,3317,39,293,15,40,1054,29,1470,4787,39143,3317,39,293,15,40,1054,29,1470,4787,39143,3526,39,331,17,41,1031,18,1477,5003,39397,3526,39,331,17,41,1031,18,1477,5003,39397
South Yorkshire,south-yorkshire,2023/24,3,3296,46,316,24,28,1024,28,1466,4762,38799,3296,46,316,24,28,1024,28,1466,4762,38799,3183,28,275,23,30,1011,26,1393,4576,37283,3183,28,275,23,30,1011,26,1393,4576,37283
South Yorkshire,south-yorkshire,2023/24,4,3355,27,290,20,34,1046,29,1446,4801,36895,3355,27,290,20,34,1046,29,1446,4801,36895,3323,36,297,19,27,1071,53,1503,4826,36871,3323,36,297,19,27,1071,53,1503,4826,36871
South Yorkshire,south-yorkshire,2024/25,1,3436,37,244,12,14,969,124,1400,4836,37568,3436,37,244,12,14,969,124,1400,4836,37568,3610,40,254,13,18,1018,141,1484,5094,38608,3610,40,254,13,18,1018,141,1484,5094,38608
South Yorkshire,south-yorkshire,2024/25,2,3757,37,303,20,13,978,98,1449,5206,38772,3757,37,303,20,13,978,98,1449,5206,38772,3680,29,295,17,11,963,103,1418,5098,38407,3680,29,295,17,11,963,103,1418,5098,38407
South Yorkshire,south-yorkshire,2024/25,3,3668,34,304,16,16,1096,114,1580,5248,38264,3668,34,304,16,16,1096,114,1580,5248,38264,3565,51,297,16,15,1046,85,1510,5075,37097,3565,51,297,16,15,1046,85,1510,5075,37097
South Yorkshire,south-yorkshire,2024/25,4,3597,57,297,7,8,982,95,1446,5043,34384,3597,57,297,7,8,982,95,1446,5043,34384,3453,57,275,7,10,1023,108,1480,4933,34108,3453,57,275,7,10,1023,108,1480,4933,34108
South Yorkshire,south-yorkshire,2025/26,1,3419,53,239,7,10,1159,125,1593,5012,36001,3419,53,239,7,10,1159,125,1593,5012,36001,3405,39,243,8,8,1202,140,1640,5045,36520,3405,39,243,8,8,1202,140,1640,5045,36520
South Yorkshire,south-yorkshire,2025/26,2,3506,32,274,11,5,1210,91,1623,5129,37142,3506,32,274,11,5,1210,91,1623,5129,37142,3349,34,256,9,5,1214,81,1599,4948,36258,3349,34,256,9,5,1214,81,1599,4948,36258
South Yorkshire,south-yorkshire,2025/26,3,3663,42,255,7,3,1327,133,1767,5430,35768,3663,42,255,7,3,1327,133,1767,5430,35768,3153,39,249,12,1,1317,146,1764,4917,34479,3153,39,249,12,1,1317,146,1764,4917,34479
South Yorkshire,south-yorkshire,2025/26,4,3710,38,259,13,3,1345,185,1843,5553,34875,3710,38,259,13,3,1345,185,1843,5553,34875,2801,15,192,8,2,1251,151,1619,4420,31772,2801,15,192,8,2,1251,151,1619,4420,31772
Staffordshire,staffordshire,2014/15,1,2577,69,508,109,144,580,0,1410,3987,14011,2577,69,508,109,144,580,0,1410,3987,14007,2610,73,509,105,150,577,0,1414,4024,14611,2610,73,509,105,150,577,0,1414,4024,14611
Staffordshire,staffordshire,2014/15,2,2606,73,523,83,178,561,0,1418,4024,15683,2604,73,523,83,178,561,0,1418,4022,15669,2699,49,523,77,175,557,0,1381,4080,15579,2699,49,523,77,175,557,0,1381,4080,15579
Staffordshire,staffordshire,2014/15,3,2728,54,269,32,68,726,0,1149,3877,15341,2728,54,269,32,68,726,0,1149,3877,15338,2688,42,332,26,49,711,0,1160,3848,15066,2688,42,332,26,49,711,0,1160,3848,15066
Staffordshire,staffordshire,2014/15,4,2600,44,307,1,3,763,0,1118,3718,15394,2599,44,307,1,3,763,0,1118,3717,15388,2685,58,326,0,1,769,0,1154,3839,15314,2685,58,326,0,1,769,0,1154,3839,15314
Staffordshire,staffordshire,2015/16,1,2667,49,363,1,0,660,0,1073,3740,15948,2667,49,363,1,0,660,0,1073,3740,15948,2685,44,350,0,0,698,0,1092,3777,16168,2685,44,350,0,0,698,0,1092,3777,16168
Staffordshire,staffordshire,2015/16,2,2657,43,362,0,0,732,0,1137,3794,16893,2657,43,362,0,0,732,0,1137,3794,16893,2729,48,327,1,0,729,0,1105,3834,17182,2729,48,327,1,0,729,0,1105,3834,17182
Staffordshire,staffordshire,2015/16,3,2955,55,310,0,0,633,0,998,3953,17822,2955,55,310,0,0,633,0,998,3953,17822,2879,53,389,1,0,582,0,1025,3904,17268,2879,53,389,1,0,582,0,1025,3904,17268
Staffordshire,staffordshire,2015/16,4,2581,44,395,0,0,574,0,1013,3594,16215,2581,44,395,0,0,574,0,1013,3594,16215,2733,87,367,1,0,658,0,1113,3846,17501,2733,87,367,1,0,658,0,1113,3846,17501
Staffordshire,staffordshire,2016/17,1,2677,47,372,0,1,685,0,1105,3782,14532,2677,47,372,0,1,685,0,1105,3782,14532,2889,67,347,0,1,699,0,1114,4003,18673,2889,67,347,0,1,699,0,1114,4003,18673
Staffordshire,staffordshire,2016/17,2,2531,51,381,2,1,725,0,1160,3691,20982,2531,51,381,2,1,725,0,1160,3691,20982,2838,87,373,0,0,682,0,1142,3980,19493,2838,87,373,0,0,682,0,1142,3980,19493
Staffordshire,staffordshire,2016/17,3,2959,71,383,1,2,778,0,1235,4194,20847,2959,71,383,1,2,778,0,1235,4194,20847,2771,83,371,0,1,737,0,1192,3963,19427,2771,83,371,0,1,737,0,1192,3963,19427
Staffordshire,staffordshire,2016/17,4,3135,64,376,0,0,712,0,1152,4287,23066,3135,64,376,0,0,712,0,1152,4287,23066,2810,66,325,0,0,750,0,1141,3951,19955,2810,66,325,0,0,750,0,1141,3951,19955
Staffordshire,staffordshire,2017/18,1,2584,43,302,0,0,759,0,1104,3688,18175,2584,43,302,0,0,759,0,1104,3688,18175,2712,52,298,0,0,783,0,1133,3845,21163,2712,52,298,0,0,783,0,1133,3845,21163
Staffordshire,staffordshire,2017/18,2,2199,171,269,0,0,818,0,1258,3457,17936,2199,171,269,0,0,818,0,1258,3457,17936,2633,60,308,0,0,810,0,1178,3811,22254,2633,60,308,0,0,810,0,1178,3811,22254
Staffordshire,staffordshire,2017/18,3,2445,42,304,0,0,756,0,1102,3547,19417,2445,42,304,0,0,756,0,1102,3547,19417,2272,52,293,1,0,748,0,1094,3366,20256,2272,52,293,1,0,748,0,1094,3366,20256
Staffordshire,staffordshire,2017/18,4,2325,66,307,5,0,665,0,1043,3368,20758,2325,66,307,5,0,665,0,1043,3368,20758,2260,73,308,4,0,643,0,1028,3288,20023,2260,73,308,4,0,643,0,1028,3288,20023
Staffordshire,staffordshire,2018/19,1,2125,60,286,0,0,603,0,949,3074,20131,2125,60,286,0,0,603,0,949,3074,20131,2272,66,273,0,0,642,2,983,3255,21710,2272,66,273,0,0,642,2,983,3255,21710
Staffordshire,staffordshire,2018/19,2,2305,73,274,0,0,615,0,962,3267,21319,2305,73,274,0,0,615,0,962,3267,21319,2267,64,277,0,0,565,6,912,3179,21999,2267,64,277,0,0,565,6,912,3179,21999
Staffordshire,staffordshire,2018/19,3,2084,58,261,0,0,597,0,916,3000,25610,2084,58,261,0,0,597,0,916,3000,25610,2104,58,249,3,0,560,19,889,2993,20934,2104,58,249,3,0,560,19,889,2993,20934
Staffordshire,staffordshire,2018/19,4,2217,73,239,1,0,560,0,873,3090,21536,2217,73,239,1,0,560,0,873,3090,21536,2142,62,227,1,0,512,29,831,2973,20207,2142,62,227,1,0,512,29,831,2973,20207
Staffordshire,staffordshire,2019/20,1,2030,56,248,3,0,497,14,818,2848,17709,2030,56,248,3,0,497,14,818,2848,17709,2186,68,261,9,0,515,65,918,3104,20521,2186,68,261,9,0,515,65,918,3104,20521
Staffordshire,staffordshire,2019/20,2,1791,61,254,1,0,538,25,879,2670,16916,1791,61,254,1,0,538,25,879,2670,16916,1800,38,241,4,0,472,48,803,2603,18526,1800,38,241,4,0,472,48,803,2603,18526
Staffordshire,staffordshire,2019/20,3,1851,41,258,13,0,484,76,872,2723,19391,1851,41,258,13,0,484,76,872,2723,19391,1642,25,243,0,0,428,47,743,2385,16542,1642,25,243,0,0,428,47,743,2385,16542
Staffordshire,staffordshire,2019/20,4,1794,52,220,1,0,582,142,997,2791,27181,1794,52,220,1,0,582,142,997,2791,27181,1918,55,240,1,0,630,62,988,2906,23636,1918,55,240,1,0,630,62,988,2906,23636
Staffordshire,staffordshire,2020/21,1,1606,29,109,0,0,333,50,521,2127,16098,1606,29,109,0,0,333,50,521,2127,16098,1581,23,127,0,0,359,172,681,2262,16208,1581,23,127,0,0,359,172,681,2262,16208
Staffordshire,staffordshire,2020/21,2,793,12,84,0,0,169,161,426,1219,11613,793,12,84,0,0,169,161,426,1219,11613,1460,28,153,0,1,320,290,792,2252,17912,1460,28,153,0,1,320,290,792,2252,17912
Staffordshire,staffordshire,2020/21,3,1221,11,113,0,0,253,341,718,1939,13896,1221,11,113,0,0,253,341,718,1939,13896,1297,33,168,0,0,325,446,972,2269,16110,1297,33,168,0,0,325,446,972,2269,16110
Staffordshire,staffordshire,2020/21,4,1556,40,261,0,1,420,563,1285,2841,19330,1556,40,261,0,1,420,563,1285,2841,19330,1508,33,168,0,0,348,549,1098,2606,15861,1508,33,168,0,0,348,549,1098,2606,15861
Staffordshire,staffordshire,2021/22,1,1428,40,154,0,0,430,785,1409,2837,16709,1428,40,154,0,0,430,785,1409,2837,16709,1521,43,173,0,0,416,890,1522,3043,17337,1521,43,173,0,0,416,890,1522,3043,17337
Staffordshire,staffordshire,2021/22,2,1290,30,185,0,0,324,908,1447,2737,15873,1290,30,185,0,0,324,908,1447,2737,15873,1455,17,206,0,0,359,869,1451,2906,17018,1455,17,206,0,0,359,869,1451,2906,17018
Staffordshire,staffordshire,2021/22,3,1489,25,224,0,0,441,757,1447,2936,18294,1489,25,224,0,0,441,757,1447,2936,18294,1635,26,213,0,0,455,617,1311,2946,19453,1635,26,213,0,0,455,617,1311,2946,19453
Staffordshire,staffordshire,2021/22,4,1397,14,221,0,0,413,220,868,2265,17154,1397,14,221,0,0,413,220,868,2265,17154,1288,21,192,0,0,368,105,686,1974,15779,1288,21,192,0,0,368,105,686,1974,15779
Staffordshire,staffordshire,2022/23,1,1588,21,203,0,0,418,227,869,2457,19946,1588,21,203,0,0,418,227,869,2457,19946,1946,52,259,0,0,510,300,1121,3067,25795,1946,52,259,0,0,510,300,1121,3067,25795
Staffordshire,staffordshire,2022/23,2,2171,67,270,0,0,691,222,1250,3421,22957,2171,67,270,0,0,691,222,1250,3421,22957,2530,69,310,0,0,741,248,1368,3898,25306,2530,69,310,0,0,741,248,1368,3898,25306
Staffordshire,staffordshire,2022/23,3,2375,54,196,0,0,609,476,1335,3710,27015,2375,54,196,0,0,609,476,1335,3710,27015,1910,37,194,0,0,494,500,1225,3135,22376,1910,37,194,0,0,494,500,1225,3135,22376
Staffordshire,staffordshire,2022/23,4,2062,38,196,0,0,563,743,1540,3602,22433,2062,38,196,0,0,563,743,1540,3602,22433,2033,41,174,0,0,509,596,1320,3353,23577,2033,41,174,0,0,509,596,1320,3353,23577
Staffordshire,staffordshire,2023/24,1,1786,35,190,0,1,465,185,876,2662,20878,1786,35,190,0,1,465,185,876,2662,20878,2060,69,205,0,1,625,205,1105,3165,23171,2060,69,205,0,1,625,205,1105,3165,23171
Staffordshire,staffordshire,2023/24,2,2105,53,172,0,0,654,160,1039,3144,23931,2105,53,172,0,0,654,160,1039,3144,23931,1917,35,165,0,0,640,128,968,2885,21451,1917,35,165,0,0,640,128,968,2885,21451
Staffordshire,staffordshire,2023/24,3,2053,46,168,0,0,774,202,1190,3243,24947,2053,46,168,0,0,774,202,1190,3243,24947,2049,41,126,0,0,850,178,1195,3244,20105,2049,41,126,0,0,850,178,1195,3244,20105
Staffordshire,staffordshire,2023/24,4,2440,57,152,0,0,1099,180,1488,3928,20080,2440,57,152,0,0,1099,180,1488,3928,20080,2177,53,128,0,0,1095,129,1405,3582,20905,2177,53,128,0,0,1095,129,1405,3582,20905
Staffordshire,staffordshire,2024/25,1,1804,36,45,0,0,921,59,1061,2865,19397,1804,36,45,0,0,921,59,1061,2865,19397,2097,56,91,0,0,998,79,1224,3321,22136,2097,56,91,0,0,998,79,1224,3321,22136
Staffordshire,staffordshire,2024/25,2,2332,41,120,0,0,1045,76,1282,3614,22844,2332,41,120,0,0,1045,76,1282,3614,22844,2326,36,118,0,0,1035,65,1254,3580,22822,2326,36,118,0,0,1035,65,1254,3580,22822
Staffordshire,staffordshire,2024/25,3,2510,44,118,0,0,1109,59,1330,3840,23453,2510,44,118,0,0,1109,59,1330,3840,23453,2206,33,109,0,0,1074,65,1281,3487,20797,2206,33,109,0,0,1074,65,1281,3487,20797
Staffordshire,staffordshire,2024/25,4,2228,48,96,0,0,1057,73,1274,3502,20636,2228,48,96,0,0,1057,73,1274,3502,20636,1955,40,111,0,0,959,56,1166,3121,19422,1955,40,111,0,0,959,56,1166,3121,19422
Staffordshire,staffordshire,2025/26,1,2309,32,108,0,0,1072,50,1262,3571,21542,2309,32,108,0,0,1072,50,1262,3571,21542,2120,34,64,0,0,1053,44,1195,3315,21743,2120,34,64,0,0,1053,44,1195,3315,21743
Staffordshire,staffordshire,2025/26,2,2428,56,98,0,0,1178,50,1382,3810,23652,2428,56,98,0,0,1178,50,1382,3810,23652,2132,43,78,0,0,1138,46,1305,3437,21454,2132,43,78,0,0,1138,46,1305,3437,21454
Staffordshire,staffordshire,2025/26,3,2676,39,81,0,0,1096,34,1250,3926,22710,2676,39,81,0,0,1096,34,1250,3926,22710,2109,37,68,0,0,1103,48,1256,3365,19952,2109,37,68,0,0,1103,48,1256,3365,19952
Staffordshire,staffordshire,2025/26,4,2384,37,89,0,0,1180,62,1368,3752,21884,2384,37,89,0,0,1180,62,1368,3752,21884,1545,9,20,0,0,1066,40,1135,2680,18425,1545,9,20,0,0,1066,40,1135,2680,18425
Suffolk,suffolk,2014/15,1,1722,38,348,61,147,684,0,1278,3000,3082,1722,38,348,61,147,684,0,1278,3000,3082,1787,66,314,61,143,755,0,1339,3126,5212,1787,66,314,61,143,755,0,1339,3126,5212
Suffolk,suffolk,2014/15,2,1927,72,316,61,147,786,0,1382,3309,9248,1927,72,316,61,147,786,0,1382,3309,9248,1914,52,349,62,148,746,0,1357,3271,9554,1914,52,349,62,148,746,0,1357,3271,9554
Suffolk,suffolk,2014/15,3,1857,68,306,53,122,800,0,1349,3206,9918,1857,68,306,53,122,800,0,1349,3206,9918,1689,58,331,50,115,717,0,1271,2960,9279,1689,58,331,50,115,717,0,1271,2960,9279
Suffolk,suffolk,2014/15,4,1514,62,364,54,106,556,0,1142,2656,8863,1514,62,364,54,106,556,0,1142,2656,8863,1536,73,326,54,108,658,0,1219,2755,9241,1536,73,326,54,108,658,0,1219,2755,9241
Suffolk,suffolk,2015/16,1,1573,10,7,41,1,1,0,60,1633,9320,1573,10,7,41,1,1,0,60,1633,9320,1601,17,9,46,1,7,0,80,1681,9541,1601,17,9,46,1,7,0,80,1681,9541
Suffolk,suffolk,2015/16,2,1460,12,8,50,1,2,0,73,1533,9832,1460,12,8,50,1,2,0,73,1533,9832,1350,6,17,50,1,9,0,83,1433,9199,1350,6,17,50,1,9,0,83,1433,9199
Suffolk,suffolk,2015/16,3,1143,42,157,62,44,373,0,678,1821,9797,1143,42,157,62,44,373,0,678,1821,9797,1504,62,223,57,61,591,0,994,2498,10310,1504,62,223,57,61,591,0,994,2498,10310
Suffolk,suffolk,2015/16,4,1478,55,224,43,74,634,1,1031,2509,10252,1478,55,224,43,74,634,1,1031,2509,10252,1419,56,212,40,69,636,2,1015,2434,10260,1419,56,212,40,69,636,2,1015,2434,10260
Suffolk,suffolk,2016/17,1,1148,39,222,28,51,551,0,891,2039,9686,1148,39,222,28,51,551,0,891,2039,9686,1538,51,276,32,68,638,0,1065,2603,10920,1538,51,276,32,68,638,0,1065,2603,10920
Suffolk,suffolk,2016/17,2,1298,45,214,26,64,522,0,871,2169,10229,1298,45,214,26,64,522,0,871,2169,10229,1459,84,231,26,63,625,1,1030,2489,11120,1459,84,231,26,63,625,1,1030,2489,11120
Suffolk,suffolk,2016/17,3,1841,90,322,27,54,577,2,1072,2913,11420,1841,90,322,27,54,577,2,1072,2913,11420,1414,52,278,28,53,488,0,899,2313,11535,1414,52,278,28,53,488,0,899,2313,11535
Suffolk,suffolk,2016/17,4,1600,69,268,41,76,569,0,1023,2623,12732,1600,69,268,41,76,569,0,1023,2623,12732,1414,78,235,34,73,458,0,878,2292,11437,1414,78,235,34,73,458,0,878,2292,11437
Suffolk,suffolk,2017/18,1,1379,67,232,21,71,493,0,884,2263,11574,1379,67,232,21,71,493,0,884,2263,11574,1428,56,252,21,70,495,0,894,2322,13541,1428,56,252,21,70,495,0,894,2322,13541
Suffolk,suffolk,2017/18,2,1497,47,208,30,88,412,0,785,2282,12499,1497,47,208,30,88,412,0,785,2282,12499,1571,64,218,29,89,424,0,824,2395,13601,1571,64,218,29,89,424,0,824,2395,13601
Suffolk,suffolk,2017/18,3,1469,69,246,24,79,444,0,862,2331,13677,1469,69,246,24,79,444,0,862,2331,13677,1556,66,248,22,81,432,0,849,2405,13413,1556,66,248,22,81,432,0,849,2405,13413
Suffolk,suffolk,2017/18,4,1351,83,215,18,65,388,0,769,2120,14167,1351,83,215,18,65,388,0,769,2120,14167,1365,57,205,24,57,333,0,676,2041,12460,1365,57,205,24,57,333,0,676,2041,12460
Suffolk,suffolk,2018/19,1,1384,25,281,19,56,387,0,768,2152,12504,1384,25,281,19,56,387,0,768,2152,12504,1505,39,292,18,62,420,0,831,2336,13327,1505,39,292,18,62,420,0,831,2336,13327
Suffolk,suffolk,2018/19,2,1477,45,272,12,85,393,0,807,2284,14155,1477,45,272,12,85,393,0,807,2284,14155,1534,49,276,10,86,391,0,812,2346,14509,1534,49,276,10,86,391,0,812,2346,14509
Suffolk,suffolk,2018/19,3,1437,56,257,24,74,366,0,777,2214,14626,1437,56,257,24,74,366,0,777,2214,14626,1557,58,250,21,74,335,0,738,2295,13820,1557,58,250,21,74,335,0,738,2295,13820
Suffolk,suffolk,2018/19,4,1435,47,219,17,91,347,0,721,2156,13313,1435,47,219,17,91,347,0,721,2156,13313,1424,54,231,19,87,333,0,724,2148,12782,1424,54,231,19,87,333,0,724,2148,12782
Suffolk,suffolk,2019/20,1,1489,48,245,24,72,275,22,686,2175,12234,1489,48,245,24,72,275,22,686,2175,12234,1514,38,258,20,75,273,100,764,2278,13819,1514,38,258,20,75,273,100,764,2278,13819
Suffolk,suffolk,2019/20,2,1437,39,252,12,73,192,87,655,2092,12053,1437,39,252,12,73,192,87,655,2092,12053,1620,42,276,19,105,230,87,759,2379,15360,1620,42,276,19,105,230,87,759,2379,15360
Suffolk,suffolk,2019/20,3,1539,55,303,25,108,246,89,826,2365,16140,1539,55,303,25,108,246,89,826,2365,16140,1468,67,308,25,104,191,60,755,2223,13824,1468,67,308,25,104,191,60,755,2223,13824
Suffolk,suffolk,2019/20,4,1491,55,274,32,140,280,55,836,2327,17089,1491,55,274,32,140,280,55,836,2327,17089,1370,77,244,28,101,223,47,720,2090,13654,1370,77,244,28,101,223,47,720,2090,13654
Suffolk,suffolk,2020/21,1,1298,96,253,30,180,219,59,837,2135,12117,1298,96,253,30,180,219,59,837,2135,12117,1246,42,236,30,182,200,39,729,1975,11698,1246,42,236,30,182,200,39,729,1975,11698
Suffolk,suffolk,2020/21,2,1260,50,209,28,117,208,56,668,1928,12900,1260,50,209,28,117,208,56,668,1928,12900,1405,53,246,30,112,205,90,736,2141,13708,1405,53,246,30,112,205,90,736,2141,13708
Suffolk,suffolk,2020/21,3,1200,46,234,24,134,201,71,710,1910,12616,1200,46,234,24,134,201,71,710,1910,12616,1148,45,211,24,144,234,83,741,1889,12334,1148,45,211,24,144,234,83,741,1889,12334
Suffolk,suffolk,2020/21,4,1077,30,191,21,121,224,60,647,1724,10418,1077,30,191,21,121,224,60,647,1724,10418,1064,41,163,21,122,212,45,604,1668,10395,1064,41,163,21,122,212,45,604,1668,10395
Suffolk,suffolk,2021/22,1,1198,43,222,25,155,232,68,745,1943,12163,1198,43,222,25,155,232,68,745,1943,12163,1214,33,235,22,151,242,92,775,1989,12816,1214,33,235,22,151,242,92,775,1989,12816
Suffolk,suffolk,2021/22,2,1153,39,200,23,87,238,92,679,1832,12675,1153,39,200,23,87,238,92,679,1832,12675,1201,37,192,27,95,242,81,674,1875,12813,1201,37,192,27,95,242,81,674,1875,12813
Suffolk,suffolk,2021/22,3,1155,27,187,20,91,238,90,653,1808,12829,1155,27,187,20,91,238,90,653,1808,12829,1162,28,211,19,82,265,99,704,1866,12673,1162,28,211,19,82,265,99,704,1866,12673
Suffolk,suffolk,2021/22,4,1208,35,160,21,100,224,93,633,1841,12074,1208,35,160,21,100,224,93,633,1841,12074,1137,44,147,19,91,217,82,600,1737,12319,1137,44,147,19,91,217,82,600,1737,12319
Suffolk,suffolk,2022/23,1,1237,40,159,10,51,291,40,591,1828,13093,1237,40,159,10,51,291,40,591,1828,13093,1370,34,179,7,49,345,90,704,2074,14071,1370,34,179,7,49,345,90,704,2074,14071
Suffolk,suffolk,2022/23,2,1355,45,163,0,8,361,91,668,2023,14174,1355,45,163,0,8,361,91,668,2023,14174,1314,43,168,0,5,361,77,654,1968,13702,1314,43,168,0,5,361,77,654,1968,13702
Suffolk,suffolk,2022/23,3,1327,29,176,0,5,380,127,717,2044,13093,1327,29,176,0,5,380,127,717,2044,13093,1290,21,184,0,4,374,87,670,1960,12441,1290,21,184,0,4,374,87,670,1960,12441
Suffolk,suffolk,2022/23,4,1260,19,149,0,1,331,86,586,1846,11940,1260,19,149,0,1,331,86,586,1846,11940,1294,20,148,0,0,360,108,636,1930,11870,1294,20,148,0,0,360,108,636,1930,11870
Suffolk,suffolk,2023/24,1,1254,15,155,0,1,356,111,638,1892,11750,1254,15,155,0,1,356,111,638,1892,11750,1233,26,136,0,1,370,96,629,1862,11640,1233,26,136,0,1,370,96,629,1862,11640
Suffolk,suffolk,2023/24,2,1244,26,137,0,4,387,77,631,1875,11840,1244,26,137,0,4,387,77,631,1875,11840,1274,32,159,0,4,387,80,662,1936,12006,1274,32,159,0,4,387,80,662,1936,12006
Suffolk,suffolk,2023/24,3,1283,31,154,0,1,334,96,616,1899,11809,1283,31,154,0,1,334,96,616,1899,11809,1234,24,143,0,0,303,80,550,1784,11273,1234,24,143,0,0,303,80,550,1784,11273
Suffolk,suffolk,2023/24,4,1214,30,172,0,0,343,73,618,1832,10974,1214,30,172,0,0,343,73,618,1832,10974,1123,24,152,0,0,344,80,600,1723,10914,1123,24,152,0,0,344,80,600,1723,10914
Suffolk,suffolk,2024/25,1,1321,25,147,0,2,312,74,560,1881,11569,1321,25,147,0,2,312,74,560,1881,11569,1321,20,160,0,2,330,67,579,1900,11723,1321,20,160,0,2,330,67,579,1900,11723
Suffolk,suffolk,2024/25,2,1167,21,122,1,1,373,58,576,1743,11269,1167,21,122,1,1,373,58,576,1743,11269,1190,28,127,1,1,439,54,650,1840,11452,1190,28,127,1,1,439,54,650,1840,11452
Suffolk,suffolk,2024/25,3,1243,18,148,0,2,513,57,738,1981,11461,1243,18,148,0,2,513,57,738,1981,11461,1113,5,136,0,3,456,39,639,1752,10806,1113,5,136,0,3,456,39,639,1752,10806
Suffolk,suffolk,2024/25,4,1226,10,171,0,4,428,28,641,1867,10213,1226,10,171,0,4,428,28,641,1867,10213,1154,13,141,0,3,428,46,631,1785,10228,1154,13,141,0,3,428,46,631,1785,10228
Suffolk,suffolk,2025/26,1,1236,16,158,0,0,466,51,691,1927,10585,1236,16,158,0,0,466,51,691,1927,10585,1190,10,167,0,0,511,66,754,1944,10787,1190,10,167,0,0,511,66,754,1944,10787
Suffolk,suffolk,2025/26,2,1377,8,149,0,0,522,53,732,2109,11159,1377,8,149,0,0,522,53,732,2109,11159,1274,7,130,0,0,455,52,644,1918,10936,1274,7,130,0,0,455,52,644,1918,10936
Suffolk,suffolk,2025/26,3,1394,7,123,0,0,412,50,592,1986,10805,1394,7,123,0,0,412,50,592,1986,10805,1172,8,107,0,0,420,26,561,1733,10115,1172,8,107,0,0,420,26,561,1733,10115
Suffolk,suffolk,2025/26,4,1312,8,97,0,0,439,57,601,1913,10719,1312,8,97,0,0,439,57,601,1913,10719,813,3,69,0,0,344,14,430,1243,8478,813,3,69,0,0,344,14,430,1243,8478
Surrey,surrey,2014/15,1,1823,35,503,192,238,486,0,1454,3277,11418,1823,35,503,192,238,486,0,1454,3277,11418,1867,42,483,234,267,461,0,1487,3354,12309,1867,42,483,234,267,461,0,1487,3354,12309
Surrey,surrey,2014/15,2,1733,31,441,233,193,464,0,1362,3095,12683,1733,31,441,233,193,464,0,1362,3095,12683,1784,37,475,245,191,450,0,1398,3182,12645,1784,37,475,245,191,450,0,1398,3182,12645
Surrey,surrey,2014/15,3,1677,30,434,193,178,349,0,1184,2861,12564,1677,30,434,193,178,349,0,1184,2861,12564,1601,35,478,234,217,423,0,1387,2988,12698,1601,35,478,234,217,423,0,1387,2988,12698
Surrey,surrey,2014/15,4,1536,34,488,258,223,475,0,1478,3014,11845,1536,34,488,258,223,475,0,1478,3014,11845,1680,29,454,211,206,503,0,1403,3083,12531,1680,29,454,211,206,503,0,1403,3083,12531
Surrey,surrey,2015/16,1,1644,37,455,210,166,554,0,1422,3066,13857,1644,37,455,210,166,554,0,1422,3066,13857,1705,55,448,215,149,744,0,1611,3316,14676,1705,55,448,215,149,744,0,1611,3316,14676
Surrey,surrey,2015/16,2,1700,49,486,165,132,926,0,1758,3458,15268,1700,49,486,165,132,926,0,1758,3458,15268,1608,28,447,143,123,868,0,1609,3217,15194,1608,28,447,143,123,868,0,1609,3217,15194
Surrey,surrey,2015/16,3,1547,32,408,155,172,849,0,1616,3163,15267,1547,32,408,155,172,849,0,1616,3163,15267,1592,35,407,143,175,763,0,1523,3115,15234,1592,35,407,143,175,763,0,1523,3115,15234
Surrey,surrey,2015/16,4,1724,42,395,164,146,898,0,1645,3369,16555,1724,42,395,164,146,898,0,1645,3369,16555,1330,22,337,105,97,762,0,1323,2653,14127,1330,22,337,105,97,762,0,1323,2653,14127
Surrey,surrey,2016/17,1,1473,23,318,113,134,786,0,1374,2847,13917,1473,23,318,113,134,786,0,1374,2847,13917,1512,21,311,106,121,831,0,1390,2902,15213,1512,21,311,106,121,831,0,1390,2902,15213
Surrey,surrey,2016/17,2,1392,30,283,77,102,781,0,1273,2665,14919,1392,30,283,77,102,781,0,1273,2665,14919,1488,24,282,76,100,759,0,1241,2729,15756,1488,24,282,76,100,759,0,1241,2729,15756
Surrey,surrey,2016/17,3,1590,24,296,99,146,700,0,1265,2855,16806,1590,24,296,99,146,700,0,1265,2855,16806,1497,21,295,105,156,728,0,1305,2802,16251,1497,21,295,105,156,728,0,1305,2802,16251
Surrey,surrey,2016/17,4,1432,12,268,83,167,794,0,1324,2756,16133,1432,12,268,83,167,794,0,1324,2756,16133,1439,20,255,78,159,761,0,1273,2712,17083,1439,20,255,78,159,761,0,1273,2712,17083
Surrey,surrey,2017/18,1,1476,22,247,90,166,769,0,1294,2770,18136,1476,22,247,90,166,769,0,1294,2770,18136,1502,23,266,93,180,839,0,1401,2903,18967,1502,23,266,93,180,839,0,1401,2903,18967
Surrey,surrey,2017/18,2,1487,19,277,73,139,810,0,1318,2805,19937,1487,19,277,73,139,810,0,1318,2805,19937,1574,15,290,69,134,727,0,1235,2809,18668,1574,15,290,69,134,727,0,1235,2809,18668
Surrey,surrey,2017/18,3,1642,17,267,80,271,734,0,1369,3011,19018,1642,17,267,80,271,734,0,1369,3011,19018,1602,23,229,86,278,712,0,1328,2930,18380,1602,23,229,86,278,712,0,1328,2930,18380
Surrey,surrey,2017/18,4,1428,20,222,91,193,703,0,1229,2657,17255,1428,20,222,91,193,703,0,1229,2657,17255,1380,31,211,84,188,757,0,1271,2651,17471,1380,31,211,84,188,757,0,1271,2651,17471
Surrey,surrey,2018/19,1,1431,22,223,79,195,858,0,1377,2808,17953,1431,22,223,79,195,858,0,1377,2808,17953,1476,16,232,80,187,925,1,1441,2917,19057,1476,16,232,80,187,925,1,1441,2917,19057
Surrey,surrey,2018/19,2,1410,20,243,63,185,1021,0,1532,2942,20351,1410,20,243,63,185,1021,0,1532,2942,20351,1471,8,243,64,179,922,0,1416,2887,19460,1471,8,243,64,179,922,0,1416,2887,19460
Surrey,surrey,2018/19,3,1542,14,191,79,309,829,0,1422,2964,19193,1542,14,191,79,309,829,0,1422,2964,19193,1584,12,192,82,328,872,9,1495,3079,19248,1584,12,192,82,328,872,9,1495,3079,19248
Surrey,surrey,2018/19,4,1269,13,179,55,156,768,0,1171,2440,18460,1269,13,179,55,156,768,0,1171,2440,18460,1471,21,158,46,156,839,41,1261,2732,18954,1471,21,158,46,156,839,41,1261,2732,18954
Surrey,surrey,2019/20,1,1392,7,130,31,115,958,0,1241,2633,18455,1392,7,130,31,115,958,0,1241,2633,18455,1374,20,138,28,103,925,74,1288,2662,18923,1374,20,138,28,103,925,74,1288,2662,18923
Surrey,surrey,2019/20,2,1257,12,130,25,67,1105,49,1388,2645,19251,1257,12,130,25,67,1105,49,1388,2645,19251,1376,18,152,28,60,1040,56,1354,2730,19775,1376,18,152,28,60,1040,56,1354,2730,19775
Surrey,surrey,2019/20,3,1255,33,132,5,2,1246,88,1506,2761,19900,1255,33,132,5,2,1246,88,1506,2761,19900,1262,32,124,0,0,1280,71,1507,2769,19572,1262,32,124,0,0,1280,71,1507,2769,19572
Surrey,surrey,2019/20,4,1329,32,119,2,3,1271,83,1510,2839,20021,1329,32,119,2,3,1271,83,1510,2839,20021,1199,24,116,0,0,1053,76,1269,2468,18640,1199,24,116,0,0,1053,76,1269,2468,18640
Surrey,surrey,2020/21,1,1143,20,108,1,3,1218,92,1442,2585,17512,1143,20,108,1,3,1218,92,1442,2585,17512,1179,15,125,1,0,1214,67,1422,2601,15988,1179,15,125,1,0,1214,67,1422,2601,15988
Surrey,surrey,2020/21,2,1007,7,151,1,0,1153,63,1375,2382,17793,1007,7,151,1,0,1153,63,1375,2382,17793,1270,12,173,1,0,1239,92,1517,2787,19183,1270,12,173,1,0,1239,92,1517,2787,19183
Surrey,surrey,2020/21,3,1162,24,171,0,1,1291,88,1575,2737,17573,1162,24,171,0,1,1291,88,1575,2737,17573,1032,12,156,0,0,1253,90,1511,2543,16450,1032,12,156,0,0,1253,90,1511,2543,16450
Surrey,surrey,2020/21,4,1076,10,165,2,1,907,63,1148,2224,15152,1076,10,165,2,1,907,63,1148,2224,15152,830,20,154,1,0,884,110,1169,1999,15151,830,20,154,1,0,884,110,1169,1999,15151
Surrey,surrey,2021/22,1,1000,24,155,0,0,825,119,1123,2123,16365,1000,24,155,0,0,825,119,1123,2123,16365,996,26,141,0,0,860,152,1179,2175,18315,996,26,141,0,0,860,152,1179,2175,18315
Surrey,surrey,2021/22,2,691,22,107,0,0,747,126,1002,1693,17107,691,22,107,0,0,747,126,1002,1693,17107,795,17,152,0,0,713,109,991,1786,17920,795,17,152,0,0,713,109,991,1786,17920
Surrey,surrey,2021/22,3,763,18,140,0,0,729,139,1026,1789,18256,763,18,140,0,0,729,139,1026,1789,18256,843,23,142,0,0,748,105,1018,1861,18032,843,23,142,0,0,748,105,1018,1861,18032
Surrey,surrey,2021/22,4,883,31,143,0,1,684,106,965,1848,17416,883,31,143,0,1,684,106,965,1848,17416,842,31,128,0,0,675,118,952,1794,17886,842,31,128,0,0,675,118,952,1794,17886
Surrey,surrey,2022/23,1,998,31,101,0,0,707,112,951,1949,17488,998,31,101,0,0,707,112,951,1949,17488,1093,43,93,0,0,819,128,1083,2176,18815,1093,43,93,0,0,819,128,1083,2176,18815
Surrey,surrey,2022/23,2,906,26,129,0,0,767,126,1048,1954,17851,906,26,129,0,0,767,126,1048,1954,17851,981,17,120,0,0,726,142,1005,1986,18100,981,17,120,0,0,726,142,1005,1986,18100
Surrey,surrey,2022/23,3,877,29,106,0,0,903,170,1208,2085,19420,877,29,106,0,0,903,170,1208,2085,19420,1010,20,94,0,0,893,189,1196,2206,18641,1010,20,94,0,0,893,189,1196,2206,18641
Surrey,surrey,2022/23,4,891,18,96,0,1,679,188,982,1873,18323,891,18,96,0,1,679,188,982,1873,18323,988,37,112,0,0,675,228,1052,2040,18390,988,37,112,0,0,675,228,1052,2040,18390
Surrey,surrey,2023/24,1,784,19,115,0,0,733,168,1035,1819,17120,784,19,115,0,0,733,168,1035,1819,17120,1026,61,108,0,0,792,249,1210,2236,18576,1026,61,108,0,0,792,249,1210,2236,18576
Surrey,surrey,2023/24,2,802,48,108,0,0,770,224,1150,1952,18292,802,48,108,0,0,770,224,1150,1952,18292,1171,32,130,0,0,628,242,1032,2203,19114,1171,32,130,0,0,628,242,1032,2203,19114
Surrey,surrey,2023/24,3,1550,38,132,0,0,327,283,780,2330,18269,1550,38,132,0,0,327,283,780,2330,18269,1515,29,146,0,0,351,327,853,2368,19201,1515,29,146,0,0,351,327,853,2368,19201
Surrey,surrey,2023/24,4,1912,34,167,2,3,282,290,778,2690,21029,1912,34,167,2,3,282,290,778,2690,21029,1629,44,136,0,0,281,272,733,2362,17912,1629,44,136,0,0,281,272,733,2362,17912
Surrey,surrey,2024/25,1,1495,39,97,0,0,337,255,728,2223,18228,1495,39,97,0,0,337,255,728,2223,18228,1631,22,142,0,0,355,220,739,2370,18813,1631,22,142,0,0,355,220,739,2370,18813
Surrey,surrey,2024/25,2,1521,21,140,0,0,358,195,714,2235,17435,1521,21,140,0,0,358,195,714,2235,17435,1545,16,122,0,0,359,231,728,2273,18273,1545,16,122,0,0,359,231,728,2273,18273
Surrey,surrey,2024/25,3,1798,30,131,0,0,592,230,983,2781,20356,1798,30,131,0,0,592,230,983,2781,20356,1529,17,100,0,0,607,220,944,2473,18442,1529,17,100,0,0,607,220,944,2473,18442
Surrey,surrey,2024/25,4,1804,26,81,0,0,521,225,853,2657,19044,1804,26,81,0,0,521,225,853,2657,19044,1563,14,73,0,0,542,221,850,2413,17080,1563,14,73,0,0,542,221,850,2413,17080
Surrey,surrey,2025/26,1,1933,11,89,0,0,540,242,882,2815,19473,1933,11,89,0,0,540,242,882,2815,19473,1781,11,79,0,0,557,208,855,2636,18935,1781,11,79,0,0,557,208,855,2636,18935
Surrey,surrey,2025/26,2,1949,14,68,0,1,557,207,847,2796,19518,1949,14,68,0,1,557,207,847,2796,19518,1715,2,79,0,1,525,175,782,2497,18692,1715,2,79,0,1,525,175,782,2497,18692
Surrey,surrey,2025/26,3,1953,24,101,0,0,697,177,999,2952,19553,1953,24,101,0,0,697,177,999,2952,19553,1389,8,38,0,0,653,108,807,2196,16236,1389,8,38,0,0,653,108,807,2196,16236
Surrey,surrey,2025/26,4,1986,7,58,0,0,647,195,907,2893,17017,1986,7,58,0,0,647,195,907,2893,17017,1058,2,17,0,0,522,62,603,1661,13219,1058,2,17,0,0,522,62,603,1661,13219
Sussex,sussex,2014/15,1,3313,183,956,168,205,669,0,2181,5494,20110,3312,183,956,168,205,669,0,2181,5493,20108,3658,192,997,179,231,851,0,2450,6108,21406,3658,192,997,179,231,851,0,2450,6108,21406
Sussex,sussex,2014/15,2,3597,185,1032,174,229,1052,0,2672,6269,22118,3597,185,1032,174,229,1052,0,2672,6269,22117,3755,179,1047,177,204,1034,0,2641,6396,23399,3755,179,1047,177,204,1034,0,2641,6396,23399
Sussex,sussex,2014/15,3,3737,189,1009,192,226,1026,0,2642,6379,23997,3724,189,1009,192,226,1026,0,2642,6366,23983,3504,195,961,185,220,909,0,2470,5974,22689,3504,195,961,185,220,909,0,2470,5974,22689
Sussex,sussex,2014/15,4,3450,188,882,131,177,856,0,2234,5684,21547,3449,188,882,131,177,856,0,2234,5683,21545,3447,150,867,131,182,877,0,2207,5654,21758,3447,150,867,131,182,877,0,2207,5654,21758
Sussex,sussex,2015/16,1,3018,134,841,145,193,1026,0,2339,5357,21920,3018,134,841,145,193,1026,0,2339,5357,21920,3171,180,864,148,187,1068,0,2447,5618,23407,3171,180,864,148,187,1068,0,2447,5618,23407
Sussex,sussex,2015/16,2,3249,187,919,123,176,973,0,2378,5627,23587,3249,187,919,123,176,973,0,2378,5627,23587,3286,157,883,132,186,943,0,2301,5587,24049,3286,157,883,132,186,943,0,2301,5587,24049
Sussex,sussex,2015/16,3,3203,129,776,121,149,882,0,2057,5260,23709,3203,129,776,121,149,882,0,2057,5260,23709,3547,149,802,119,145,868,0,2083,5630,24348,3547,149,802,119,145,868,0,2083,5630,24348
Sussex,sussex,2015/16,4,3377,133,707,110,125,853,0,1928,5305,25065,3377,133,707,110,125,853,0,1928,5305,25065,2861,97,683,97,129,868,0,1874,4735,23137,2861,97,683,97,129,868,0,1874,4735,23137
Sussex,sussex,2016/17,1,2781,96,669,99,143,916,0,1923,4704,25462,2781,96,669,99,143,916,0,1923,4704,25462,2791,109,689,100,146,930,0,1974,4765,25509,2791,109,689,100,146,930,0,1974,4765,25509
Sussex,sussex,2016/17,2,2851,108,678,84,151,902,0,1923,4774,27448,2851,108,678,84,151,902,0,1923,4774,27448,2892,85,623,91,143,776,0,1718,4610,27171,2892,85,623,91,143,776,0,1718,4610,27171
Sussex,sussex,2016/17,3,2804,87,562,95,165,677,0,1586,4390,26493,2804,87,562,95,165,677,0,1586,4390,26493,2584,90,596,88,184,638,0,1596,4180,25941,2584,90,596,88,184,638,0,1596,4180,25941
Sussex,sussex,2016/17,4,2419,80,545,88,163,600,0,1476,3895,25692,2419,80,545,88,163,600,0,1476,3895,25692,2659,74,501,77,143,614,0,1409,4068,25915,2659,74,501,77,143,614,0,1409,4068,25915
Sussex,sussex,2017/18,1,2673,57,492,87,128,537,0,1301,3974,27672,2673,57,492,87,128,537,0,1301,3974,27672,2698,46,500,109,125,551,0,1331,4029,29321,2698,46,500,109,125,551,0,1331,4029,29321
Sussex,sussex,2017/18,2,2834,51,487,94,129,610,0,1371,4205,30414,2834,51,487,94,129,610,0,1371,4205,30414,2796,61,473,77,142,651,0,1404,4200,29705,2796,61,473,77,142,651,0,1404,4200,29705
Sussex,sussex,2017/18,3,2419,91,405,52,116,495,0,1159,3578,27221,2419,91,405,52,116,495,0,1159,3578,27221,2583,62,474,60,113,525,0,1234,3817,28322,2583,62,474,60,113,525,0,1234,3817,28322
Sussex,sussex,2017/18,4,2536,59,460,73,124,553,0,1269,3805,26327,2536,59,460,73,124,553,0,1269,3805,26327,2354,31,458,69,113,503,0,1174,3528,25907,2354,31,458,69,113,503,0,1174,3528,25907
Sussex,sussex,2018/19,1,2267,33,468,63,90,460,0,1114,3381,27449,2267,33,468,63,90,460,0,1114,3381,27449,2492,49,490,60,108,523,0,1230,3722,29156,2492,49,490,60,108,523,0,1230,3722,29156
Sussex,sussex,2018/19,2,2066,41,467,66,118,571,0,1263,3329,28780,2066,41,467,66,118,571,0,1263,3329,28780,2415,36,508,75,125,527,0,1271,3686,30257,2415,36,508,75,125,527,0,1271,3686,30257
Sussex,sussex,2018/19,3,2037,37,463,66,129,425,0,1120,3157,28479,2037,37,463,66,129,425,0,1120,3157,28479,2243,50,488,66,117,443,1,1165,3408,28932,2243,50,488,66,117,443,1,1165,3408,28932
Sussex,sussex,2018/19,4,2512,53,581,60,119,446,0,1259,3771,28953,2512,53,581,60,119,446,0,1259,3771,28953,2254,72,532,65,108,419,1,1197,3451,28489,2254,72,532,65,108,419,1,1197,3451,28489
Sussex,sussex,2019/20,1,2281,56,503,68,15,470,0,1112,3393,30016,2281,56,503,68,15,470,0,1112,3393,30016,2347,56,547,64,0,536,32,1235,3582,30873,2347,56,547,64,0,536,32,1235,3582,30873
Sussex,sussex,2019/20,2,1871,54,575,67,3,664,55,1418,3289,32259,1871,54,575,67,3,664,55,1418,3289,32259,2212,42,607,75,0,666,60,1450,3662,34432,2212,42,607,75,0,666,60,1450,3662,34432
Sussex,sussex,2019/20,3,2063,53,553,82,2,572,81,1343,3406,34464,2063,53,553,82,2,572,81,1343,3406,34464,2075,50,516,78,0,485,114,1243,3318,32179,2075,50,516,78,0,485,114,1243,3318,32179
Sussex,sussex,2019/20,4,2108,40,545,67,0,485,99,1236,3344,32019,2108,40,545,67,0,485,99,1236,3344,32019,2134,51,525,64,0,483,118,1241,3375,30187,2134,51,525,64,0,483,118,1241,3375,30187
Sussex,sussex,2020/21,1,2519,55,501,82,0,423,87,1148,3667,26891,2519,55,501,82,0,423,87,1148,3667,26891,2165,39,465,70,0,405,85,1064,3229,25699,2165,39,465,70,0,405,85,1064,3229,25699
Sussex,sussex,2020/21,2,1888,39,435,54,0,421,89,1038,2926,28616,1888,39,435,54,0,421,89,1038,2926,28616,2180,58,551,63,0,514,107,1293,3473,31614,2180,58,551,63,0,514,107,1293,3473,31614
Sussex,sussex,2020/21,3,1783,38,463,62,1,517,121,1202,2985,27749,1783,38,463,62,1,517,121,1202,2985,27749,1692,62,434,67,0,552,153,1268,2960,26886,1692,62,434,67,0,552,153,1268,2960,26886
Sussex,sussex,2020/21,4,2072,53,462,82,2,550,135,1284,3356,24986,2072,53,462,82,2,550,135,1284,3356,24986,1814,73,378,74,0,530,117,1172,2986,23905,1814,73,378,74,0,530,117,1172,2986,23905
Sussex,sussex,2021/22,1,2092,65,414,64,0,543,124,1210,3302,25086,2092,65,414,64,0,543,124,1210,3302,25086,2144,80,417,52,0,528,172,1249,3393,29472,2144,80,417,52,0,528,172,1249,3393,29472
Sussex,sussex,2021/22,2,1908,60,455,49,0,501,157,1222,3130,31654,1908,60,455,49,0,501,157,1222,3130,31654,2082,52,468,46,0,539,96,1201,3283,31426,2082,52,468,46,0,539,96,1201,3283,31426
Sussex,sussex,2021/22,3,1849,61,494,15,0,601,102,1273,3122,31661,1849,61,494,15,0,601,102,1273,3122,31661,1850,46,509,0,0,700,92,1347,3197,30284,1850,46,509,0,0,700,92,1347,3197,30284
Sussex,sussex,2021/22,4,1736,64,443,0,0,648,110,1265,3001,28264,1736,64,443,0,0,648,110,1265,3001,28264,1634,53,462,0,0,626,102,1243,2877,28563,1634,53,462,0,0,626,102,1243,2877,28563
Sussex,sussex,2022/23,1,1550,61,401,1,0,698,57,1218,2768,24219,1550,61,401,1,0,698,57,1218,2768,24219,1918,81,417,1,0,800,140,1439,3357,32758,1918,81,417,1,0,800,140,1439,3357,32758
Sussex,sussex,2022/23,2,1350,52,366,1,0,700,74,1193,2543,24627,1350,52,366,1,0,700,74,1193,2543,24627,1794,33,403,1,0,897,157,1491,3285,33050,1794,33,403,1,0,897,157,1491,3285,33050
Sussex,sussex,2022/23,3,2231,65,402,0,0,1167,187,1821,4052,42148,2231,65,402,0,0,1167,187,1821,4052,42148,1902,35,298,0,0,1142,147,1622,3524,31950,1902,35,298,0,0,1142,147,1622,3524,31950
Sussex,sussex,2022/23,4,2124,41,368,0,0,1416,188,2013,4137,35041,2124,41,368,0,0,1416,188,2013,4137,35041,2180,57,347,0,0,1367,188,1959,4139,31383,2180,57,347,0,0,1367,188,1959,4139,31383
Sussex,sussex,2023/24,1,1943,37,296,1,0,1358,194,1886,3829,30298,1943,37,296,1,0,1358,194,1886,3829,30298,2198,60,328,1,0,1409,192,1990,4188,32331,2198,60,328,1,0,1409,192,1990,4188,32331
Sussex,sussex,2023/24,2,1871,66,321,0,0,1178,164,1729,3600,31674,1871,66,321,0,0,1178,164,1729,3600,31674,2271,48,370,0,0,1384,184,1986,4257,38529,2271,48,370,0,0,1384,184,1986,4257,38529
Sussex,sussex,2023/24,3,2118,48,317,0,0,1306,149,1820,3938,31840,2118,48,317,0,0,1306,149,1820,3938,31840,2257,55,355,0,0,1323,160,1893,4150,32755,2257,55,355,0,0,1323,160,1893,4150,32755
Sussex,sussex,2023/24,4,2272,51,372,0,0,1453,176,2052,4324,33054,2272,51,372,0,0,1453,176,2052,4324,33054,2414,46,372,0,0,1483,214,2115,4529,31731,2414,46,372,0,0,1483,214,2115,4529,31731
Sussex,sussex,2024/25,1,2487,53,323,0,0,1277,207,1860,4347,30928,2487,53,323,0,0,1277,207,1860,4347,30928,2693,37,389,0,0,1451,205,2082,4775,34575,2693,37,389,0,0,1451,205,2082,4775,34575
Sussex,sussex,2024/25,2,2562,41,391,0,0,1404,204,2040,4602,34730,2562,41,391,0,0,1404,204,2040,4602,34730,2581,44,418,0,0,1432,194,2088,4669,34920,2581,44,418,0,0,1432,194,2088,4669,34920
Sussex,sussex,2024/25,3,3014,53,475,0,0,1646,224,2398,5412,38139,3014,53,475,0,0,1646,224,2398,5412,38139,2687,60,347,0,0,1463,151,2021,4708,32597,2687,60,347,0,0,1463,151,2021,4708,32597
Sussex,sussex,2024/25,4,3300,60,363,0,0,1597,219,2239,5539,42296,3300,60,363,0,0,1597,219,2239,5539,42296,2823,54,308,0,0,1356,134,1852,4675,31794,2823,54,308,0,0,1356,134,1852,4675,31794
Sussex,sussex,2025/26,1,3149,57,306,0,0,1487,141,1991,5140,34486,3149,57,306,0,0,1487,141,1991,5140,34486,2981,51,256,0,0,1506,167,1980,4961,33918,2981,51,256,0,0,1506,167,1980,4961,33918
Sussex,sussex,2025/26,2,3047,38,306,0,0,1308,136,1788,4835,34142,3047,38,306,0,0,1308,136,1788,4835,34142,3025,17,327,0,0,1412,95,1851,4876,32696,3025,17,327,0,0,1412,95,1851,4876,32696
Sussex,sussex,2025/26,3,3889,58,334,0,0,1473,123,1988,5877,34295,3889,58,334,0,0,1473,123,1988,5877,34295,3015,18,293,0,0,1248,110,1669,4684,29996,3015,18,293,0,0,1248,110,1669,4684,29996
Sussex,sussex,2025/26,4,3744,18,312,0,0,1449,106,1885,5629,32167,3744,18,312,0,0,1449,106,1885,5629,32167,2315,6,202,0,0,1120,78,1406,3721,26809,2315,6,202,0,0,1120,78,1406,3721,26809
Thames Valley,thames-valley,2014/15,1,4565,218,1242,477,404,840,0,3181,7746,20760,4561,218,1242,477,404,840,0,3181,7742,20749,4738,183,1282,523,389,915,0,3292,8030,29744,4738,183,1282,523,389,915,0,3292,8030,29744
Thames Valley,thames-valley,2014/15,2,4505,177,1139,429,284,765,0,2794,7299,26542,4504,177,1139,429,284,765,0,2794,7298,26541,4809,173,1187,436,281,809,0,2886,7695,30190,4809,173,1187,436,281,809,0,2886,7695,30190
Thames Valley,thames-valley,2014/15,3,4557,146,1152,381,259,804,0,2742,7299,28511,4556,146,1151,381,259,804,0,2741,7297,28507,4645,154,1159,388,289,789,0,2779,7424,29795,4645,154,1159,388,289,789,0,2779,7424,29795
Thames Valley,thames-valley,2014/15,4,4722,177,1152,351,285,817,0,2782,7504,29169,4721,177,1152,351,285,817,0,2782,7503,29161,4843,169,1096,339,282,832,0,2718,7561,29608,4843,169,1096,339,282,832,0,2718,7561,29608
Thames Valley,thames-valley,2015/16,1,4847,166,976,316,250,857,0,2565,7412,29819,4847,166,976,316,250,857,0,2565,7412,29819,5105,187,1033,340,242,917,0,2719,7824,32471,5105,187,1033,340,242,917,0,2719,7824,32471
Thames Valley,thames-valley,2015/16,2,5174,157,989,293,277,916,0,2632,7806,31804,5174,157,989,293,277,916,0,2632,7806,31804,4985,148,1013,305,263,882,0,2611,7596,33022,4985,148,1013,305,263,882,0,2611,7596,33022
Thames Valley,thames-valley,2015/16,3,4794,171,946,293,228,849,0,2487,7281,32460,4794,171,946,293,228,849,0,2487,7281,32460,4699,153,923,261,233,812,0,2382,7081,32226,4699,153,923,261,233,812,0,2382,7081,32226
Thames Valley,thames-valley,2015/16,4,4814,140,864,251,236,809,0,2300,7114,32320,4814,140,864,251,236,809,0,2300,7114,32320,4628,139,796,249,242,774,0,2200,6828,31484,4628,139,796,249,242,774,0,2200,6828,31484
Thames Valley,thames-valley,2016/17,1,4356,144,733,243,247,780,0,2147,6503,33947,4356,144,733,243,247,780,0,2147,6503,33947,4404,134,774,227,239,831,0,2205,6609,33176,4404,134,774,227,239,831,0,2205,6609,33176
Thames Valley,thames-valley,2016/17,2,4156,143,693,142,163,710,0,1851,6007,32847,4156,143,693,142,163,710,0,1851,6007,32847,4326,150,697,160,216,754,0,1977,6303,35111,4326,150,697,160,216,754,0,1977,6303,35111
Thames Valley,thames-valley,2016/17,3,4168,121,638,142,200,651,0,1752,5920,33928,4168,121,638,142,200,651,0,1752,5920,33928,4092,130,668,152,229,682,0,1861,5953,34819,4092,130,668,152,229,682,0,1861,5953,34819
Thames Valley,thames-valley,2016/17,4,4376,143,687,196,226,710,0,1962,6338,36822,4376,143,687,196,226,710,0,1962,6338,36821,4258,126,604,175,188,560,0,1653,5911,34539,4258,126,604,175,188,560,0,1653,5911,34539
Thames Valley,thames-valley,2017/18,1,3971,112,536,127,197,521,0,1493,5464,35984,3971,112,536,127,197,521,0,1493,5464,35984,4080,123,551,123,147,567,0,1511,5591,37677,4080,123,551,123,147,567,0,1511,5591,37677
Thames Valley,thames-valley,2017/18,2,3823,106,484,95,100,412,0,1197,5020,36550,3823,106,484,95,100,412,0,1197,5020,36550,3880,128,591,118,156,414,0,1407,5287,38133,3880,128,591,118,156,414,0,1407,5287,38133
Thames Valley,thames-valley,2017/18,3,3583,147,489,95,132,358,0,1221,4804,34751,3583,147,489,95,132,358,0,1221,4804,34751,3659,129,544,101,181,389,0,1344,5003,37140,3659,129,544,101,181,389,0,1344,5003,37140
Thames Valley,thames-valley,2017/18,4,3454,124,528,103,180,380,0,1315,4769,35368,3454,124,528,103,180,380,0,1315,4769,35368,3712,142,523,94,192,392,0,1343,5055,35561,3712,142,523,94,192,392,0,1343,5055,35561
Thames Valley,thames-valley,2018/19,1,3718,134,534,103,184,377,0,1332,5050,35484,3718,134,534,103,184,377,0,1332,5050,35484,3885,118,504,105,172,377,0,1276,5161,41766,3885,118,504,105,172,377,0,1276,5161,41766
Thames Valley,thames-valley,2018/19,2,3419,96,456,84,169,321,0,1126,4545,37394,3419,96,456,84,169,321,0,1126,4545,37394,3715,98,509,94,147,297,0,1145,4860,41727,3715,98,509,94,147,297,0,1145,4860,41727
Thames Valley,thames-valley,2018/19,3,3467,88,436,81,132,287,0,1024,4491,40445,3467,88,436,81,132,287,0,1024,4491,40445,3559,128,467,96,169,348,0,1208,4767,39561,3559,128,467,96,169,348,0,1208,4767,39561
Thames Valley,thames-valley,2018/19,4,3404,117,534,103,205,424,0,1383,4787,44107,3404,117,534,103,205,424,0,1383,4787,44107,3390,110,504,78,203,433,0,1328,4718,38235,3390,110,504,78,203,433,0,1328,4718,38235
Thames Valley,thames-valley,2019/20,1,3512,103,504,90,246,438,0,1381,4893,43186,3512,103,504,90,246,438,0,1381,4893,43186,3644,114,502,87,231,378,0,1312,4956,40948,3644,114,502,87,231,378,0,1312,4956,40948
Thames Valley,thames-valley,2019/20,2,3231,117,489,109,158,348,0,1221,4452,44084,3231,117,489,109,158,348,0,1221,4452,44084,3457,90,533,125,158,413,0,1319,4776,43724,3457,90,533,125,158,413,0,1319,4776,43724
Thames Valley,thames-valley,2019/20,3,3511,92,493,130,157,383,0,1255,4766,42245,3511,92,493,130,157,383,0,1255,4766,42245,3585,97,575,153,243,488,0,1556,5141,43260,3585,97,575,153,243,488,0,1556,5141,43260
Thames Valley,thames-valley,2019/20,4,3224,96,565,107,214,412,0,1394,4618,45509,3224,96,565,107,214,412,0,1394,4618,45509,3614,127,583,119,227,605,1,1662,5276,42280,3614,127,583,119,227,605,1,1662,5276,42280
Thames Valley,thames-valley,2020/21,1,3305,123,546,127,248,620,0,1664,4969,34555,3305,123,546,127,248,620,0,1664,4969,34555,3207,64,520,189,262,975,0,2010,5217,33795,3207,64,520,189,262,975,0,2010,5217,33795
Thames Valley,thames-valley,2020/21,2,3374,86,665,250,299,1350,0,2650,6024,39641,3374,86,665,250,299,1350,0,2650,6024,39641,3517,103,595,151,112,1757,0,2718,6235,41769,3517,103,595,151,112,1757,0,2718,6235,41769
Thames Valley,thames-valley,2020/21,3,3292,112,602,186,115,2151,0,3166,6458,39675,3292,112,602,186,115,2151,0,3166,6458,39675,3009,84,530,160,37,1920,0,2731,5740,38653,3009,84,530,160,37,1920,0,2731,5740,38653
Thames Valley,thames-valley,2020/21,4,2967,84,451,138,29,1974,0,2676,5643,34746,2967,84,451,138,29,1974,0,2676,5643,34746,2700,90,456,132,14,2068,0,2760,5460,35156,2700,90,456,132,14,2068,0,2760,5460,35156
Thames Valley,thames-valley,2021/22,1,2919,92,487,125,12,2207,0,2923,5842,39768,2919,92,487,125,12,2207,0,2923,5842,39768,2872,86,520,124,4,2353,0,3087,5959,43445,2872,86,520,124,4,2353,0,3087,5959,43445
Thames Valley,thames-valley,2021/22,2,2117,68,435,93,11,1946,0,2553,4670,43050,2117,68,435,93,11,1946,0,2553,4670,43050,2820,73,551,122,5,2203,1,2955,5775,46160,2820,73,551,122,5,2203,1,2955,5775,46160
Thames Valley,thames-valley,2021/22,3,2443,84,575,139,6,2251,6,3061,5504,43326,2443,84,575,139,6,2251,6,3061,5504,43326,2620,115,588,148,1,2196,13,3061,5681,44090,2620,115,588,148,1,2196,13,3061,5681,44090
Thames Valley,thames-valley,2021/22,4,2849,94,614,157,4,2475,12,3356,6205,41723,2849,94,614,157,4,2475,12,3356,6205,41723,2644,96,565,111,0,2314,4,3090,5734,40865,2644,96,565,111,0,2314,4,3090,5734,40865
Thames Valley,thames-valley,2022/23,1,2832,96,617,128,1,2315,0,3157,5989,43206,2832,96,617,128,1,2315,0,3157,5989,43206,2860,128,605,111,0,2366,0,3210,6070,45653,2860,128,605,111,0,2366,0,3210,6070,45653
Thames Valley,thames-valley,2022/23,2,2889,130,612,93,3,2343,0,3181,6070,46548,2889,130,612,93,3,2343,0,3181,6070,46548,2795,96,534,88,1,2112,1,2832,5627,46433,2795,96,534,88,1,2112,1,2832,5627,46433
Thames Valley,thames-valley,2022/23,3,2974,96,568,109,11,2044,0,2828,5802,47687,2974,96,568,109,11,2044,0,2828,5802,47687,2989,95,541,103,1,2079,2,2821,5810,44589,2989,95,541,103,1,2079,2,2821,5810,44589
Thames Valley,thames-valley,2022/23,4,3290,91,495,99,5,2181,3,2874,6164,47155,3290,91,495,99,5,2181,3,2874,6164,47155,3033,124,500,67,0,2020,3,2714,5747,44964,3033,124,500,67,0,2020,3,2714,5747,44964
Thames Valley,thames-valley,2023/24,1,3013,115,461,51,3,2191,2,2823,5836,48813,3013,115,461,51,3,2191,2,2823,5836,48813,3224,99,435,55,2,2239,0,2830,6054,45270,3224,99,435,55,2,2239,0,2830,6054,45270
Thames Valley,thames-valley,2023/24,2,3079,95,448,24,1,2071,0,2639,5718,46834,3079,95,448,24,1,2071,0,2639,5718,46834,3294,90,417,29,0,2039,1,2576,5870,44443,3294,90,417,29,0,2039,1,2576,5870,44443
Thames Valley,thames-valley,2023/24,3,3278,96,383,28,0,1601,1,2109,5387,43870,3278,96,383,28,0,1601,1,2109,5387,43870,3379,91,413,52,0,2075,1,2632,6011,42523,3379,91,413,52,0,2075,1,2632,6011,42523
Thames Valley,thames-valley,2023/24,4,3526,79,415,62,1,2468,1,3026,6552,40812,3526,79,415,62,1,2468,1,3026,6552,40812,3190,86,434,35,0,1950,10,2515,5705,41260,3190,86,434,35,0,1950,10,2515,5705,41260
Thames Valley,thames-valley,2024/25,1,3273,97,467,38,0,1830,1,2433,5706,41735,3273,97,467,38,0,1830,1,2433,5706,41735,3533,71,463,30,1,1911,4,2480,6013,44271,3533,71,463,30,1,1911,4,2480,6013,44271
Thames Valley,thames-valley,2024/25,2,3901,74,416,39,2,2081,3,2615,6516,46847,3901,74,416,39,2,2081,3,2615,6516,46847,3866,58,430,50,0,2079,17,2634,6500,43988,3866,58,430,50,0,2079,17,2634,6500,43988
Thames Valley,thames-valley,2024/25,3,4040,50,463,38,0,2139,8,2698,6738,43631,4040,50,463,38,0,2139,8,2698,6738,43631,3726,80,488,34,0,2172,36,2810,6536,42324,3726,80,488,34,0,2172,36,2810,6536,42324
Thames Valley,thames-valley,2024/25,4,4037,81,460,37,0,2230,8,2816,6853,43149,4037,81,460,37,0,2230,8,2816,6853,43149,3501,52,433,27,0,2058,70,2640,6141,39690,3501,52,433,27,0,2058,70,2640,6141,39690
Thames Valley,thames-valley,2025/26,1,3621,72,462,32,0,2029,6,2601,6222,41627,3621,72,462,32,0,2029,6,2601,6222,41627,3344,47,427,42,0,2224,48,2788,6132,42241,3344,47,427,42,0,2224,48,2788,6132,42241
Thames Valley,thames-valley,2025/26,2,4054,48,414,42,1,2264,22,2791,6845,44153,4054,48,414,42,1,2264,22,2791,6845,44153,3571,43,396,29,0,2166,33,2667,6238,42616,3571,43,396,29,0,2166,33,2667,6238,42616
Thames Valley,thames-valley,2025/26,3,4115,40,413,40,0,2294,97,2884,6999,42783,4115,40,413,40,0,2294,97,2884,6999,42783,2872,26,397,39,0,2172,12,2646,5518,38549,2872,26,397,39,0,2172,12,2646,5518,38549
Thames Valley,thames-valley,2025/26,4,3866,59,481,42,0,2347,53,2982,6848,42010,3866,59,481,42,0,2347,53,2982,6848,42010,2487,2,217,41,0,1865,3,2128,4615,33331,2487,2,217,41,0,1865,3,2128,4615,33331
Warwickshire,warwickshire,2014/15,1,917,1,259,53,48,177,0,538,1455,6523,917,1,259,53,48,177,0,538,1455,6523,925,23,261,53,48,190,0,575,1500,6423,925,23,261,53,48,190,0,575,1500,6423
Warwickshire,warwickshire,2014/15,2,902,41,372,49,93,205,0,760,1662,6960,902,41,372,49,93,205,0,760,1662,6960,854,36,376,45,87,194,0,738,1592,7070,854,36,376,45,87,194,0,738,1592,7070
Warwickshire,warwickshire,2014/15,3,824,34,248,54,41,198,0,575,1399,6597,824,34,248,54,41,198,0,575,1399,6597,928,37,237,58,42,207,0,581,1509,6818,928,37,237,58,42,207,0,581,1509,6818
Warwickshire,warwickshire,2014/15,4,930,37,235,48,73,216,0,609,1539,6604,930,37,235,48,73,216,0,609,1539,6604,902,34,234,46,70,203,0,587,1489,6729,902,34,234,46,70,203,0,587,1489,6729
Warwickshire,warwickshire,2015/16,1,894,30,255,47,49,227,0,608,1502,7365,894,30,255,47,49,227,0,608,1502,7365,970,32,260,49,49,240,0,630,1600,8010,970,32,260,49,49,240,0,630,1600,8010
Warwickshire,warwickshire,2015/16,2,922,32,242,40,48,218,0,580,1502,7802,922,32,242,40,48,218,0,580,1502,7802,1051,27,262,38,48,228,0,603,1654,8029,1051,27,262,38,48,228,0,603,1654,8029
Warwickshire,warwickshire,2015/16,3,1010,18,245,58,54,197,0,572,1582,7605,1010,18,245,58,54,197,0,572,1582,7605,976,29,261,55,55,190,0,590,1566,7758,976,29,261,55,55,190,0,590,1566,7758
Warwickshire,warwickshire,2015/16,4,1030,38,269,40,51,190,0,588,1618,7950,1030,38,269,40,51,190,0,588,1618,7950,970,30,252,41,49,176,0,548,1518,7640,970,30,252,41,49,176,0,548,1518,7640
Warwickshire,warwickshire,2016/17,1,1022,30,270,37,42,229,0,608,1630,8511,1022,30,270,37,42,229,0,608,1630,8511,1054,39,270,35,42,218,0,604,1658,8435,1054,39,270,35,42,218,0,604,1658,8435
Warwickshire,warwickshire,2016/17,2,975,19,226,42,52,198,0,537,1512,8871,975,19,226,42,52,198,0,537,1512,8871,1050,15,239,43,53,199,0,549,1599,9441,1050,15,239,43,53,199,0,549,1599,9441
Warwickshire,warwickshire,2016/17,3,1256,43,231,29,44,188,0,535,1791,10244,1256,43,231,29,44,188,0,535,1791,10244,1108,54,238,30,45,218,0,585,1693,9832,1108,54,238,30,45,218,0,585,1693,9832
Warwickshire,warwickshire,2016/17,4,1066,56,226,38,41,255,0,616,1682,9728,1066,56,226,38,41,255,0,616,1682,9728,1049,49,202,34,40,203,0,528,1577,9476,1049,49,202,34,40,203,0,528,1577,9476
Warwickshire,warwickshire,2017/18,1,1036,47,227,51,41,186,0,552,1588,10002,1036,47,227,51,41,186,0,552,1588,10002,1037,50,222,52,41,206,1,572,1609,10649,1037,50,222,52,41,206,1,572,1609,10649
Warwickshire,warwickshire,2017/18,2,1135,21,183,22,46,163,0,435,1570,10992,1135,21,183,22,46,163,0,435,1570,10992,1035,17,180,24,47,156,0,424,1459,10997,1035,17,180,24,47,156,0,424,1459,10997
Warwickshire,warwickshire,2017/18,3,749,26,123,17,28,142,0,336,1085,9548,749,26,123,17,28,142,0,336,1085,9548,860,22,139,19,33,173,1,387,1247,10509,860,22,139,19,33,173,1,387,1247,10509
Warwickshire,warwickshire,2017/18,4,806,16,119,15,23,162,0,335,1141,9551,806,16,119,15,23,162,0,335,1141,9551,841,13,146,18,28,145,0,350,1191,9282,841,13,146,18,28,145,0,350,1191,9282
Warwickshire,warwickshire,2018/19,1,814,12,180,13,37,160,0,402,1216,9830,814,12,180,13,37,160,0,402,1216,9830,826,19,176,18,34,154,2,403,1229,10254,826,19,176,18,34,154,2,403,1229,10254
Warwickshire,warwickshire,2018/19,2,857,32,147,25,40,127,0,371,1228,10968,857,32,147,25,40,127,0,371,1228,10968,811,20,133,15,36,94,1,299,1110,10785,811,20,133,15,36,94,1,299,1110,10785
Warwickshire,warwickshire,2018/19,3,704,14,177,14,36,119,0,360,1064,11172,704,14,177,14,36,119,0,360,1064,11172,825,22,160,17,37,104,4,344,1169,11013,825,22,160,17,37,104,4,344,1169,11013
Warwickshire,warwickshire,2018/19,4,802,21,171,18,36,74,1,321,1123,10524,802,21,171,18,36,74,1,321,1123,10524,763,22,185,14,39,76,19,355,1118,9919,763,22,185,14,39,76,19,355,1118,9919
Warwickshire,warwickshire,2019/20,1,738,24,176,16,28,76,28,348,1086,10351,738,24,176,16,28,76,28,348,1086,10351,749,17,167,18,26,75,36,339,1088,10275,749,17,167,18,26,75,36,339,1088,10275
Warwickshire,warwickshire,2019/20,2,677,14,130,16,23,97,30,310,987,10102,677,14,130,16,23,97,30,310,987,10102,764,20,143,13,22,119,25,342,1106,10432,764,20,143,13,22,119,25,342,1106,10432
Warwickshire,warwickshire,2019/20,3,759,16,151,19,21,111,30,348,1107,10395,759,16,151,19,21,111,30,348,1107,10395,809,22,173,19,19,145,43,421,1230,10901,809,22,173,19,19,145,43,421,1230,10901
Warwickshire,warwickshire,2019/20,4,854,16,180,12,41,145,53,447,1301,10785,854,16,180,12,41,145,53,447,1301,10785,804,32,167,10,41,116,41,407,1211,10240,804,32,167,10,41,116,41,407,1211,10240
Warwickshire,warwickshire,2020/21,1,903,28,184,22,82,125,45,486,1389,9429,903,28,184,22,82,125,45,486,1389,9429,920,16,192,22,81,114,39,464,1384,8949,920,16,192,22,81,114,39,464,1384,8949
Warwickshire,warwickshire,2020/21,2,815,31,179,16,39,142,31,438,1253,9758,815,31,179,16,39,142,31,438,1253,9758,916,33,174,15,44,156,43,465,1381,10482,916,33,174,15,44,156,43,465,1381,10482
Warwickshire,warwickshire,2020/21,3,823,28,189,18,59,127,50,471,1294,9803,823,28,189,18,59,127,50,471,1294,9803,766,29,174,21,57,118,37,436,1202,9137,766,29,174,21,57,118,37,436,1202,9137
Warwickshire,warwickshire,2020/21,4,880,23,150,26,69,99,46,413,1293,8273,880,23,150,26,69,99,46,413,1293,8273,729,20,144,27,65,76,54,386,1115,7984,729,20,144,27,65,76,54,386,1115,7984
Warwickshire,warwickshire,2021/22,1,775,26,141,16,39,89,56,367,1142,9199,775,26,141,16,39,89,56,367,1142,9199,765,22,147,15,37,118,72,411,1176,9723,765,22,147,15,37,118,72,411,1176,9723
Warwickshire,warwickshire,2021/22,2,732,19,103,14,27,79,55,297,1029,9921,732,19,103,14,27,79,55,297,1029,9921,725,11,107,13,27,67,44,269,994,10367,725,11,107,13,27,67,44,269,994,10367
Warwickshire,warwickshire,2021/22,3,686,15,130,11,27,58,53,294,980,10298,686,15,130,11,27,58,53,294,980,10298,688,16,135,12,29,50,53,295,983,10284,688,16,135,12,29,50,53,295,983,10284
Warwickshire,warwickshire,2021/22,4,588,12,111,7,20,52,50,252,840,9762,588,12,111,7,20,52,50,252,840,9762,571,21,99,8,22,50,49,249,820,9701,571,21,99,8,22,50,49,249,820,9701
Warwickshire,warwickshire,2022/23,1,618,20,88,16,19,53,31,227,845,9893,618,20,88,16,19,53,31,227,845,9893,682,18,93,13,17,42,18,201,883,10594,682,18,93,13,17,42,18,201,883,10594
Warwickshire,warwickshire,2022/23,2,631,13,97,4,22,49,29,214,845,11599,631,13,97,4,22,49,29,214,845,11599,714,12,96,5,21,51,36,221,935,10964,714,12,96,5,21,51,36,221,935,10964
Warwickshire,warwickshire,2022/23,3,697,11,110,8,31,44,17,221,918,10366,697,11,110,8,31,44,17,221,918,10366,656,8,107,8,31,43,12,209,865,10034,656,8,107,8,31,43,12,209,865,10034
Warwickshire,warwickshire,2022/23,4,668,17,101,5,16,41,16,196,864,9895,668,17,101,5,16,41,16,196,864,9895,662,10,90,7,17,43,10,177,839,10187,662,10,90,7,17,43,10,177,839,10187
Warwickshire,warwickshire,2023/24,1,610,11,86,7,20,47,12,183,793,9795,610,11,86,7,20,47,12,183,793,9795,700,19,94,4,17,65,20,219,919,10229,700,19,94,4,17,65,20,219,919,10229
Warwickshire,warwickshire,2023/24,2,689,15,80,0,2,61,23,181,870,9833,689,15,80,0,2,61,23,181,870,9833,857,10,90,0,2,97,29,228,1085,10117,857,10,90,0,2,97,29,228,1085,10117
Warwickshire,warwickshire,2023/24,3,696,8,80,0,0,85,13,186,882,8993,696,8,80,0,0,85,13,186,882,8993,824,6,87,0,0,133,51,277,1101,9711,824,6,87,0,0,133,51,277,1101,9711
Warwickshire,warwickshire,2023/24,4,977,7,100,0,0,191,55,353,1330,8467,977,7,100,0,0,191,55,353,1330,8467,982,5,94,0,0,173,56,328,1310,9547,982,5,94,0,0,173,56,328,1310,9547
Warwickshire,warwickshire,2024/25,1,931,4,74,0,0,112,43,233,1164,8845,931,4,74,0,0,112,43,233,1164,8845,1001,13,74,0,0,120,46,253,1254,10284,1001,13,74,0,0,120,46,253,1254,10284
Warwickshire,warwickshire,2024/25,2,661,1,44,0,0,119,47,211,872,10339,661,1,44,0,0,119,47,211,872,10339,878,9,71,0,0,117,34,231,1109,10274,878,9,71,0,0,117,34,231,1109,10274
Warwickshire,warwickshire,2024/25,3,798,13,76,0,0,110,28,227,1025,10923,798,13,76,0,0,110,28,227,1025,10923,746,1,68,0,0,106,32,207,953,9548,746,1,68,0,0,106,32,207,953,9548
Warwickshire,warwickshire,2024/25,4,846,10,70,0,0,133,31,244,1090,11175,846,10,70,0,0,133,31,244,1090,11175,653,5,55,0,0,103,31,194,847,9027,653,5,55,0,0,103,31,194,847,9027
Warwickshire,warwickshire,2025/26,1,797,10,61,0,0,132,50,253,1050,9816,797,10,61,0,0,132,50,253,1050,9816,716,6,50,0,0,109,33,198,914,9736,716,6,50,0,0,109,33,198,914,9736
Warwickshire,warwickshire,2025/26,2,936,6,70,0,0,85,33,194,1130,10643,936,6,70,0,0,85,33,194,1130,10643,724,10,57,0,0,72,42,181,905,10189,724,10,57,0,0,72,42,181,905,10189
Warwickshire,warwickshire,2025/26,3,1108,9,53,0,0,91,59,212,1320,10171,1108,9,53,0,0,91,59,212,1320,10171,713,4,44,0,0,98,44,190,903,9118,713,4,44,0,0,98,44,190,903,9118
Warwickshire,warwickshire,2025/26,4,1018,7,64,0,0,130,43,244,1262,9733,1018,7,64,0,0,130,43,244,1262,9733,626,3,40,0,0,132,20,195,821,8027,626,3,40,0,0,132,20,195,821,8027
West Mercia,west-mercia,2014/15,1,2526,135,474,120,197,815,0,1741,4267,14049,2526,135,474,120,197,815,0,1741,4267,14049,2608,146,508,114,198,832,0,1798,4406,14619,2608,146,508,114,198,832,0,1798,4406,14619
West Mercia,west-mercia,2014/15,2,2655,142,545,93,167,816,0,1763,4418,14996,2655,142,545,93,167,816,0,1763,4418,14996,2695,145,513,98,165,798,0,1719,4414,15396,2695,145,513,98,165,798,0,1719,4414,15396
West Mercia,west-mercia,2014/15,3,2606,134,483,122,188,694,0,1621,4227,15682,2606,134,483,122,188,694,0,1621,4227,15682,2544,140,496,112,182,655,0,1585,4129,15240,2544,140,496,112,182,655,0,1585,4129,15240
West Mercia,west-mercia,2014/15,4,2377,127,445,83,143,626,0,1424,3801,14817,2377,127,445,83,143,626,0,1424,3801,14817,2406,138,459,84,147,629,0,1457,3863,15399,2406,138,459,84,147,629,0,1457,3863,15399
West Mercia,west-mercia,2015/16,1,2707,157,587,88,174,702,0,1708,4415,18291,2707,157,587,88,174,702,0,1708,4415,18291,2894,153,610,89,174,708,0,1734,4628,19167,2894,153,610,89,174,708,0,1734,4628,19167
West Mercia,west-mercia,2015/16,2,2874,139,577,103,186,690,0,1695,4569,18665,2874,139,577,103,186,690,0,1695,4569,18665,2922,133,565,100,192,705,0,1695,4617,18642,2922,133,565,100,192,705,0,1695,4617,18642
West Mercia,west-mercia,2015/16,3,2600,155,586,61,190,603,0,1595,4195,17717,2600,155,586,61,190,603,0,1595,4195,17717,2674,137,613,66,189,575,0,1580,4254,17976,2674,137,613,66,189,575,0,1580,4254,17976
West Mercia,west-mercia,2015/16,4,2602,108,577,65,179,596,0,1525,4127,17479,2602,108,577,65,179,596,0,1525,4127,17479,2740,110,542,66,177,631,0,1526,4266,17746,2740,110,542,66,177,631,0,1526,4266,17746
West Mercia,west-mercia,2016/17,1,2888,110,507,66,139,596,0,1418,4306,18468,2888,110,507,66,139,596,0,1418,4306,18468,2807,121,521,61,139,626,0,1468,4275,19283,2807,121,521,61,139,626,0,1468,4275,19283
West Mercia,west-mercia,2016/17,2,2950,102,513,33,116,602,0,1366,4316,20054,2950,102,513,33,116,602,0,1366,4316,20054,2903,121,544,36,115,581,0,1397,4300,20520,2903,121,544,36,115,581,0,1397,4300,20520
West Mercia,west-mercia,2016/17,3,2885,145,557,59,146,600,0,1507,4392,21414,2885,145,557,59,146,600,0,1507,4392,21414,2770,131,547,58,146,576,0,1458,4228,20560,2770,131,547,58,146,576,0,1458,4228,20560
West Mercia,west-mercia,2016/17,4,2821,123,434,43,132,535,0,1267,4088,20602,2821,123,434,43,132,535,0,1267,4088,20602,2686,151,415,43,135,494,16,1254,3940,20079,2686,151,415,43,135,494,16,1254,3940,20079
West Mercia,west-mercia,2017/18,1,2693,146,473,42,175,518,0,1354,4047,21003,2693,146,473,42,175,518,0,1354,4047,21003,2812,157,466,45,171,515,8,1362,4174,22140,2812,157,466,45,171,515,8,1362,4174,22140
West Mercia,west-mercia,2017/18,2,2939,151,412,35,118,408,0,1124,4063,22181,2939,151,412,35,118,408,0,1124,4063,22181,2695,130,411,37,120,398,0,1096,3791,22174,2695,130,411,37,120,398,0,1096,3791,22174
West Mercia,west-mercia,2017/18,3,2177,94,260,32,86,327,0,799,2976,20345,2177,94,260,32,86,327,0,799,2976,20345,2282,117,303,42,100,388,1,951,3233,21078,2282,117,303,42,100,388,1,951,3233,21078
West Mercia,west-mercia,2017/18,4,1974,99,274,34,77,325,0,809,2783,18335,1974,99,274,34,77,325,0,809,2783,18335,2062,99,273,29,90,293,0,784,2846,18820,2062,99,273,29,90,293,0,784,2846,18820
West Mercia,west-mercia,2018/19,1,2201,138,327,26,82,299,0,872,3073,20125,2201,138,327,26,82,299,0,872,3073,20125,2244,117,334,21,96,307,0,875,3119,21381,2244,117,334,21,96,307,0,875,3119,21381
West Mercia,west-mercia,2018/19,2,2154,95,338,26,117,301,0,877,3031,21991,2154,95,338,26,117,301,0,877,3031,21991,2183,74,330,25,91,278,1,799,2982,22195,2183,74,330,25,91,278,1,799,2982,22195
West Mercia,west-mercia,2018/19,3,2107,107,350,41,97,291,0,886,2993,23258,2107,107,350,41,97,291,0,886,2993,23258,2131,103,378,43,88,262,1,875,3006,21864,2131,103,378,43,88,262,1,875,3006,21864
West Mercia,west-mercia,2018/19,4,2112,109,390,45,98,264,1,907,3019,22097,2112,109,390,45,98,264,1,907,3019,22097,2115,112,376,41,98,239,30,896,3011,21141,2115,112,376,41,98,239,30,896,3011,21141
West Mercia,west-mercia,2019/20,1,2202,92,342,27,99,228,73,861,3063,20632,2202,92,342,27,99,228,73,861,3063,20632,2273,88,331,25,96,255,82,877,3150,21373,2273,88,331,25,96,255,82,877,3150,21373
West Mercia,west-mercia,2019/20,2,2112,68,339,23,102,245,71,848,2960,22550,2112,68,339,23,102,245,71,848,2960,22550,2306,57,350,22,110,238,97,874,3180,23205,2306,57,350,22,110,238,97,874,3180,23205
West Mercia,west-mercia,2019/20,3,2125,58,363,20,114,247,94,896,3021,21973,2125,58,363,20,114,247,94,896,3021,21973,2190,52,387,26,121,245,121,952,3142,21989,2190,52,387,26,121,245,121,952,3142,21989
West Mercia,west-mercia,2019/20,4,2110,52,368,24,124,223,132,923,3033,21454,2110,52,368,24,124,223,132,923,3033,21454,2019,56,306,18,113,201,90,784,2803,20039,2019,56,306,18,113,201,90,784,2803,20039
West Mercia,west-mercia,2020/21,1,1933,46,274,31,172,147,98,768,2701,17719,1933,46,274,31,172,147,98,768,2701,17719,1865,28,302,33,197,124,105,789,2654,17246,1865,28,302,33,197,124,105,789,2654,17246
West Mercia,west-mercia,2020/21,2,1912,35,328,32,161,135,90,781,2693,19196,1912,35,328,32,161,135,90,781,2693,19196,1897,31,339,29,153,169,86,807,2704,20578,1897,31,339,29,153,169,86,807,2704,20578
West Mercia,west-mercia,2020/21,3,1714,28,278,26,164,159,85,740,2454,19178,1714,28,278,26,164,159,85,740,2454,19178,1683,39,279,30,156,145,107,756,2439,18200,1683,39,279,30,156,145,107,756,2439,18200
West Mercia,west-mercia,2020/21,4,1677,33,273,24,149,128,105,712,2389,16974,1677,33,273,24,149,128,105,712,2389,16974,1485,23,249,21,147,100,93,633,2118,16628,1485,23,249,21,147,100,93,633,2118,16628
West Mercia,west-mercia,2021/22,1,1573,36,249,16,105,139,89,634,2207,19650,1573,36,249,16,105,139,89,634,2207,19650,1660,37,235,16,103,147,110,648,2308,20808,1660,37,235,16,103,147,110,648,2308,20808
West Mercia,west-mercia,2021/22,2,1500,25,242,19,62,111,143,602,2102,20445,1500,25,242,19,62,111,143,602,2102,20445,1605,13,244,17,48,131,192,645,2250,21793,1605,13,244,17,48,131,192,645,2250,21793
West Mercia,west-mercia,2021/22,3,1638,22,212,16,26,144,284,704,2342,21636,1638,22,212,16,26,144,284,704,2342,21636,1652,22,214,19,24,121,292,692,2344,21712,1652,22,214,19,24,121,292,692,2344,21712
West Mercia,west-mercia,2021/22,4,1613,25,239,16,23,119,326,748,2361,22852,1613,25,239,16,23,119,326,748,2361,22852,1502,33,245,16,20,139,308,761,2263,22619,1502,33,245,16,20,139,308,761,2263,22619
West Mercia,west-mercia,2022/23,1,1681,27,218,17,27,129,284,702,2383,24016,1681,27,218,17,27,129,284,702,2383,24016,1777,33,222,15,30,125,285,710,2487,24823,1777,33,222,15,30,125,285,710,2487,24823
West Mercia,west-mercia,2022/23,2,1462,29,200,13,17,99,232,590,2052,23636,1462,29,200,13,17,99,232,590,2052,23636,1666,31,187,14,16,88,225,561,2227,24019,1666,31,187,14,16,88,225,561,2227,24019
West Mercia,west-mercia,2022/23,3,1689,25,196,10,18,108,272,629,2318,24106,1689,25,196,10,18,108,272,629,2318,24106,1755,25,181,11,15,141,242,615,2370,23345,1755,25,181,11,15,141,242,615,2370,23345
West Mercia,west-mercia,2022/23,4,2142,27,203,10,1,229,124,594,2736,22920,2142,27,203,10,1,229,124,594,2736,22920,2034,19,172,7,1,238,86,523,2557,22337,2034,19,172,7,1,238,86,523,2557,22337
West Mercia,west-mercia,2023/24,1,1975,20,154,5,0,290,102,571,2546,21900,1975,20,154,5,0,290,102,571,2546,21900,2218,16,184,4,1,365,108,678,2896,23211,2218,16,184,4,1,365,108,678,2896,23211
West Mercia,west-mercia,2023/24,2,2125,8,135,1,1,371,81,597,2722,21351,2125,8,135,1,1,371,81,597,2722,21351,2300,10,154,1,0,399,74,638,2938,22577,2300,10,154,1,0,399,74,638,2938,22577
West Mercia,west-mercia,2023/24,3,1991,17,183,0,0,435,72,707,2698,21586,1991,17,183,0,0,435,72,707,2698,21586,2059,14,178,0,0,446,93,731,2790,20864,2059,14,178,0,0,446,93,731,2790,20864
West Mercia,west-mercia,2023/24,4,2228,13,185,0,0,418,77,693,2921,19959,2228,13,185,0,0,418,77,693,2921,19959,2109,14,183,0,0,404,134,735,2844,19338,2109,14,183,0,0,404,134,735,2844,19338
West Mercia,west-mercia,2024/25,1,2499,18,145,0,0,356,116,635,3134,20002,2499,18,145,0,0,356,116,635,3134,20002,2567,20,125,0,0,329,110,584,3151,20879,2567,20,125,0,0,329,110,584,3151,20879
West Mercia,west-mercia,2024/25,2,2158,17,108,0,0,268,78,471,2629,18636,2158,17,108,0,0,268,78,471,2629,18636,2084,12,127,0,0,340,109,588,2672,20221,2084,12,127,0,0,340,109,588,2672,20221
West Mercia,west-mercia,2024/25,3,2243,13,161,0,0,336,163,673,2916,22160,2243,13,161,0,0,336,163,673,2916,22160,2180,13,138,0,1,301,121,574,2754,19780,2180,13,138,0,1,301,121,574,2754,19780
West Mercia,west-mercia,2024/25,4,2305,9,146,0,1,314,99,569,2874,19567,2305,9,146,0,1,314,99,569,2874,19567,2075,19,145,0,0,323,145,632,2707,18973,2075,19,145,0,0,323,145,632,2707,18973
West Mercia,west-mercia,2025/26,1,2241,20,158,0,1,337,159,675,2916,19916,2241,20,158,0,1,337,159,675,2916,19916,2161,17,154,0,1,380,170,722,2883,20601,2161,17,154,0,1,380,170,722,2883,20601
West Mercia,west-mercia,2025/26,2,2509,16,171,0,1,473,185,846,3355,21682,2509,16,171,0,1,473,185,846,3355,21682,2182,18,169,0,1,467,150,805,2987,20275,2182,18,169,0,1,467,150,805,2987,20275
West Mercia,west-mercia,2025/26,3,2322,26,186,0,0,540,169,921,3243,19782,2322,26,186,0,0,540,169,921,3243,19782,1954,10,163,0,0,494,133,800,2754,17980,1954,10,163,0,0,494,133,800,2754,17980
West Mercia,west-mercia,2025/26,4,2436,15,186,0,0,454,171,826,3262,19307,2436,15,186,0,0,454,171,826,3262,19307,1571,10,136,0,0,323,88,557,2128,15056,1571,10,136,0,0,323,88,557,2128,15056
West Midlands,west-midlands,2014/15,1,7374,211,902,297,256,2128,0,3794,11168,42647,7374,211,902,297,256,2128,0,3794,11168,42647,7722,246,938,318,253,2343,0,4098,11820,43154,7722,246,938,318,253,2343,0,4098,11820,43154
West Midlands,west-midlands,2014/15,2,7585,243,956,317,190,2190,0,3896,11481,44797,7585,243,956,317,190,2190,0,3896,11481,44797,7620,223,1011,320,187,2059,0,3800,11420,44680,7620,223,1011,320,187,2059,0,3800,11420,44680
West Midlands,west-midlands,2014/15,3,7745,225,1057,294,223,1962,0,3761,11506,45020,7745,225,1057,294,223,1962,0,3761,11506,45020,7547,219,1084,287,216,1983,0,3789,11336,44622,7547,219,1084,287,216,1983,0,3789,11336,44622
West Midlands,west-midlands,2014/15,4,7613,257,1021,249,192,1858,0,3577,11190,43673,7603,257,1020,249,192,1857,0,3575,11178,43636,7378,270,991,263,191,1869,0,3584,10962,42950,7378,270,991,263,191,1869,0,3584,10962,42950
West Midlands,west-midlands,2015/16,1,7322,239,980,273,200,2045,0,3737,11059,43950,7322,239,980,273,200,2045,0,3737,11059,43950,7513,239,978,287,203,2032,0,3739,11252,44785,7513,239,978,287,203,2032,0,3739,11252,44785
West Midlands,west-midlands,2015/16,2,7212,175,984,221,180,1881,0,3441,10653,45443,7212,175,984,221,180,1881,0,3441,10653,45443,7295,185,993,204,188,1805,0,3375,10670,45403,7295,185,993,204,188,1805,0,3375,10670,45403
West Midlands,west-midlands,2015/16,3,7569,229,1028,223,194,1910,0,3584,11153,47343,7569,229,1028,223,194,1910,0,3584,11153,47343,7468,228,999,221,198,1905,0,3551,11019,47612,7468,228,999,221,198,1905,0,3551,11019,47612
West Midlands,west-midlands,2015/16,4,7257,202,929,230,167,1667,0,3195,10452,46878,7257,202,929,230,167,1667,0,3195,10452,46878,7477,230,977,233,160,1646,0,3246,10723,47351,7477,230,977,233,160,1646,0,3246,10723,47351
West Midlands,west-midlands,2016/17,1,7398,213,913,206,155,1535,0,3022,10420,47567,7398,213,913,206,155,1535,0,3022,10420,47567,7407,231,938,199,148,1604,0,3120,10527,48160,7407,231,938,199,148,1604,0,3120,10527,48160
West Midlands,west-midlands,2016/17,2,7264,211,820,169,127,1410,0,2737,10001,51282,7264,211,820,169,127,1410,0,2737,10001,51282,7286,175,856,169,136,1307,0,2643,9929,50990,7286,175,856,169,136,1307,0,2643,9929,50990
West Midlands,west-midlands,2016/17,3,6848,178,753,164,135,1226,0,2456,9304,54497,6848,178,753,164,135,1226,0,2456,9304,54497,6546,179,834,148,124,1180,0,2465,9011,53512,6546,179,834,148,124,1180,0,2465,9011,53512
West Midlands,west-midlands,2016/17,4,6549,174,793,79,125,966,0,2137,8686,53123,6549,174,793,79,125,966,0,2137,8686,53123,6603,182,833,73,132,961,0,2181,8784,53107,6603,182,833,73,132,961,0,2181,8784,53107
West Midlands,west-midlands,2017/18,1,6351,163,768,51,104,981,0,2067,8418,56242,6351,163,768,51,104,981,0,2067,8418,56242,6439,185,805,55,110,1034,0,2189,8628,57047,6439,185,805,55,110,1034,0,2189,8628,57047
West Midlands,west-midlands,2017/18,2,6268,168,819,55,128,979,0,2149,8417,57660,6268,168,819,55,128,979,0,2149,8417,57660,6253,167,821,32,111,934,0,2065,8318,57493,6253,167,821,32,111,934,0,2065,8318,57493
West Midlands,west-midlands,2017/18,3,6088,165,803,37,110,976,0,2091,8179,57975,6088,165,803,37,110,976,0,2091,8179,57975,5991,172,752,40,122,1021,0,2107,8098,59623,5991,172,752,40,122,1021,0,2107,8098,59623
West Midlands,west-midlands,2017/18,4,5796,150,668,40,153,900,0,1911,7707,57520,5796,150,668,40,153,900,0,1911,7707,57520,5983,129,662,37,159,885,0,1872,7855,58560,5983,129,662,37,159,885,0,1872,7855,58560
West Midlands,west-midlands,2018/19,1,5843,113,561,33,125,860,0,1692,7535,57335,5843,113,561,33,125,860,0,1692,7535,57335,6127,127,631,29,130,987,0,1904,8031,61186,6127,127,631,29,130,987,0,1904,8031,61186
West Midlands,west-midlands,2018/19,2,5874,123,653,29,159,854,0,1818,7692,63889,5874,123,653,29,159,854,0,1818,7692,63889,5877,109,587,30,152,831,0,1709,7586,64256,5877,109,587,30,152,831,0,1709,7586,64256
West Midlands,west-midlands,2018/19,3,5590,136,633,21,138,882,0,1810,7400,69420,5590,136,633,21,138,882,0,1810,7400,69420,5602,154,622,15,147,798,0,1736,7338,67659,5602,154,622,15,147,798,0,1736,7338,67659
West Midlands,west-midlands,2018/19,4,5596,123,620,10,186,851,0,1790,7386,64941,5596,123,620,10,186,851,0,1790,7386,64941,5548,133,599,20,218,898,0,1868,7416,65402,5548,133,599,20,218,898,0,1868,7416,65402
West Midlands,west-midlands,2019/20,1,5072,102,553,20,215,770,0,1660,6732,63655,5072,102,553,20,215,770,0,1660,6732,63655,5149,105,537,21,201,732,0,1596,6745,63871,5149,105,537,21,201,732,0,1596,6745,63871
West Midlands,west-midlands,2019/20,2,5253,121,545,36,180,656,0,1538,6791,64719,5253,121,545,36,180,656,0,1538,6791,64719,5123,91,548,48,206,705,0,1598,6721,63699,5123,91,548,48,206,705,0,1598,6721,63699
West Midlands,west-midlands,2019/20,3,4809,120,522,44,243,774,0,1703,6512,63946,4809,120,522,44,243,774,0,1703,6512,63946,4686,122,485,38,225,731,0,1601,6287,64844,4686,122,485,38,225,731,0,1601,6287,64844
West Midlands,west-midlands,2019/20,4,4927,97,506,25,196,702,0,1526,6453,72911,4927,97,506,25,196,702,0,1526,6453,72911,4460,108,395,15,192,590,0,1300,5760,65967,4460,108,395,15,192,590,0,1300,5760,65967
West Midlands,west-midlands,2020/21,1,4108,113,421,33,198,467,0,1232,5340,53309,4108,113,421,33,198,467,0,1232,5340,53309,3834,55,344,35,215,422,0,1071,4905,53248,3834,55,344,35,215,422,0,1071,4905,53248
West Midlands,west-midlands,2020/21,2,3729,74,334,14,185,399,0,1006,4735,62655,3729,74,334,14,185,399,0,1006,4735,62655,3322,53,331,8,172,459,0,1023,4345,62635,3322,53,331,8,172,459,0,1023,4345,62635
West Midlands,west-midlands,2020/21,3,3233,45,318,5,63,673,0,1104,4337,72381,3233,45,318,5,63,673,0,1104,4337,72381,2670,26,259,4,18,750,0,1057,3727,70470,2670,26,259,4,18,750,0,1057,3727,70470
West Midlands,west-midlands,2020/21,4,3111,68,283,4,28,841,0,1224,4335,72273,3111,68,283,4,28,841,0,1224,4335,72273,1662,3,127,1,5,416,0,552,2214,64943,1662,3,127,1,5,416,0,552,2214,64943
West Midlands,west-midlands,2021/22,1,2390,26,246,0,4,451,0,727,3117,74794,2390,26,246,0,4,451,0,727,3117,74794,3172,72,283,0,1,943,66,1365,4537,82691,3172,72,283,0,1,943,66,1365,4537,82691
West Midlands,west-midlands,2021/22,2,3668,120,464,0,0,1437,1,2022,5690,93375,3668,120,464,0,0,1437,1,2022,5690,93375,3421,54,301,0,0,967,81,1403,4824,91283,3421,54,301,0,0,967,81,1403,4824,91283
West Midlands,west-midlands,2021/22,3,3789,77,489,0,0,1064,48,1678,5467,95265,3789,77,489,0,0,1064,48,1678,5467,95265,3566,42,332,0,0,1140,217,1731,5297,93281,3566,42,332,0,0,1140,217,1731,5297,93281
West Midlands,west-midlands,2021/22,4,3542,67,428,0,0,1164,29,1688,5230,94851,3542,67,428,0,0,1164,29,1688,5230,94851,3364,67,285,0,0,1288,190,1830,5194,88745,3364,67,285,0,0,1288,190,1830,5194,88745
West Midlands,west-midlands,2022/23,1,2869,60,271,0,0,1083,62,1476,4345,89585,2869,60,271,0,0,1083,62,1476,4345,89585,3402,56,340,0,0,1177,154,1727,5129,93395,3402,56,340,0,0,1177,154,1727,5129,93395
West Midlands,west-midlands,2022/23,2,3177,59,398,0,0,1326,144,1927,5104,95245,3177,59,398,0,0,1326,144,1927,5104,95245,3598,51,331,0,0,1149,117,1648,5246,94484,3598,51,331,0,0,1149,117,1648,5246,94484
West Midlands,west-midlands,2022/23,3,3142,50,344,0,0,1132,108,1634,4776,88042,3142,50,344,0,0,1132,108,1634,4776,88042,3706,45,325,0,0,1171,131,1672,5378,88761,3706,45,325,0,0,1171,131,1672,5378,88761
West Midlands,west-midlands,2022/23,4,4084,47,382,0,0,1328,92,1849,5933,90333,4084,47,382,0,0,1328,92,1849,5933,90333,4450,41,342,0,0,1236,163,1782,6232,88980,4450,41,342,0,0,1236,163,1782,6232,88980
West Midlands,west-midlands,2023/24,1,3981,54,332,0,0,1152,119,1657,5638,84495,3981,54,332,0,0,1152,119,1657,5638,84495,4318,57,355,0,0,1291,169,1872,6190,86687,4318,57,355,0,0,1291,169,1872,6190,86687
West Midlands,west-midlands,2023/24,2,3961,56,364,0,0,1350,185,1955,5916,84866,3961,56,364,0,0,1350,185,1955,5916,84866,4472,36,413,0,0,1389,156,1994,6466,83260,4472,36,413,0,0,1389,156,1994,6466,83260
West Midlands,west-midlands,2023/24,3,4170,44,454,0,0,1555,306,2359,6529,81562,4170,44,454,0,0,1555,306,2359,6529,81562,4668,34,471,0,0,1509,167,2181,6849,81406,4668,34,471,0,0,1509,167,2181,6849,81406
West Midlands,west-midlands,2023/24,4,5218,49,518,0,0,1942,219,2728,7946,74188,5218,49,518,0,0,1942,219,2728,7946,74188,5057,75,471,0,0,1827,152,2525,7582,76254,5057,75,471,0,0,1827,152,2525,7582,76254
West Midlands,west-midlands,2024/25,1,5593,54,388,0,0,1768,170,2380,7973,79427,5593,54,388,0,0,1768,170,2380,7973,79427,5722,75,440,0,0,2053,103,2671,8393,81511,5722,75,440,0,0,2053,103,2671,8393,81511
West Midlands,west-midlands,2024/25,2,5940,77,387,0,0,2080,90,2634,8574,82103,5940,77,387,0,0,2080,90,2634,8574,82103,6075,73,465,0,0,2169,45,2752,8827,80665,6075,73,465,0,0,2169,45,2752,8827,80665
West Midlands,west-midlands,2024/25,3,7110,94,592,0,0,2587,152,3425,10535,78588,7110,94,592,0,0,2587,152,3425,10535,78588,6442,91,534,0,0,2405,13,3043,9485,73875,6442,91,534,0,0,2405,13,3043,9485,73875
West Midlands,west-midlands,2024/25,4,7057,104,722,0,0,2579,112,3517,10574,71552,7057,104,722,0,0,2579,112,3517,10574,71552,6631,85,617,0,0,2599,11,3312,9943,70685,6631,85,617,0,0,2599,11,3312,9943,70685
West Midlands,west-midlands,2025/26,1,7602,63,541,0,0,2468,42,3114,10716,73859,7602,63,541,0,0,2468,42,3114,10716,73859,7183,87,597,0,0,2623,17,3324,10507,75556,7183,87,597,0,0,2623,17,3324,10507,75556
West Midlands,west-midlands,2025/26,2,8357,96,646,0,0,3021,33,3796,12153,78759,8357,96,646,0,0,3021,33,3796,12153,78759,7468,56,546,0,0,2981,13,3596,11064,75655,7468,56,546,0,0,2981,13,3596,11064,75655
West Midlands,west-midlands,2025/26,3,8233,82,569,0,0,3087,33,3771,12004,77772,8233,82,569,0,0,3087,33,3771,12004,77772,6943,42,504,0,0,2875,6,3427,10370,71570,6943,42,504,0,0,2875,6,3427,10370,71570
West Midlands,west-midlands,2025/26,4,8247,69,569,0,0,3367,24,4029,12276,74027,8247,69,569,0,0,3367,24,4029,12276,74027,6117,25,429,0,0,2656,5,3115,9232,63618,6117,25,429,0,0,2656,5,3115,9232,63618
West Yorkshire,west-yorkshire,2014/15,1,5417,269,1513,299,316,1147,0,3544,8961,13258,5417,269,1513,299,316,1147,0,3544,8961,13258,5848,298,1463,293,308,1221,0,3583,9431,19751,5848,298,1463,293,308,1221,0,3583,9431,19751
West Yorkshire,west-yorkshire,2014/15,2,5633,297,1345,277,245,1052,0,3216,8849,36984,5587,297,1344,277,245,1052,0,3215,8802,36926,5813,301,1369,277,255,1053,0,3255,9068,37160,5813,301,1369,277,255,1053,0,3255,9068,37160
West Yorkshire,west-yorkshire,2014/15,3,5546,278,1097,140,181,1179,0,2875,8421,37260,5543,278,1097,140,181,1179,0,2875,8418,37248,5909,296,1205,133,167,1391,0,3192,9101,39814,5909,296,1205,133,167,1391,0,3192,9101,39814
West Yorkshire,west-yorkshire,2014/15,4,5673,225,818,42,48,1534,0,2667,8340,38756,5672,225,818,42,48,1534,0,2667,8339,38744,5774,275,918,23,40,1720,0,2976,8750,40593,5774,275,918,23,40,1720,0,2976,8750,40593
West Yorkshire,west-yorkshire,2015/16,1,4843,176,622,1,13,1528,0,2340,7183,39454,4843,176,622,1,13,1528,0,2340,7183,39454,6208,257,893,1,17,2039,0,3207,9415,47969,6208,257,893,1,17,2039,0,3207,9415,47969
West Yorkshire,west-yorkshire,2015/16,2,7532,319,1011,4,28,2496,0,3858,11390,58120,7532,319,1011,4,28,2496,0,3858,11390,58120,6179,210,874,3,16,1854,0,2957,9136,48772,6179,210,874,3,16,1854,0,2957,9136,48772
West Yorkshire,west-yorkshire,2015/16,3,5650,229,852,6,8,1756,0,2851,8501,50152,5650,229,852,6,8,1756,0,2851,8501,50152,5979,243,873,3,8,1776,0,2903,8882,51667,5979,243,873,3,8,1776,0,2903,8882,51667
West Yorkshire,west-yorkshire,2015/16,4,5960,240,885,2,6,1813,0,2946,8906,51912,5960,240,885,2,6,1813,0,2946,8906,51912,5696,236,791,2,6,1757,0,2792,8488,51678,5696,236,791,2,6,1757,0,2792,8488,51678
West Yorkshire,west-yorkshire,2016/17,1,5679,217,725,1,3,1909,0,2855,8534,52180,5679,217,725,1,3,1909,0,2855,8534,52180,5878,217,779,1,3,1959,0,2959,8837,55134,5878,217,779,1,3,1959,0,2959,8837,55134
West Yorkshire,west-yorkshire,2016/17,2,5400,146,690,0,3,1785,0,2624,8024,53360,5400,146,690,0,3,1785,0,2624,8024,53360,5889,144,767,0,5,1811,0,2727,8616,58494,5889,144,767,0,5,1811,0,2727,8616,58494
West Yorkshire,west-yorkshire,2016/17,3,5699,162,668,0,5,1742,0,2577,8276,59174,5699,162,668,0,5,1742,0,2577,8276,59174,6023,177,674,0,5,1765,0,2621,8644,61142,6023,177,674,0,5,1765,0,2621,8644,61142
West Yorkshire,west-yorkshire,2016/17,4,6142,187,671,3,2,1598,0,2461,8603,58439,6142,187,671,3,2,1598,0,2461,8603,58439,6147,208,656,3,2,1559,0,2428,8575,59982,6147,208,656,3,2,1559,0,2428,8575,59982
West Yorkshire,west-yorkshire,2017/18,1,5668,155,647,1,6,1398,0,2207,7875,56668,5668,155,647,1,6,1398,0,2207,7875,56668,6423,208,765,1,7,1522,0,2503,8926,63397,6423,208,765,1,7,1522,0,2503,8926,63397
West Yorkshire,west-yorkshire,2017/18,2,5791,195,718,0,1,1604,0,2518,8309,62295,5791,195,718,0,1,1604,0,2518,8309,62295,6207,171,710,0,1,1567,0,2449,8656,64524,6207,171,710,0,1,1567,0,2449,8656,64524
West Yorkshire,west-yorkshire,2017/18,3,5977,151,672,1,1,1584,0,2409,8386,64646,5977,151,672,1,1,1584,0,2409,8386,64646,6105,185,644,2,1,1576,0,2408,8513,67406,6105,185,644,2,1,1576,0,2408,8513,67406
West Yorkshire,west-yorkshire,2017/18,4,5817,179,607,3,2,1518,0,2309,8126,62311,5817,179,607,3,2,1518,0,2309,8126,62311,5801,136,539,0,3,1473,1,2152,7953,65673,5801,136,539,0,3,1473,1,2152,7953,65673
West Yorkshire,west-yorkshire,2018/19,1,5248,154,488,0,0,1317,0,1959,7207,61686,5248,154,488,0,0,1317,0,1959,7207,61686,6040,163,543,0,0,1597,0,2303,8343,71762,6040,163,543,0,0,1597,0,2303,8343,71762
West Yorkshire,west-yorkshire,2018/19,2,5033,117,485,0,1,1275,0,1878,6911,65609,5033,117,485,0,1,1275,0,1878,6911,65609,5661,104,583,0,1,1471,0,2159,7820,74318,5661,104,583,0,1,1471,0,2159,7820,74318
West Yorkshire,west-yorkshire,2018/19,3,5274,140,565,0,2,1528,0,2235,7509,74429,5274,140,565,0,2,1528,0,2235,7509,74429,5490,109,522,0,2,1543,0,2176,7666,74442,5490,109,522,0,2,1543,0,2176,7666,74442
West Yorkshire,west-yorkshire,2018/19,4,5655,118,506,0,4,1511,0,2139,7794,73921,5655,118,506,0,4,1511,0,2139,7794,73921,5459,127,444,0,1,1388,0,1960,7419,71404,5459,127,444,0,1,1388,0,1960,7419,71404
West Yorkshire,west-yorkshire,2019/20,1,6201,130,561,4,12,1546,0,2253,8454,76393,6201,130,561,4,12,1546,0,2253,8454,76393,5434,144,463,0,3,1397,0,2007,7441,72024,5434,144,463,0,3,1397,0,2007,7441,72024
West Yorkshire,west-yorkshire,2019/20,2,5102,151,431,0,0,1400,0,1982,7084,73546,5102,151,431,0,0,1400,0,1982,7084,73546,5677,101,490,0,1,1356,0,1948,7625,74321,5677,101,490,0,1,1356,0,1948,7625,74321
West Yorkshire,west-yorkshire,2019/20,3,5386,124,495,0,4,1606,0,2229,7615,77635,5386,124,495,0,4,1606,0,2229,7615,77635,5481,115,453,0,2,1527,1,2098,7579,72285,5481,115,453,0,2,1527,1,2098,7579,72285
West Yorkshire,west-yorkshire,2019/20,4,5563,107,490,0,2,1460,0,2059,7622,76012,5563,107,490,0,2,1460,0,2059,7622,76012,5347,123,498,0,2,1402,5,2030,7377,67456,5347,123,498,0,2,1402,5,2030,7377,67456
West Yorkshire,west-yorkshire,2020/21,1,5878,137,586,1,5,1645,17,2391,8269,67402,5878,137,586,1,5,1645,17,2391,8269,67402,5355,82,536,0,1,1522,20,2161,7516,58404,5355,82,536,0,1,1522,20,2161,7516,58404
West Yorkshire,west-yorkshire,2020/21,2,5179,108,629,0,1,1409,13,2160,7339,67299,5179,108,629,0,1,1409,13,2160,7339,67299,5537,100,587,0,0,1448,34,2169,7706,67751,5537,100,587,0,0,1448,34,2169,7706,67751
West Yorkshire,west-yorkshire,2020/21,3,5166,103,531,0,0,1632,68,2334,7500,61902,5166,103,531,0,0,1632,68,2334,7500,61902,4987,116,546,0,0,1676,136,2474,7461,62054,4987,116,546,0,0,1676,136,2474,7461,62054
West Yorkshire,west-yorkshire,2020/21,4,4709,93,528,0,2,1466,132,2221,6930,57158,4709,93,528,0,2,1466,132,2221,6930,57158,4502,79,543,0,1,1500,138,2261,6763,58705,4502,79,543,0,1,1500,138,2261,6763,58705
West Yorkshire,west-yorkshire,2021/22,1,4598,105,509,0,0,1469,145,2228,6826,65166,4598,105,509,0,0,1469,145,2228,6826,65166,5041,99,641,0,0,1618,220,2578,7619,69478,5041,99,641,0,0,1618,220,2578,7619,69478
West Yorkshire,west-yorkshire,2021/22,2,4884,85,649,0,0,1631,174,2539,7423,72702,4884,85,649,0,0,1631,174,2539,7423,72702,5084,92,662,0,0,1451,197,2402,7486,72717,5084,92,662,0,0,1451,197,2402,7486,72717
West Yorkshire,west-yorkshire,2021/22,3,4999,83,602,1,3,1463,289,2441,7440,74714,4999,83,602,1,3,1463,289,2441,7440,74714,5015,114,598,1,0,1544,373,2630,7645,73681,5015,114,598,1,0,1544,373,2630,7645,73681
West Yorkshire,west-yorkshire,2021/22,4,5507,88,582,0,5,1654,315,2644,8151,75022,5507,88,582,0,5,1654,315,2644,8151,75022,5186,121,593,0,0,1744,363,2821,8007,72071,5186,121,593,0,0,1744,363,2821,8007,72071
West Yorkshire,west-yorkshire,2022/23,1,4686,98,556,1,0,1582,295,2532,7218,75506,4686,98,556,1,0,1582,295,2532,7218,75506,5503,101,629,1,1,1707,337,2776,8279,78790,5503,101,629,1,1,1707,337,2776,8279,78790
West Yorkshire,west-yorkshire,2022/23,2,5140,109,599,1,1,1617,378,2705,7845,78976,5140,109,599,1,1,1617,378,2705,7845,78976,5436,90,613,1,1,1531,388,2624,8060,79399,5436,90,613,1,1,1531,388,2624,8060,79399
West Yorkshire,west-yorkshire,2022/23,3,6031,124,717,0,1,1844,343,3029,9060,83432,6031,124,717,0,1,1844,343,3029,9060,83432,5113,68,554,0,0,1625,311,2558,7671,73403,5113,68,554,0,0,1625,311,2558,7671,73403
West Yorkshire,west-yorkshire,2022/23,4,5534,79,550,0,0,1576,330,2535,8069,74683,5534,79,550,0,0,1576,330,2535,8069,74683,5447,71,520,0,0,1550,445,2586,8033,75701,5447,71,520,0,0,1550,445,2586,8033,75701
West Yorkshire,west-yorkshire,2023/24,1,4971,58,410,0,0,1478,336,2282,7253,72707,4971,58,410,0,0,1478,336,2282,7253,72707,5724,32,499,0,0,1600,483,2614,8338,77346,5724,32,499,0,0,1600,483,2614,8338,77346
West Yorkshire,west-yorkshire,2023/24,2,6091,68,552,0,0,1602,391,2613,8704,76373,6091,68,552,0,0,1602,391,2613,8704,76373,5975,66,491,0,0,1440,385,2382,8357,72842,5975,66,491,0,0,1440,385,2382,8357,72842
West Yorkshire,west-yorkshire,2023/24,3,6446,44,568,0,1,1623,402,2638,9084,70441,6446,44,568,0,1,1623,402,2638,9084,70441,5793,57,524,0,1,1538,419,2539,8332,67010,5793,57,524,0,1,1538,419,2539,8332,67010
West Yorkshire,west-yorkshire,2023/24,4,5484,66,476,0,1,1443,391,2377,7861,61551,5484,66,476,0,1,1443,391,2377,7861,61551,5705,47,472,0,1,1488,490,2498,8203,63628,5705,47,472,0,1,1488,490,2498,8203,63628
West Yorkshire,west-yorkshire,2024/25,1,5526,43,434,0,0,1393,487,2357,7883,63237,5526,43,434,0,0,1393,487,2357,7883,63237,5945,48,439,0,0,1444,506,2437,8382,67722,5945,48,439,0,0,1444,506,2437,8382,67722
West Yorkshire,west-yorkshire,2024/25,2,5459,57,376,1,0,1455,479,2368,7827,67274,5459,57,376,1,0,1455,479,2368,7827,67274,6100,48,412,1,0,1492,458,2411,8511,68673,6100,48,412,1,0,1492,458,2411,8511,68673
West Yorkshire,west-yorkshire,2024/25,3,6195,36,437,1,0,1671,667,2812,9007,71316,6195,36,437,1,0,1671,667,2812,9007,71316,5647,38,447,1,0,1567,645,2698,8345,64692,5647,38,447,1,0,1567,645,2698,8345,64692
West Yorkshire,west-yorkshire,2024/25,4,6829,53,511,0,0,1544,846,2954,9783,62414,6829,53,511,0,0,1544,846,2954,9783,62414,5909,51,416,0,0,1562,1019,3048,8957,63229,5909,51,416,0,0,1562,1019,3048,8957,63229
West Yorkshire,west-yorkshire,2025/26,1,6546,54,437,0,0,1661,981,3133,9679,62465,6546,54,437,0,0,1661,981,3133,9679,62465,6055,39,520,0,0,1693,1028,3280,9335,66692,6055,39,520,0,0,1693,1028,3280,9335,66692
West Yorkshire,west-yorkshire,2025/26,2,6945,52,486,0,1,1741,1010,3290,10235,66235,6945,52,486,0,1,1741,1010,3290,10235,66235,5793,31,437,0,1,1726,967,3162,8955,65701,5793,31,437,0,1,1726,967,3162,8955,65701
West Yorkshire,west-yorkshire,2025/26,3,7529,48,655,0,0,1754,1277,3734,11263,73697,7529,48,655,0,0,1754,1277,3734,11263,73697,5410,14,509,1,0,1640,1110,3274,8684,58196,5410,14,509,1,0,1640,1110,3274,8684,58196
West Yorkshire,west-yorkshire,2025/26,4,7476,43,676,4,1,1664,1212,3600,11076,65466,7476,43,676,4,1,1664,1212,3600,11076,65466,4546,8,316,5,1,1305,812,2447,6993,48634,4546,8,316,5,1,1305,812,2447,6993,48634
Wiltshire,wiltshire,2014/15,1,1219,85,256,96,151,327,0,915,2134,7225,1219,85,256,96,151,327,0,915,2134,7225,1319,91,270,62,160,327,0,910,2229,7855,1319,91,270,62,160,327,0,910,2229,7855
Wiltshire,wiltshire,2014/15,2,1217,86,278,42,81,279,0,766,1983,7164,1217,86,278,42,81,279,0,766,1983,7164,1312,90,278,83,74,258,0,783,2095,7934,1312,90,278,83,74,258,0,783,2095,7934
Wiltshire,wiltshire,2014/15,3,1296,86,226,32,53,221,0,618,1914,6503,1295,86,226,32,53,221,0,618,1913,6502,1330,91,229,70,61,260,0,711,2041,7829,1330,91,229,70,61,260,0,711,2041,7829
Wiltshire,wiltshire,2014/15,4,1269,80,250,20,53,212,0,615,1884,6163,1270,80,250,20,53,212,0,615,1885,6164,1177,81,276,55,54,255,0,721,1898,7526,1177,81,276,55,54,255,0,721,1898,7526
Wiltshire,wiltshire,2015/16,1,1228,99,199,10,63,42,0,413,1641,7997,1228,99,199,10,63,42,0,413,1641,7997,0,0,0,0,0,0,0,0,0,0,0,0,0,0,0,0,0,0,0,0
Wiltshire,wiltshire,2015/16,2,1300,80,227,28,78,191,0,604,1904,8145,1300,80,227,28,78,191,0,604,1904,8145,411,21,58,11,13,79,0,182,593,3058,411,21,58,11,13,79,0,182,593,3058
Wiltshire,wiltshire,2015/16,3,1257,97,226,234,53,183,0,793,2050,9763,1257,97,226,234,53,183,0,793,2050,9763,756,53,170,36,28,136,0,423,1179,5841,756,53,170,36,28,136,0,423,1179,5841
Wiltshire,wiltshire,2015/16,4,1460,110,313,80,96,561,0,1160,2620,13233,1460,110,313,80,96,561,0,1160,2620,13233,1207,100,215,46,92,199,0,652,1859,8621,1207,100,215,46,92,199,0,652,1859,8621
Wiltshire,wiltshire,2016/17,1,1368,141,262,40,70,262,0,775,2143,11130,1368,141,262,40,70,262,0,775,2143,11130,1159,104,227,49,55,232,0,667,1826,9191,1159,104,227,49,55,232,0,667,1826,9191
Wiltshire,wiltshire,2016/17,2,1291,92,224,18,82,185,0,601,1892,9360,1291,92,224,18,82,185,0,601,1892,9360,1187,91,221,39,79,194,0,624,1811,9777,1187,91,221,39,79,194,0,624,1811,9777
Wiltshire,wiltshire,2016/17,3,1114,84,216,0,66,186,0,552,1666,8638,1114,84,216,0,66,186,0,552,1666,8638,1166,75,196,49,69,173,0,562,1728,9776,1166,75,196,49,69,173,0,562,1728,9776
Wiltshire,wiltshire,2016/17,4,689,8,143,120,57,73,0,401,1090,8959,689,8,143,120,57,73,0,401,1090,8959,1062,100,183,44,58,136,0,521,1583,9408,1062,100,183,44,58,136,0,521,1583,9408
Wiltshire,wiltshire,2017/18,1,1141,41,175,28,53,63,0,360,1501,11622,1141,41,175,28,53,63,0,360,1501,11622,1248,80,201,46,51,159,0,537,1785,10762,1248,80,201,46,51,159,0,537,1785,10762
Wiltshire,wiltshire,2017/18,2,1170,157,189,48,51,316,0,761,1931,11787,1170,157,189,48,51,316,0,761,1931,11787,1352,74,204,35,53,140,0,506,1858,11555,1352,74,204,35,53,140,0,506,1858,11555
Wiltshire,wiltshire,2017/18,3,1044,72,197,36,32,131,0,468,1512,8793,1044,72,197,36,32,131,0,468,1512,8793,1184,55,203,33,34,119,0,444,1628,10978,1184,55,203,33,34,119,0,444,1628,10978
Wiltshire,wiltshire,2017/18,4,1158,59,195,30,44,99,0,427,1585,9098,1158,59,195,30,44,99,0,427,1585,9098,1295,58,183,27,40,104,0,412,1707,9976,1295,58,183,27,40,104,0,412,1707,9976
Wiltshire,wiltshire,2018/19,1,1424,68,175,28,38,105,0,414,1838,9552,1424,68,175,28,38,105,0,414,1838,9552,1444,70,178,28,40,123,0,439,1883,10986,1444,70,178,28,40,123,0,439,1883,10986
Wiltshire,wiltshire,2018/19,2,1229,43,159,3,59,92,0,356,1585,10592,1229,43,159,3,59,92,0,356,1585,10592,1425,37,165,27,63,103,0,395,1820,11110,1425,37,165,27,63,103,0,395,1820,11110
Wiltshire,wiltshire,2018/19,3,1370,45,171,0,54,103,0,373,1743,12468,1370,45,171,0,54,103,0,373,1743,12468,1345,37,156,32,49,114,0,388,1733,10755,1345,37,156,32,49,114,0,388,1733,10755
Wiltshire,wiltshire,2018/19,4,1403,30,160,2,31,124,0,347,1750,12896,1403,30,160,2,31,124,0,347,1750,12896,1338,26,159,35,42,141,0,403,1741,10669,1338,26,159,35,42,141,0,403,1741,10669
Wiltshire,wiltshire,2019/20,1,1429,13,169,107,66,164,0,519,1948,10878,1429,13,169,107,66,164,0,519,1948,10878,1419,15,177,29,60,157,0,438,1857,10901,1419,15,177,29,60,157,0,438,1857,10901
Wiltshire,wiltshire,2019/20,2,1237,14,180,37,48,158,0,437,1674,10447,1237,14,180,37,48,158,0,437,1674,10447,1479,18,189,28,41,169,0,445,1924,11732,1479,18,189,28,41,169,0,445,1924,11732
Wiltshire,wiltshire,2019/20,3,1298,20,189,5,51,151,0,416,1714,9570,1298,20,189,5,51,151,0,416,1714,9570,1346,13,177,15,57,134,0,396,1742,10764,1346,13,177,15,57,134,0,396,1742,10764
Wiltshire,wiltshire,2019/20,4,1231,6,176,32,51,125,0,390,1621,10452,1231,6,176,32,51,125,0,390,1621,10452,1139,14,173,10,55,104,0,356,1495,10018,1139,14,173,10,55,104,0,356,1495,10018
Wiltshire,wiltshire,2020/21,1,1345,24,174,0,111,101,0,410,1755,10605,1345,24,174,0,111,101,0,410,1755,10605,1132,10,201,0,107,89,0,407,1539,8644,1132,10,201,0,107,89,0,407,1539,8644
Wiltshire,wiltshire,2020/21,2,1212,9,186,0,65,92,0,352,1564,9828,1212,9,186,0,65,92,0,352,1564,9828,1229,7,189,4,70,98,0,368,1597,10596,1229,7,189,4,70,98,0,368,1597,10596
Wiltshire,wiltshire,2020/21,3,1079,14,167,0,66,77,0,324,1403,9947,1079,14,167,0,66,77,0,324,1403,9947,1010,17,182,16,70,95,1,381,1391,9146,1010,17,182,16,70,95,1,381,1391,9146
Wiltshire,wiltshire,2020/21,4,1059,21,152,0,65,77,0,315,1374,9041,1059,21,152,0,65,77,0,315,1374,9041,902,18,105,12,51,64,0,250,1152,8180,902,18,105,12,51,64,0,250,1152,8180
Wiltshire,wiltshire,2021/22,1,909,21,124,1,45,86,0,277,1186,9330,909,21,124,1,45,86,0,277,1186,9330,1019,20,139,12,49,111,3,334,1353,10397,1019,20,139,12,49,111,3,334,1353,10397
Wiltshire,wiltshire,2021/22,2,917,9,157,0,54,81,0,301,1218,8546,917,9,157,0,54,81,0,301,1218,8546,1097,17,159,16,54,96,4,346,1443,10632,1097,17,159,16,54,96,4,346,1443,10632
Wiltshire,wiltshire,2021/22,3,1021,13,113,0,26,99,0,251,1272,10841,1021,13,113,0,26,99,0,251,1272,10841,972,10,92,2,16,120,15,255,1227,10463,972,10,92,2,16,120,15,255,1227,10463
Wiltshire,wiltshire,2021/22,4,983,8,66,0,5,151,0,230,1213,11089,983,8,66,0,5,151,0,230,1213,11089,1014,9,80,0,0,137,40,266,1280,10138,1014,9,80,0,0,137,40,266,1280,10138
Wiltshire,wiltshire,2022/23,1,975,12,71,0,1,101,35,220,1195,9451,975,12,71,0,1,101,35,220,1195,9451,1003,16,90,0,1,116,106,329,1332,11278,1003,16,90,0,1,116,106,329,1332,11278
Wiltshire,wiltshire,2022/23,2,1049,10,105,51,0,146,106,418,1467,9961,1049,10,105,51,0,146,106,418,1467,9961,1147,5,100,0,0,108,71,284,1431,11533,1147,5,100,0,0,108,71,284,1431,11533
Wiltshire,wiltshire,2022/23,3,1074,8,91,11,0,113,71,294,1368,11569,1074,8,91,11,0,113,71,294,1368,11569,1093,15,81,0,0,169,69,334,1427,10772,1093,15,81,0,0,169,69,334,1427,10772
Wiltshire,wiltshire,2022/23,4,1101,15,126,0,0,196,59,396,1497,11796,1101,15,126,0,0,196,59,396,1497,11796,1122,11,109,0,0,155,59,334,1456,10601,1122,11,109,0,0,155,59,334,1456,10601
Wiltshire,wiltshire,2023/24,1,1108,15,83,0,0,155,74,327,1435,10460,1108,15,83,0,0,155,74,327,1435,10460,1167,3,68,0,0,219,54,344,1511,10577,1167,3,68,0,0,219,54,344,1511,10577
Wiltshire,wiltshire,2023/24,2,1137,8,90,0,0,196,50,344,1481,9677,1137,8,90,0,0,196,50,344,1481,9677,1197,7,102,0,0,216,43,368,1565,10786,1197,7,102,0,0,216,43,368,1565,10786
Wiltshire,wiltshire,2023/24,3,1294,6,106,0,0,271,52,435,1729,10296,1294,6,106,0,0,271,52,435,1729,10296,1131,6,98,1,0,359,43,507,1638,9888,1131,6,98,1,0,359,43,507,1638,9888
Wiltshire,wiltshire,2023/24,4,983,10,100,1,0,475,46,632,1615,10042,983,10,100,1,0,475,46,632,1615,10042,1000,4,85,0,0,535,49,673,1673,9236,1000,4,85,0,0,535,49,673,1673,9236
Wiltshire,wiltshire,2024/25,1,1201,7,82,0,0,505,43,637,1838,9609,1201,7,82,0,0,505,43,637,1838,9609,1131,4,80,0,0,483,81,648,1779,10287,1131,4,80,0,0,483,81,648,1779,10287
Wiltshire,wiltshire,2024/25,2,1047,5,77,0,0,470,74,626,1673,9279,1047,5,77,0,0,470,74,626,1673,9279,1008,4,95,0,0,545,71,715,1723,9882,1008,4,95,0,0,545,71,715,1723,9882
Wiltshire,wiltshire,2024/25,3,1096,3,86,0,0,649,84,822,1918,10400,1096,3,86,0,0,649,84,822,1918,10400,1014,0,102,0,0,626,87,815,1829,9726,1014,0,102,0,0,626,87,815,1829,9726
Wiltshire,wiltshire,2024/25,4,1102,0,128,0,0,646,86,860,1962,10928,1102,0,128,0,0,646,86,860,1962,10928,963,1,104,0,0,575,60,740,1703,9742,963,1,104,0,0,575,60,740,1703,9742
Wiltshire,wiltshire,2025/26,1,1107,1,98,0,0,609,49,757,1864,10311,1107,1,98,0,0,609,49,757,1864,10311,1030,8,88,0,0,599,73,768,1798,10885,1030,8,88,0,0,599,73,768,1798,10885
Wiltshire,wiltshire,2025/26,2,1156,3,89,0,0,548,70,710,1866,12499,1156,3,89,0,0,548,70,710,1866,12499,942,5,83,0,0,534,69,691,1633,10530,942,5,83,0,0,534,69,691,1633,10530
Wiltshire,wiltshire,2025/26,3,1163,8,98,0,0,615,71,792,1955,10364,1163,8,98,0,0,615,71,792,1955,10364,810,2,88,0,0,559,46,695,1505,9425,810,2,88,0,0,559,46,695,1505,9425
Wiltshire,wiltshire,2025/26,4,992,2,92,0,0,526,66,686,1678,9586,992,2,92,0,0,526,66,686,1678,9586,582,1,47,0,0,403,20,471,1053,7427,582,1,47,0,0,403,20,471,1053,7427
