force,slug,fy,closed_all_t1,closed_all_t2,closed_all_t3,closed_all_t6,closed_all_t7,closed_all_t8,closed_all_t22,closed_all_oocd,closed_all_positive,closed_all_assigned,closed_ex_fraud_t1,closed_ex_fraud_t2,closed_ex_fraud_t3,closed_ex_fraud_t6,closed_ex_fraud_t7,closed_ex_fraud_t8,closed_ex_fraud_t22,closed_ex_fraud_oocd,closed_ex_fraud_positive,closed_ex_fraud_assigned,recorded_all_t1,recorded_all_t2,recorded_all_t3,recorded_all_t6,recorded_all_t7,recorded_all_t8,recorded_all_t22,recorded_all_oocd,recorded_all_positive,recorded_all_assigned,recorded_ex_fraud_t1,recorded_ex_fraud_t2,recorded_ex_fraud_t3,recorded_ex_fraud_t6,recorded_ex_fraud_t7,recorded_ex_fraud_t8,recorded_ex_fraud_t22,recorded_ex_fraud_oocd,recorded_ex_fraud_positive,recorded_ex_fraud_assigned
Avon and Somerset,avon-and-somerset,2014/15,16054,1066,3582,570,1071,2882,0,9171,25225,96095,16054,1066,3582,570,1071,2882,0,9171,25225,96095,15914,1055,3537,571,1090,2865,0,9118,25032,97572,15914,1055,3537,571,1090,2865,0,9118,25032,97572
Avon and Somerset,avon-and-somerset,2015/16,11634,651,2159,355,809,1890,0,5864,17498,105069,11634,651,2159,355,809,1890,0,5864,17498,105069,13696,747,2471,387,860,2074,0,6539,20235,116151,13696,747,2471,387,860,2074,0,6539,20235,116151
Avon and Somerset,avon-and-somerset,2016/17,14739,747,2435,387,809,1998,0,6376,21115,142661,14739,747,2435,387,809,1998,0,6376,21115,142661,13951,606,2195,361,800,1842,6,5810,19761,137781,13951,606,2195,361,800,1842,6,5810,19761,137781
Avon and Somerset,avon-and-somerset,2017/18,12266,456,1754,207,724,1423,0,4564,16830,137971,12266,456,1754,207,724,1423,0,4564,16830,137971,12692,518,1836,216,733,1539,7,4849,17541,138680,12692,518,1836,216,733,1539,7,4849,17541,138680
Avon and Somerset,avon-and-somerset,2018/19,11411,394,1580,138,380,1554,0,4046,15457,129904,11411,394,1580,138,380,1554,0,4046,15457,129904,12820,384,1717,114,325,1713,65,4318,17138,135506,12820,384,1717,114,325,1713,65,4318,17138,135506
Avon and Somerset,avon-and-somerset,2019/20,13071,360,1716,5,11,1933,1149,5174,18245,142126,13071,360,1716,5,11,1933,1149,5174,18245,142126,11931,337,1458,1,5,1726,1396,4923,16854,137321,11931,337,1458,1,5,1726,1396,4923,16854,137321
Avon and Somerset,avon-and-somerset,2020/21,10918,291,1332,6,15,1800,1689,5133,16051,122374,10918,291,1332,6,15,1800,1689,5133,16051,122374,10616,247,1342,1,4,1876,1663,5133,15749,121074,10616,247,1342,1,4,1876,1663,5133,15749,121074
Avon and Somerset,avon-and-somerset,2021/22,10091,246,1390,0,5,2202,1531,5374,15465,138268,10091,246,1390,0,5,2202,1531,5374,15465,138268,10600,250,1411,0,4,2214,1545,5424,16024,139465,10600,250,1411,0,4,2214,1545,5424,16024,139465
Avon and Somerset,avon-and-somerset,2022/23,10840,203,1247,0,2,2251,1834,5537,16377,140654,10840,203,1247,0,2,2251,1834,5537,16377,140654,11311,210,1215,0,1,2187,1853,5466,16777,141130,11311,210,1215,0,1,2187,1853,5466,16777,141130
Avon and Somerset,avon-and-somerset,2023/24,10891,255,1071,0,5,1830,1630,4791,15682,146234,10891,255,1071,0,5,1830,1630,4791,15682,146234,11422,231,1029,0,6,1754,1661,4681,16103,148626,11422,231,1029,0,6,1754,1661,4681,16103,148626
Avon and Somerset,avon-and-somerset,2024/25,12318,135,889,0,4,1373,1768,4169,16487,164305,12318,135,889,0,4,1373,1768,4169,16487,164305,11779,109,900,0,3,1346,1735,4093,15872,163184,11779,109,900,0,3,1346,1735,4093,15872,163184
Avon and Somerset,avon-and-somerset,2025/26,14843,114,804,0,9,1620,1351,3898,18741,168766,14843,114,804,0,9,1620,1351,3898,18741,168766,11444,73,674,0,8,1596,1088,3439,14883,158208,11444,73,674,0,8,1596,1088,3439,14883,158208
Bedfordshire,bedfordshire,2014/15,5390,136,1263,146,369,1807,0,3721,9111,32536,5388,136,1263,146,369,1807,0,3721,9109,32519,3937,94,906,123,269,1345,0,2737,6674,28979,3937,94,906,123,269,1345,0,2737,6674,28979
Bedfordshire,bedfordshire,2015/16,4945,85,1129,116,259,1793,0,3382,8327,40961,4945,85,1129,116,259,1793,0,3382,8327,40961,5012,81,1106,107,277,1794,0,3365,8377,40626,5012,81,1106,107,277,1794,0,3365,8377,40626
Bedfordshire,bedfordshire,2016/17,5061,61,845,87,281,1857,0,3131,8192,42242,5061,61,845,87,281,1857,0,3131,8192,42242,5006,60,866,87,262,1865,0,3140,8146,42763,5006,60,866,87,262,1865,0,3140,8146,42763
Bedfordshire,bedfordshire,2017/18,4360,60,725,68,250,1410,0,2513,6873,45875,4360,60,725,68,250,1410,0,2513,6873,45875,4396,58,732,67,265,1489,0,2611,7007,46632,4396,58,732,67,265,1489,0,2611,7007,46632
Bedfordshire,bedfordshire,2018/19,4105,40,602,71,324,1343,0,2380,6485,56401,4105,40,602,71,324,1343,0,2380,6485,56401,4404,41,613,69,346,1338,1,2408,6812,57295,4404,41,613,69,346,1338,1,2408,6812,57295
Bedfordshire,bedfordshire,2019/20,3620,36,596,33,218,1630,0,2513,6133,56583,3620,36,596,33,218,1630,0,2513,6133,56583,3745,36,591,27,162,1563,7,2386,6131,55845,3745,36,591,27,162,1563,7,2386,6131,55845
Bedfordshire,bedfordshire,2020/21,3318,26,457,0,3,2117,66,2669,5987,48312,3318,26,457,0,3,2117,66,2669,5987,48312,3286,25,419,0,1,2152,67,2664,5950,48036,3286,25,419,0,1,2152,67,2664,5950,48036
Bedfordshire,bedfordshire,2021/22,3132,36,293,0,2,1780,340,2451,5583,49050,3132,36,293,0,2,1780,340,2451,5583,49050,3486,44,315,0,3,1785,373,2520,6006,51330,3486,44,315,0,3,1785,373,2520,6006,51330
Bedfordshire,bedfordshire,2022/23,3445,51,289,0,1,1351,131,1823,5268,51928,3445,51,289,0,1,1351,131,1823,5268,51928,3454,48,286,0,0,1338,100,1772,5226,50757,3454,48,286,0,0,1338,100,1772,5226,50757
Bedfordshire,bedfordshire,2023/24,4056,52,325,0,0,1240,105,1722,5778,49574,4056,52,325,0,0,1240,105,1722,5778,49574,3920,54,324,0,0,1260,106,1744,5664,49856,3920,54,324,0,0,1260,106,1744,5664,49856
Bedfordshire,bedfordshire,2024/25,4617,40,334,0,0,1196,100,1670,6287,51465,4617,40,334,0,0,1196,100,1670,6287,51465,4315,34,336,0,0,1287,108,1765,6080,51251,4315,34,336,0,0,1287,108,1765,6080,51251
Bedfordshire,bedfordshire,2025/26,4641,31,308,0,0,1739,126,2204,6845,51426,4641,31,308,0,0,1739,126,2204,6845,51426,3917,24,263,0,0,1543,112,1942,5859,47944,3917,24,263,0,0,1543,112,1942,5859,47944
British Transport Police,british-transport-police,2014/15,9987,295,1573,861,793,122,0,3644,13631,44138,9987,295,1573,861,793,122,0,3644,13631,44138,0,0,0,0,0,0,0,0,0,0,0,0,0,0,0,0,0,0,0,0
British Transport Police,british-transport-police,2015/16,7314,143,955,508,399,323,0,2328,9642,41559,7314,143,955,508,399,323,0,2328,9642,41559,8100,166,1014,571,461,438,0,2650,10750,46605,8100,166,1014,571,461,438,0,2650,10750,46605
British Transport Police,british-transport-police,2016/17,6374,137,789,347,465,439,0,2177,8551,46454,6374,137,789,347,465,439,0,2177,8551,46454,7448,129,764,315,461,451,0,2120,9568,50222,7448,129,764,315,461,451,0,2120,9568,50222
British Transport Police,british-transport-police,2017/18,8643,112,580,227,361,359,0,1639,10282,62294,8643,112,580,227,361,359,0,1639,10282,62294,8557,129,594,199,360,340,0,1622,10179,59132,8557,129,594,199,360,340,0,1622,10179,59132
British Transport Police,british-transport-police,2018/19,9631,131,599,218,625,357,0,1930,11561,66269,9631,131,599,218,625,357,0,1930,11561,66269,9763,114,589,223,675,360,0,1961,11724,65697,9763,114,589,223,675,360,0,1961,11724,65697
British Transport Police,british-transport-police,2019/20,7685,83,610,135,532,449,0,1809,9494,68175,7685,83,610,135,532,449,0,1809,9494,68175,8007,106,644,107,448,693,0,1998,10005,70483,8007,106,644,107,448,693,0,1998,10005,70483
British Transport Police,british-transport-police,2020/21,7307,128,489,16,39,1669,0,2341,9648,41668,7307,128,489,16,39,1669,0,2341,9648,41668,6472,123,420,9,11,1577,0,2140,8612,35297,6472,123,420,9,11,1577,0,2140,8612,35297
British Transport Police,british-transport-police,2021/22,5073,100,357,9,10,1347,0,1823,6896,45149,5073,100,357,9,10,1347,0,1823,6896,45149,5983,116,391,8,9,1365,0,1889,7872,49012,5983,116,391,8,9,1365,0,1889,7872,49012
British Transport Police,british-transport-police,2022/23,6314,133,387,1,5,1449,0,1975,8289,65741,6314,133,387,1,5,1449,0,1975,8289,65741,6073,117,365,3,2,1427,0,1914,7987,64922,6073,117,365,3,2,1427,0,1914,7987,64922
British Transport Police,british-transport-police,2023/24,6976,115,340,9,3,1509,0,1976,8952,77356,6976,115,340,9,3,1509,0,1976,8952,77356,6691,136,361,6,4,1466,0,1973,8664,77391,6691,136,361,6,4,1466,0,1973,8664,77391
British Transport Police,british-transport-police,2024/25,7039,132,345,1,5,1276,0,1759,8798,81116,7039,132,345,1,5,1276,0,1759,8798,81116,6741,127,311,1,5,1296,0,1740,8481,81083,6741,127,311,1,5,1296,0,1740,8481,81083
British Transport Police,british-transport-police,2025/26,7578,136,349,1,1,1366,0,1853,9431,91979,7578,136,349,1,1,1366,0,1853,9431,91979,5002,43,230,1,0,1129,0,1403,6405,82722,5002,43,230,1,0,1129,0,1403,6405,82722
Cambridgeshire,cambridgeshire,2014/15,6478,285,1473,463,725,1256,0,4202,10680,46682,6474,285,1473,463,725,1256,0,4202,10676,46674,6532,284,1486,458,724,1219,0,4171,10703,46246,6532,284,1486,458,724,1219,0,4171,10703,46246
Cambridgeshire,cambridgeshire,2015/16,6250,247,1363,268,429,1012,0,3319,9569,48039,6250,247,1363,268,429,1012,0,3319,9569,48039,6367,255,1354,265,429,1075,0,3378,9745,48566,6367,255,1354,265,429,1075,0,3378,9745,48566
Cambridgeshire,cambridgeshire,2016/17,7099,253,1389,193,369,1798,0,4002,11101,57345,7099,253,1389,193,369,1798,0,4002,11101,57345,7090,243,1361,195,374,1831,0,4004,11094,57804,7090,243,1361,195,374,1831,0,4004,11094,57804
Cambridgeshire,cambridgeshire,2017/18,6684,207,1011,99,273,1486,0,3076,9760,66210,6684,207,1011,99,273,1486,0,3076,9760,66210,6665,207,1010,91,268,1449,0,3025,9690,65966,6665,207,1010,91,268,1449,0,3025,9690,65966
Cambridgeshire,cambridgeshire,2018/19,5374,109,705,4,9,1101,1,1929,7303,61702,5374,109,705,4,9,1101,1,1929,7303,61702,5515,104,696,2,6,1083,21,1912,7427,63831,5515,104,696,2,6,1083,21,1912,7427,63831
Cambridgeshire,cambridgeshire,2019/20,5324,124,484,0,1,1361,246,2216,7540,67412,5324,124,484,0,1,1361,246,2216,7540,67412,5824,126,531,0,2,1507,281,2447,8271,66429,5824,126,531,0,2,1507,281,2447,8271,66429
Cambridgeshire,cambridgeshire,2020/21,5246,97,853,0,2,1721,322,2995,8241,60908,5246,97,853,0,2,1721,322,2995,8241,60908,4978,93,852,0,1,1622,296,2864,7842,59987,4978,93,852,0,1,1622,296,2864,7842,59987
Cambridgeshire,cambridgeshire,2021/22,4982,147,1232,0,1,1939,576,3895,8877,65586,4982,147,1232,0,1,1939,576,3895,8877,65586,5245,173,1273,0,1,2123,660,4230,9475,67632,5245,173,1273,0,1,2123,660,4230,9475,67632
Cambridgeshire,cambridgeshire,2022/23,6006,188,1428,0,1,2388,832,4837,10843,72829,6006,188,1428,0,1,2388,832,4837,10843,72829,5996,165,1428,0,1,2266,816,4676,10672,71385,5996,165,1428,0,1,2266,816,4676,10672,71385
Cambridgeshire,cambridgeshire,2023/24,6654,111,1109,0,0,2202,528,3950,10604,68993,6654,111,1109,0,0,2202,528,3950,10604,68993,6496,97,1084,0,0,2215,474,3870,10366,68705,6496,97,1084,0,0,2215,474,3870,10366,68705
Cambridgeshire,cambridgeshire,2024/25,6808,82,1035,0,0,2390,119,3626,10434,66657,6808,82,1035,0,0,2390,119,3626,10434,66657,6726,93,1044,0,0,2341,208,3686,10412,67123,6726,93,1044,0,0,2341,208,3686,10412,67123
Cambridgeshire,cambridgeshire,2025/26,7435,66,975,0,0,2308,257,3606,11041,68827,7435,66,975,0,0,2308,257,3606,11041,68827,6443,43,867,0,0,2210,140,3260,9703,65452,6443,43,867,0,0,2210,140,3260,9703,65452
Cheshire,cheshire,2014/15,11272,268,1823,453,809,1684,0,5037,16309,59297,11269,268,1822,453,809,1684,0,5036,16305,59149,10854,272,1773,419,800,1694,0,4958,15812,53714,10854,272,1773,419,800,1694,0,4958,15812,53714
Cheshire,cheshire,2015/16,11439,205,1416,286,500,2009,0,4416,15855,51198,11439,205,1416,286,500,2009,0,4416,15855,51198,11542,182,1429,298,494,2176,0,4579,16121,52750,11542,182,1429,298,494,2176,0,4579,16121,52750
Cheshire,cheshire,2016/17,11533,133,1389,217,395,2810,0,4944,16477,62412,11533,133,1389,217,395,2810,0,4944,16477,62412,11776,124,1394,208,392,2934,1,5053,16829,65854,11776,124,1394,208,392,2934,1,5053,16829,65854
Cheshire,cheshire,2017/18,11687,171,1217,166,378,1963,0,3895,15582,86730,11687,171,1217,166,378,1963,0,3895,15582,86730,11846,186,1212,172,384,1833,1,3788,15634,87411,11846,186,1212,172,384,1833,1,3788,15634,87411
Cheshire,cheshire,2018/19,10029,130,862,141,341,1092,0,2566,12595,92043,10029,130,862,141,341,1092,0,2566,12595,92043,10664,133,896,137,353,910,0,2429,13093,94494,10664,133,896,137,353,910,0,2429,13093,94494
Cheshire,cheshire,2019/20,8892,105,722,104,324,771,0,2026,10918,95150,8892,105,722,104,324,771,0,2026,10918,95150,8933,98,674,106,326,663,6,1873,10806,94899,8933,98,674,106,326,663,6,1873,10806,94899
Cheshire,cheshire,2020/21,7791,53,502,109,449,498,243,1854,9645,81710,7791,53,502,109,449,498,243,1854,9645,81710,7594,32,530,101,429,604,286,1982,9576,83148,7594,32,530,101,429,604,286,1982,9576,83148
Cheshire,cheshire,2021/22,8034,53,506,5,19,1257,348,2188,10222,91735,8034,53,506,5,19,1257,348,2188,10222,91735,8415,60,490,0,1,1419,475,2445,10860,90031,8415,60,490,0,1,1419,475,2445,10860,90031
Cheshire,cheshire,2022/23,8863,75,756,0,1,3413,1141,5386,14249,87505,8863,75,756,0,1,3413,1141,5386,14249,87505,9012,75,766,0,0,3576,1050,5467,14479,86552,9012,75,766,0,0,3576,1050,5467,14479,86552
Cheshire,cheshire,2023/24,9274,62,740,0,0,4857,385,6044,15318,79146,9274,62,740,0,0,4857,385,6044,15318,79146,9156,63,713,0,0,4731,455,5962,15118,78805,9156,63,713,0,0,4731,455,5962,15118,78805
Cheshire,cheshire,2024/25,9870,65,571,0,0,4830,455,5921,15791,79799,9870,65,571,0,0,4830,455,5921,15791,79799,9477,90,557,0,0,4699,334,5680,15157,77960,9477,90,557,0,0,4699,334,5680,15157,77960
Cheshire,cheshire,2025/26,12338,112,328,0,0,4887,183,5510,17848,78268,12338,112,328,0,0,4887,183,5510,17848,78268,10675,81,274,0,0,4821,173,5349,16024,73120,10675,81,274,0,0,4821,173,5349,16024,73120
City of London,city-of-london,2014/15,941,3,288,39,179,70,0,579,1520,5076,940,3,288,39,179,70,0,579,1519,5066,926,2,267,41,183,72,0,565,1491,5131,926,2,267,41,183,72,0,565,1491,5131
City of London,city-of-london,2015/16,952,4,284,39,104,77,0,508,1460,5261,952,4,284,39,104,77,0,508,1460,5261,937,4,287,39,104,86,0,520,1457,5203,937,4,287,39,104,86,0,520,1457,5203
City of London,city-of-london,2016/17,935,6,201,34,88,121,0,450,1385,5666,935,6,201,34,88,121,0,450,1385,5665,873,7,193,29,85,122,0,436,1309,5355,873,7,193,29,85,122,0,436,1309,5355
City of London,city-of-london,2017/18,705,6,174,21,93,157,0,451,1156,5453,705,6,174,21,93,157,0,451,1156,5453,763,5,189,24,96,165,0,479,1242,5855,763,5,189,24,96,165,0,479,1242,5855
City of London,city-of-london,2018/19,809,2,157,38,147,139,0,483,1292,7050,809,2,157,38,147,139,0,483,1292,7050,925,5,174,38,147,132,0,496,1421,7242,925,5,174,38,147,132,0,496,1421,7242
City of London,city-of-london,2019/20,1203,7,245,39,186,107,0,584,1787,9014,1203,7,245,39,186,107,0,584,1787,9014,1239,6,238,38,185,102,0,569,1808,8693,1239,6,238,38,185,102,0,569,1808,8693
City of London,city-of-london,2020/21,813,2,137,37,218,42,21,457,1270,4065,813,2,137,37,218,42,21,457,1270,4065,696,0,129,36,227,35,0,427,1123,3751,696,0,129,36,227,35,0,427,1123,3751
City of London,city-of-london,2021/22,862,2,143,38,219,36,54,492,1354,5649,862,2,143,38,219,36,54,492,1354,5649,1018,2,149,41,217,40,40,489,1507,6285,1018,2,149,41,217,40,40,489,1507,6285
City of London,city-of-london,2022/23,918,1,143,30,140,47,37,398,1316,7548,918,1,143,30,140,47,37,398,1316,7548,974,1,147,26,143,49,32,398,1372,7648,974,1,147,26,143,49,32,398,1372,7648
City of London,city-of-london,2023/24,1286,9,161,23,206,68,35,502,1788,8438,1286,9,161,23,206,68,35,502,1788,8438,1286,9,161,20,204,72,52,518,1804,8753,1286,9,161,20,204,72,52,518,1804,8753
City of London,city-of-london,2024/25,1477,0,152,19,119,163,82,535,2012,9857,1477,0,152,19,119,163,82,535,2012,9857,1341,1,135,19,107,173,59,494,1835,9107,1341,1,135,19,107,173,59,494,1835,9107
City of London,city-of-london,2025/26,1303,1,55,0,1,252,37,346,1649,8892,1303,1,55,0,1,252,37,346,1649,8892,1067,0,31,0,1,236,27,295,1362,8110,1067,0,31,0,1,236,27,295,1362,8110
Cleveland,cleveland,2014/15,9444,218,1297,357,302,1165,0,3339,12783,40634,9443,218,1297,357,302,1165,0,3339,12782,40633,9817,224,1319,352,307,1206,0,3408,13225,41905,9817,224,1319,352,307,1206,0,3408,13225,41905
Cleveland,cleveland,2015/16,9879,180,959,212,184,1172,0,2707,12586,47647,9879,180,959,212,184,1172,0,2707,12586,47647,9962,181,943,218,181,1169,0,2692,12654,48013,9962,181,943,218,181,1169,0,2692,12654,48013
Cleveland,cleveland,2016/17,8939,213,738,127,160,720,0,1958,10897,50395,8939,213,738,127,160,720,0,1958,10897,50395,8909,212,735,126,162,694,0,1929,10838,50646,8909,212,735,126,162,694,0,1929,10838,50646
Cleveland,cleveland,2017/18,9152,148,608,91,115,563,0,1525,10677,56663,9152,148,608,91,115,563,0,1525,10677,56663,9227,145,598,85,115,573,0,1516,10743,57031,9227,145,598,85,115,573,0,1516,10743,57031
Cleveland,cleveland,2018/19,7738,99,472,75,116,429,0,1191,8929,64736,7738,99,472,75,116,429,0,1191,8929,64736,8102,107,489,76,116,477,0,1265,9367,67253,8102,107,489,76,116,477,0,1265,9367,67253
Cleveland,cleveland,2019/20,6743,84,393,43,146,490,0,1156,7899,71730,6743,84,393,43,146,490,0,1156,7899,71730,6702,79,383,38,145,493,14,1152,7854,69389,6702,79,383,38,145,493,14,1152,7854,69389
Cleveland,cleveland,2020/21,7126,76,411,53,249,230,244,1263,8389,61985,7126,76,411,53,249,230,244,1263,8389,61985,7031,81,402,56,253,138,381,1311,8342,62313,7031,81,402,56,253,138,381,1311,8342,62313
Cleveland,cleveland,2021/22,6251,87,343,63,223,146,679,1541,7792,70565,6251,87,343,63,223,146,679,1541,7792,70565,6735,109,368,65,219,186,751,1698,8433,73273,6735,109,368,65,219,186,751,1698,8433,73273
Cleveland,cleveland,2022/23,7377,106,351,60,216,152,842,1727,9104,85069,7377,106,351,60,216,152,842,1727,9104,85069,7262,78,321,56,219,114,848,1636,8898,83716,7262,78,321,56,219,114,848,1636,8898,83716
Cleveland,cleveland,2023/24,7412,40,264,8,184,142,603,1241,8653,75800,7412,40,264,8,184,142,603,1241,8653,75800,7648,19,247,7,181,155,596,1205,8853,75710,7648,19,247,7,181,155,596,1205,8853,75710
Cleveland,cleveland,2024/25,8804,31,126,7,14,414,861,1453,10257,71358,8804,31,126,7,14,414,861,1453,10257,71358,8477,38,125,6,10,450,905,1534,10011,70850,8477,38,125,6,10,450,905,1534,10011,70850
Cleveland,cleveland,2025/26,9520,33,206,0,0,1121,789,2149,11669,74202,9520,33,206,0,0,1121,789,2149,11669,74202,8520,20,185,0,0,1087,582,1874,10394,70709,8520,20,185,0,0,1087,582,1874,10394,70709
Cumbria,cumbria,2014/15,5931,202,1263,201,288,1174,0,3128,9059,20271,5926,202,1263,201,288,1174,0,3128,9054,20264,0,0,0,0,0,0,0,0,0,0,0,0,0,0,0,0,0,0,0,0
Cumbria,cumbria,2015/16,5254,153,973,147,188,1117,0,2578,7832,25434,5254,153,973,147,188,1117,0,2578,7832,25434,5399,144,979,148,189,1104,0,2564,7963,25974,5399,144,979,148,189,1104,0,2564,7963,25974
Cumbria,cumbria,2016/17,5299,163,755,103,144,1123,0,2288,7587,26538,5299,163,755,103,144,1123,0,2288,7587,26537,4998,159,680,101,146,1113,0,2199,7197,25372,4998,159,680,101,146,1113,0,2199,7197,25372
Cumbria,cumbria,2017/18,5093,163,663,65,138,1018,0,2047,7140,27803,5093,163,663,65,138,1018,0,2047,7140,27803,5175,139,688,66,137,1059,0,2089,7264,28443,5175,139,688,66,137,1059,0,2089,7264,28443
Cumbria,cumbria,2018/19,4912,154,764,52,169,1096,0,2235,7147,35610,4912,154,764,52,169,1096,0,2235,7147,35610,4954,175,767,51,171,1119,0,2283,7237,36723,4954,175,767,51,171,1119,0,2283,7237,36723
Cumbria,cumbria,2019/20,4120,139,713,43,180,1148,3,2226,6346,38255,4120,139,713,43,180,1148,3,2226,6346,38255,4080,132,709,41,179,1144,16,2221,6301,38172,4080,132,709,41,179,1144,16,2221,6301,38172
Cumbria,cumbria,2020/21,4017,108,586,44,279,992,129,2138,6155,32217,4017,108,586,44,279,992,129,2138,6155,32217,3849,89,546,44,277,929,145,2030,5879,30895,3849,89,546,44,277,929,145,2030,5879,30895
Cumbria,cumbria,2021/22,3383,73,289,8,41,1240,450,2101,5484,35116,3383,73,289,8,41,1240,450,2101,5484,35116,3710,86,297,7,38,1358,558,2344,6054,37061,3710,86,297,7,38,1358,558,2344,6054,37061
Cumbria,cumbria,2022/23,3789,79,224,0,0,1597,599,2499,6288,38977,3789,79,224,0,0,1597,599,2499,6288,38977,3908,81,237,0,0,1617,642,2577,6485,38786,3908,81,237,0,0,1617,642,2577,6485,38786
Cumbria,cumbria,2023/24,4000,130,245,0,0,2428,553,3356,7356,34809,4000,130,245,0,0,2428,553,3356,7356,34809,4199,125,250,0,0,2474,553,3402,7601,35435,4199,125,250,0,0,2474,553,3402,7601,35435
Cumbria,cumbria,2024/25,5076,87,290,0,0,2279,490,3146,8222,36400,5076,87,290,0,0,2279,490,3146,8222,36400,4852,85,310,0,0,2274,520,3189,8041,36577,4852,85,310,0,0,2274,520,3189,8041,36577
Cumbria,cumbria,2025/26,4799,48,427,0,0,2110,521,3106,7905,36011,4799,48,427,0,0,2110,521,3106,7905,36011,3970,32,377,0,0,1935,330,2674,6644,32388,3970,32,377,0,0,1935,330,2674,6644,32388
Derbyshire,derbyshire,2014/15,10764,302,1661,551,864,2879,0,6257,17021,51415,10762,302,1661,551,864,2879,0,6257,17019,51405,10789,298,1667,538,855,3136,0,6494,17283,51311,10789,298,1667,538,855,3136,0,6494,17283,51311
Derbyshire,derbyshire,2015/16,10186,210,1535,403,685,3526,0,6359,16545,52172,10186,210,1535,403,685,3526,0,6359,16545,52171,9464,187,1461,399,690,3272,0,6009,15473,49121,9464,187,1461,399,690,3272,0,6009,15473,49121
Derbyshire,derbyshire,2016/17,8363,183,1276,349,585,2866,0,5259,13622,47152,8363,183,1276,349,585,2866,0,5259,13622,47152,6947,126,1135,327,533,2263,0,4384,11331,40271,6947,126,1135,327,533,2263,0,4384,11331,40271
Derbyshire,derbyshire,2017/18,9275,166,1158,310,506,3185,0,5325,14600,59535,9275,166,1158,310,506,3185,0,5325,14600,59534,7492,131,977,278,456,2661,0,4503,11995,50160,7492,131,977,278,456,2661,0,4503,11995,50160
Derbyshire,derbyshire,2018/19,8705,143,1061,265,508,2747,0,4724,13429,58195,8705,143,1061,265,508,2747,0,4724,13429,58195,8792,135,1101,270,512,2718,0,4736,13528,61252,8792,135,1101,270,512,2718,0,4736,13528,61252
Derbyshire,derbyshire,2019/20,7610,112,961,187,514,2406,0,4180,11790,79718,7610,112,961,187,514,2406,0,4180,11790,79718,8567,127,1056,195,553,2562,0,4493,13060,79351,8567,127,1056,195,553,2562,0,4493,13060,79351
Derbyshire,derbyshire,2020/21,8619,104,1078,235,662,2278,8,4365,12984,77713,8619,104,1078,235,662,2278,8,4365,12984,77713,7597,90,989,229,637,2114,1,4060,11657,74792,7597,90,989,229,637,2114,1,4060,11657,74792
Derbyshire,derbyshire,2021/22,7095,107,993,228,489,2421,9,4247,11342,81859,7095,107,993,228,489,2421,9,4247,11342,81859,7520,110,972,228,450,2478,0,4238,11758,85486,7520,110,972,228,450,2478,0,4238,11758,85486
Derbyshire,derbyshire,2022/23,7253,116,903,203,476,2422,9,4129,11382,80385,7253,116,903,203,476,2422,9,4129,11382,80385,7116,112,876,192,471,2477,4,4132,11248,81198,7116,112,876,192,471,2477,4,4132,11248,81198
Derbyshire,derbyshire,2023/24,8808,69,745,54,111,3110,79,4168,12976,87543,8808,69,745,54,111,3110,79,4168,12976,87543,8561,36,757,36,91,3210,117,4247,12808,85838,8561,36,757,36,91,3210,117,4247,12808,85838
Derbyshire,derbyshire,2024/25,10276,33,648,1,3,3832,244,4761,15037,87384,10276,33,648,1,3,3832,244,4761,15037,87384,8707,36,560,0,0,3819,179,4594,13301,73421,8707,36,560,0,0,3819,179,4594,13301,73421
Derbyshire,derbyshire,2025/26,10102,25,466,0,0,4615,225,5331,15433,86191,10102,25,466,0,0,4615,225,5331,15433,86191,8024,11,400,0,0,4243,204,4858,12882,79227,8024,11,400,0,0,4243,204,4858,12882,79227
Devon and Cornwall,devon-and-cornwall,2014/15,12317,790,3396,445,1333,5755,0,11719,24036,81282,12303,790,3395,445,1333,5755,0,11718,24021,81148,12189,821,3416,438,1354,5828,0,11857,24046,79524,12189,821,3416,438,1354,5828,0,11857,24046,79524
Devon and Cornwall,devon-and-cornwall,2015/16,10940,681,2780,362,1152,4664,0,9639,20579,77156,10940,681,2780,362,1152,4664,0,9639,20579,77156,10801,670,2732,368,1175,4626,1,9572,20373,76634,10801,670,2732,368,1175,4626,1,9572,20373,76634
Devon and Cornwall,devon-and-cornwall,2016/17,10226,564,2149,235,1016,3483,0,7447,17673,77596,10226,564,2149,235,1016,3483,0,7447,17673,77593,10285,548,2162,243,1061,3482,0,7496,17781,84084,10285,548,2162,243,1061,3482,0,7496,17781,84084
Devon and Cornwall,devon-and-cornwall,2017/18,9850,494,1730,119,968,2987,0,6298,16148,106746,9850,494,1730,119,968,2987,0,6298,16148,106740,10584,503,1843,116,925,3159,8,6554,17138,102360,10584,503,1843,116,925,3159,8,6554,17138,102360
Devon and Cornwall,devon-and-cornwall,2018/19,9737,476,1389,105,980,2741,0,5691,15428,103590,9737,476,1389,105,980,2741,0,5691,15428,103587,10005,529,1425,102,1018,2749,28,5851,15856,105877,10005,529,1425,102,1018,2749,28,5851,15856,105877
Devon and Cornwall,devon-and-cornwall,2019/20,9008,485,1571,55,654,2417,321,5503,14511,97805,9008,485,1571,55,654,2417,321,5503,14511,97805,9183,425,1521,53,592,2156,559,5306,14489,98770,9183,425,1521,53,592,2156,559,5306,14489,98770
Devon and Cornwall,devon-and-cornwall,2020/21,8513,350,1664,5,51,2572,585,5227,13740,94834,8513,350,1664,5,51,2572,585,5227,13740,94834,8364,303,1660,0,3,2604,760,5330,13694,88403,8364,303,1660,0,3,2604,760,5330,13694,88403
Devon and Cornwall,devon-and-cornwall,2021/22,7728,275,1301,45,9,2327,1210,5167,12895,78751,7728,275,1301,45,9,2327,1210,5167,12895,78751,7798,303,1425,0,0,2272,1246,5246,13044,86641,7798,303,1425,0,0,2272,1246,5246,13044,86641
Devon and Cornwall,devon-and-cornwall,2022/23,6929,287,1305,11,6,2134,1082,4825,11754,78723,6929,287,1305,11,6,2134,1082,4825,11754,78723,7303,319,1354,0,4,2246,1146,5069,12372,98207,7303,319,1354,0,4,2246,1146,5069,12372,98207
Devon and Cornwall,devon-and-cornwall,2023/24,7531,293,1378,0,3,1831,1297,4802,12333,125611,7531,293,1378,0,3,1831,1297,4802,12333,125611,7944,333,1469,0,3,2245,1497,5547,13491,104557,7944,333,1469,0,3,2245,1497,5547,13491,104557
Devon and Cornwall,devon-and-cornwall,2024/25,9989,404,1919,1,9,2560,1707,6600,16589,123807,9989,404,1919,1,9,2560,1707,6600,16589,123807,8756,349,1482,1,3,2346,1226,5407,14163,116848,8756,349,1482,1,3,2346,1226,5407,14163,116848
Devon and Cornwall,devon-and-cornwall,2025/26,9551,296,1532,1,2,2882,860,5573,15124,122710,9551,296,1532,1,2,2882,860,5573,15124,122710,7508,175,1150,0,2,2235,675,4237,11745,111517,7508,175,1150,0,2,2235,675,4237,11745,111517
Dorset,dorset,2014/15,6298,296,1363,264,491,1303,0,3717,10015,34350,6291,296,1362,264,491,1303,0,3716,10007,34322,6193,282,1329,263,487,1282,0,3643,9836,35910,6193,282,1329,263,487,1282,0,3643,9836,35910
Dorset,dorset,2015/16,6053,192,1156,187,412,1007,0,2954,9007,41737,6053,192,1156,187,412,1007,0,2954,9007,41737,6304,197,1216,186,413,1036,0,3048,9352,40261,6304,197,1216,186,413,1036,0,3048,9352,40261
Dorset,dorset,2016/17,6709,249,1331,198,411,1252,0,3441,10150,44355,6709,249,1331,198,411,1252,0,3441,10150,44355,6622,271,1327,198,413,1279,0,3488,10110,44502,6622,271,1327,198,413,1279,0,3488,10110,44502
Dorset,dorset,2017/18,6206,277,1299,157,420,1225,0,3378,9584,48424,6206,277,1299,157,420,1225,0,3378,9584,48424,6482,294,1295,160,432,1194,0,3375,9857,49142,6482,294,1295,160,432,1194,0,3375,9857,49142
Dorset,dorset,2018/19,5673,365,946,136,412,1007,0,2866,8539,52941,5673,365,946,136,412,1007,0,2866,8539,52941,5871,325,938,134,420,987,0,2804,8675,54507,5871,325,938,134,420,987,0,2804,8675,54507
Dorset,dorset,2019/20,5348,256,766,14,77,934,0,2047,7395,55631,5348,256,766,14,77,934,0,2047,7395,55631,5102,269,755,7,49,953,0,2033,7135,54074,5102,269,755,7,49,953,0,2033,7135,54074
Dorset,dorset,2020/21,4554,215,770,1,9,818,0,1813,6367,48077,4554,215,770,1,9,818,0,1813,6367,48077,4365,157,768,0,6,793,0,1724,6089,47289,4365,157,768,0,6,793,0,1724,6089,47289
Dorset,dorset,2021/22,3833,154,772,1,4,793,0,1724,5557,50290,3833,154,772,1,4,793,0,1724,5557,50290,4040,173,795,1,4,817,1,1791,5831,51212,4040,173,795,1,4,817,1,1791,5831,51212
Dorset,dorset,2022/23,3812,143,731,0,0,969,0,1843,5655,51356,3812,143,731,0,0,969,0,1843,5655,51356,3972,145,719,0,0,989,29,1882,5854,52303,3972,145,719,0,0,989,29,1882,5854,52303
Dorset,dorset,2023/24,4285,106,643,0,0,1196,122,2067,6352,51840,4285,106,643,0,0,1196,122,2067,6352,51840,4666,126,623,0,0,1195,125,2069,6735,51422,4666,126,623,0,0,1195,125,2069,6735,51422
Dorset,dorset,2024/25,5019,129,627,0,0,1195,123,2074,7093,50518,5019,129,627,0,0,1195,123,2074,7093,50518,4935,107,640,0,0,1213,129,2089,7024,50313,4935,107,640,0,0,1213,129,2089,7024,50313
Dorset,dorset,2025/26,5581,108,566,0,2,1449,166,2291,7872,47954,5581,108,566,0,2,1449,166,2291,7872,47954,4229,77,508,0,2,1350,144,2081,6310,43570,4229,77,508,0,2,1350,144,2081,6310,43570
Durham,durham,2014/15,7618,346,2121,469,382,2374,0,5692,13310,31036,7616,346,2120,469,382,2374,0,5691,13307,31033,7641,297,2152,468,379,2337,0,5633,13274,32206,7641,297,2152,468,379,2337,0,5633,13274,32206
Durham,durham,2015/16,6938,272,1785,369,307,2551,0,5284,12222,35215,6938,272,1785,369,307,2551,0,5284,12222,35215,6927,291,1782,370,309,2684,0,5436,12363,36342,6927,291,1782,370,309,2684,0,5436,12363,36342
Durham,durham,2016/17,6127,256,1620,383,272,2496,0,5027,11154,45601,6127,256,1620,383,272,2496,0,5027,11154,45601,6219,270,1638,387,276,2632,0,5203,11422,46583,6219,270,1638,387,276,2632,0,5203,11422,46583
Durham,durham,2017/18,6008,228,1209,278,316,5567,0,7598,13606,61034,6008,228,1209,278,316,5567,0,7598,13606,61034,6138,240,1204,275,315,5553,0,7587,13725,61356,6138,240,1204,275,315,5553,0,7587,13725,61356
Durham,durham,2018/19,6303,225,975,215,362,6060,0,7837,14140,63732,6303,225,975,215,362,6060,0,7837,14140,63732,6340,194,989,216,365,5960,19,7743,14083,63744,6340,194,989,216,365,5960,19,7743,14083,63744
Durham,durham,2019/20,5478,138,820,185,374,3778,385,5680,11158,63937,5478,138,820,185,374,3778,385,5680,11158,63937,5607,144,805,181,372,3659,411,5572,11179,64384,5607,144,805,181,372,3659,411,5572,11179,64384
Durham,durham,2020/21,4930,128,590,81,186,2383,849,4217,9147,54425,4930,128,590,81,186,2383,849,4217,9147,54425,4854,134,589,84,180,2367,882,4236,9090,55537,4854,134,589,84,180,2367,882,4236,9090,55537
Durham,durham,2021/22,4416,123,960,14,1,2141,765,4004,8420,57949,4416,123,960,14,1,2141,765,4004,8420,57949,4914,105,980,11,1,2271,810,4178,9092,58704,4914,105,980,11,1,2271,810,4178,9092,58704
Durham,durham,2022/23,5307,113,1030,42,18,2997,714,4914,10221,64489,5307,113,1030,42,18,2997,714,4914,10221,64489,5300,134,1026,46,20,3007,710,4943,10243,63831,5300,134,1026,46,20,3007,710,4943,10243,63831
Durham,durham,2023/24,6033,131,1100,16,12,2204,608,4071,10104,64255,6033,131,1100,16,12,2204,608,4071,10104,64255,6326,100,1128,12,10,2088,588,3926,10252,64046,6326,100,1128,12,10,2088,588,3926,10252,64046
Durham,durham,2024/25,7358,64,869,5,0,1471,463,2872,10230,60199,7358,64,869,5,0,1471,463,2872,10230,60199,7045,57,803,6,0,1387,602,2855,9900,58842,7045,57,803,6,0,1387,602,2855,9900,58842
Durham,durham,2025/26,7143,62,563,8,0,1242,614,2489,9632,57786,7143,62,563,8,0,1242,614,2489,9632,57786,6242,46,535,7,0,1193,461,2242,8484,55644,6242,46,535,7,0,1193,461,2242,8484,55644
Dyfed-Powys,dyfed-powys,2014/15,4615,222,1406,353,821,569,0,3371,7986,17608,4615,222,1406,353,821,569,0,3371,7986,17598,1762,88,561,154,322,352,0,1477,3239,8007,1762,88,561,154,322,352,0,1477,3239,8007
Dyfed-Powys,dyfed-powys,2015/16,4072,189,974,250,726,1330,0,3469,7541,19675,4072,189,974,250,726,1330,0,3469,7541,19675,3467,168,913,284,736,1166,0,3267,6734,18049,3467,168,913,284,736,1166,0,3267,6734,18049
Dyfed-Powys,dyfed-powys,2016/17,3622,172,866,180,598,1315,0,3131,6753,24886,3622,172,866,180,598,1315,0,3131,6753,24886,3431,174,874,184,594,1295,0,3121,6552,23107,3431,174,874,184,594,1295,0,3121,6552,23107
Dyfed-Powys,dyfed-powys,2017/18,3512,146,827,139,545,1333,0,2990,6502,26128,3512,146,827,139,545,1333,0,2990,6502,26128,3579,131,835,130,541,1316,0,2953,6532,26614,3579,131,835,130,541,1316,0,2953,6532,26614
Dyfed-Powys,dyfed-powys,2018/19,3968,153,833,116,497,1241,0,2840,6808,29442,3968,153,833,116,497,1241,0,2840,6808,29442,3983,160,839,121,497,1269,14,2900,6883,30233,3983,160,839,121,497,1269,14,2900,6883,30233
Dyfed-Powys,dyfed-powys,2019/20,3490,132,668,49,327,1067,234,2477,5967,33451,3490,132,668,49,327,1067,234,2477,5967,33451,3232,108,624,43,322,987,266,2350,5582,31705,3232,108,624,43,322,987,266,2350,5582,31705
Dyfed-Powys,dyfed-powys,2020/21,2929,65,519,0,0,971,315,1870,4799,31107,2929,65,519,0,0,971,315,1870,4799,31107,2935,66,535,0,0,984,276,1861,4796,31923,2935,66,535,0,0,984,276,1861,4796,31923
Dyfed-Powys,dyfed-powys,2021/22,2626,94,450,1,1,970,105,1621,4247,41398,2626,94,450,1,1,970,105,1621,4247,41398,2778,118,442,1,1,1005,169,1736,4514,42107,2778,118,442,1,1,1005,169,1736,4514,42107
Dyfed-Powys,dyfed-powys,2022/23,3537,152,623,0,3,1901,329,3008,6545,43951,3537,152,623,0,3,1901,329,3008,6545,43951,3401,161,619,0,3,1963,265,3011,6412,42635,3401,161,619,0,3,1963,265,3011,6412,42635
Dyfed-Powys,dyfed-powys,2023/24,2223,310,514,2,0,1717,82,2625,4848,34254,2223,310,514,2,0,1717,82,2625,4848,34254,2664,337,531,0,0,1775,135,2778,5442,35563,2664,337,531,0,0,1775,135,2778,5442,35563
Dyfed-Powys,dyfed-powys,2024/25,3228,283,443,0,0,2219,250,3195,6423,37954,3228,283,443,0,0,2219,250,3195,6423,37954,2887,276,427,0,0,2104,253,3060,5947,37108,2887,276,427,0,0,2104,253,3060,5947,37108
Dyfed-Powys,dyfed-powys,2025/26,3320,200,344,0,0,1650,192,2386,5706,35968,3320,200,344,0,0,1650,192,2386,5706,35968,2637,155,279,0,0,1516,150,2100,4737,32632,2637,155,279,0,0,1516,150,2100,4737,32632
Essex,essex,2014/15,16404,750,2954,772,1115,4259,0,9850,26254,101219,16393,750,2949,772,1115,4259,0,9845,26238,101164,16360,718,2962,774,1133,4335,0,9922,26282,100191,16360,718,2962,774,1133,4335,0,9922,26282,100191
Essex,essex,2015/16,13746,590,2369,481,743,5376,0,9559,23305,108701,13746,590,2369,481,743,5376,0,9559,23305,108701,12342,548,2262,467,719,5021,0,9017,21359,101281,12342,548,2262,467,719,5021,0,9017,21359,101281
Essex,essex,2016/17,13915,362,2128,342,917,5672,0,9421,23336,122878,13915,362,2128,342,917,5672,0,9421,23336,122878,9582,296,1616,250,670,4531,0,7363,16945,94484,9582,296,1616,250,670,4531,0,7363,16945,94484
Essex,essex,2017/18,12229,110,1234,206,1079,6375,1,9005,21234,130102,12229,110,1234,206,1079,6375,1,9005,21234,130102,12946,141,1308,204,1100,6482,2,9237,22183,133610,12946,141,1308,204,1100,6482,2,9237,22183,133610
Essex,essex,2018/19,13750,189,1219,174,1598,6610,20,9810,23560,155260,13750,189,1219,174,1598,6610,20,9810,23560,155260,14306,175,1180,175,1616,6678,91,9915,24221,158199,14306,175,1180,175,1616,6678,91,9915,24221,158199
Essex,essex,2019/20,13858,175,1079,103,890,7031,1049,10327,24185,168137,13858,175,1079,103,890,7031,1049,10327,24185,168137,14048,177,1136,95,832,7048,1096,10384,24432,166813,14048,177,1136,95,832,7048,1096,10384,24432,166813
Essex,essex,2020/21,13756,128,1447,4,6,8528,2145,12258,26014,147535,13756,128,1447,4,6,8528,2145,12258,26014,147535,13492,118,1445,4,5,8474,2252,12298,25790,148288,13492,118,1445,4,5,8474,2252,12298,25790,148288
Essex,essex,2021/22,12025,94,1578,2,0,7619,3019,12312,24337,164211,12025,94,1578,2,0,7619,3019,12312,24337,164211,12372,110,1589,2,0,7727,3076,12504,24876,166610,12372,110,1589,2,0,7727,3076,12504,24876,166610
Essex,essex,2022/23,13430,159,1741,0,0,7272,3247,12419,25849,165621,13430,159,1741,0,0,7272,3247,12419,25849,165621,13200,172,1728,0,1,7197,3358,12456,25656,164021,13200,172,1728,0,1,7197,3358,12456,25656,164021
Essex,essex,2023/24,13841,193,1564,1,5,6252,2772,10787,24628,151854,13841,193,1564,1,5,6252,2772,10787,24628,151854,14076,173,1573,1,4,6258,2647,10656,24732,153787,14076,173,1573,1,4,6258,2647,10656,24732,153787
Essex,essex,2024/25,14436,132,1430,2,4,5767,2246,9581,24017,143666,14436,132,1430,2,4,5767,2246,9581,24017,143666,14341,128,1447,2,4,5768,2242,9591,23932,143429,14341,128,1447,2,4,5768,2242,9591,23932,143429
Essex,essex,2025/26,16875,100,1495,2,3,6144,2577,10321,27196,144987,16875,100,1495,2,3,6144,2577,10321,27196,144987,14713,84,1356,2,3,5871,2443,9759,24472,135902,14713,84,1356,2,3,5871,2443,9759,24472,135902
Gloucestershire,gloucestershire,2014/15,4202,246,740,128,240,778,0,2132,6334,29078,4199,246,740,128,240,778,0,2132,6331,29044,4286,244,728,129,224,751,0,2076,6362,29203,4286,244,728,129,224,751,0,2076,6362,29203
Gloucestershire,gloucestershire,2015/16,4231,183,629,106,162,611,0,1691,5922,29696,4231,183,629,106,162,611,0,1691,5922,29696,4199,192,655,104,203,604,0,1758,5957,29927,4199,192,655,104,203,604,0,1758,5957,29927
Gloucestershire,gloucestershire,2016/17,4125,148,602,72,199,457,0,1478,5603,30754,4125,148,602,72,199,457,0,1478,5603,30752,4231,146,606,80,181,479,0,1492,5723,31410,4231,146,606,80,181,479,0,1492,5723,31410
Gloucestershire,gloucestershire,2017/18,4048,122,538,96,280,548,0,1584,5632,34467,4048,122,538,96,280,548,0,1584,5632,34463,4195,101,531,94,276,600,5,1607,5802,34279,4195,101,531,94,276,600,5,1607,5802,34279
Gloucestershire,gloucestershire,2018/19,3793,32,464,82,264,617,0,1459,5252,36165,3793,32,464,82,264,617,0,1459,5252,36165,3901,30,472,78,279,555,45,1459,5360,35602,3901,30,472,78,279,555,45,1459,5360,35602
Gloucestershire,gloucestershire,2019/20,3682,20,489,64,360,380,207,1520,5202,40925,3682,20,489,64,360,380,207,1520,5202,40925,3826,24,504,61,331,345,208,1473,5299,41301,3826,24,504,61,331,345,208,1473,5299,41301
Gloucestershire,gloucestershire,2020/21,3264,31,404,68,390,229,156,1278,4542,35969,3264,31,404,68,390,229,156,1278,4542,35969,3353,24,446,71,416,219,157,1333,4686,37044,3353,24,446,71,416,219,157,1333,4686,37044
Gloucestershire,gloucestershire,2021/22,2951,14,332,41,178,360,212,1137,4088,43093,2951,14,332,41,178,360,212,1137,4088,43093,3302,21,316,32,142,495,271,1277,4579,47218,3302,21,316,32,142,495,271,1277,4579,47218
Gloucestershire,gloucestershire,2022/23,3291,10,349,0,3,774,848,1984,5275,56325,3291,10,349,0,3,774,848,1984,5275,56325,3379,11,333,0,0,897,875,2116,5495,57506,3379,11,333,0,0,897,875,2116,5495,57506
Gloucestershire,gloucestershire,2023/24,3599,20,341,0,0,1987,479,2827,6426,55424,3599,20,341,0,0,1987,479,2827,6426,55424,3439,15,324,0,0,2059,347,2745,6184,52178,3439,15,324,0,0,2059,347,2745,6184,52178
Gloucestershire,gloucestershire,2024/25,3441,9,304,0,0,2341,198,2852,6293,45963,3441,9,304,0,0,2341,198,2852,6293,45963,3095,15,294,0,0,2229,224,2762,5857,44986,3095,15,294,0,0,2229,224,2762,5857,44986
Gloucestershire,gloucestershire,2025/26,3126,31,300,0,0,1880,236,2447,5573,42563,3126,31,300,0,0,1880,236,2447,5573,42563,2394,23,260,0,1,1817,170,2271,4665,39702,2394,23,260,0,1,1817,170,2271,4665,39702
Greater Manchester,greater-manchester,2014/15,34207,1131,4094,1121,1702,9850,0,17898,52105,200494,34192,1131,4092,1121,1702,9849,0,17895,52087,200470,32490,1073,3993,1081,1648,9794,0,17589,50079,200011,32490,1073,3993,1081,1648,9794,0,17589,50079,200011
Greater Manchester,greater-manchester,2015/16,27423,865,3115,779,1148,9709,0,15616,43039,223809,27423,865,3115,779,1148,9709,0,15616,43039,223809,27422,899,3127,784,1161,9717,0,15688,43110,224687,27422,899,3127,784,1161,9717,0,15688,43110,224687
Greater Manchester,greater-manchester,2016/17,23113,727,2484,456,999,8717,0,13383,36496,263491,23113,727,2484,456,999,8717,0,13383,36496,263490,23675,700,2432,453,996,8689,0,13270,36945,267301,23675,700,2432,453,996,8689,0,13270,36945,267301
Greater Manchester,greater-manchester,2017/18,21258,590,1957,345,864,6444,0,10200,31458,333663,21258,590,1957,345,864,6444,0,10200,31458,333663,22222,600,2002,341,861,6313,0,10117,32339,339037,22222,600,2002,341,861,6313,0,10117,32339,339037
Greater Manchester,greater-manchester,2018/19,21101,524,1689,265,1046,4852,0,8376,29477,333014,21101,524,1689,265,1046,4852,0,8376,29477,333014,20454,462,1664,260,1048,4963,0,8397,28851,328601,20454,462,1664,260,1048,4963,0,8397,28851,328601
Greater Manchester,greater-manchester,2019/20,4833,99,377,75,346,1208,2,2107,6940,74369,4833,99,377,75,346,1208,2,2107,6940,74369,3689,34,295,77,341,861,6,1614,5303,65561,3689,34,295,77,341,861,6,1614,5303,65561
Greater Manchester,greater-manchester,2020/21,16848,293,1190,257,1988,3326,381,7435,24283,261399,16848,293,1190,257,1988,3326,381,7435,24283,261399,17310,326,1271,266,2000,3974,426,8263,25573,273213,17310,326,1271,266,2000,3974,426,8263,25573,273213
Greater Manchester,greater-manchester,2021/22,18584,390,1344,254,1150,5166,687,8991,27575,343644,18584,390,1344,254,1150,5166,687,8991,27575,343644,20708,450,1336,240,1129,5423,759,9337,30045,351065,20708,450,1336,240,1129,5423,759,9337,30045,351065
Greater Manchester,greater-manchester,2022/23,26546,537,1958,6,260,4863,949,8573,35119,378315,26546,537,1958,6,260,4863,949,8573,35119,378315,25790,510,2098,4,252,5355,1026,9245,35035,371214,25790,510,2098,4,252,5355,1026,9245,35035,371214
Greater Manchester,greater-manchester,2023/24,27597,420,2662,2,214,6207,1200,10705,38302,342955,27597,420,2662,2,214,6207,1200,10705,38302,342955,26885,388,2745,1,198,6164,1243,10739,37624,340988,26885,388,2745,1,198,6164,1243,10739,37624,340988
Greater Manchester,greater-manchester,2024/25,29302,386,3035,1,1,8875,1743,14041,43343,313819,29302,386,3035,1,1,8875,1743,14041,43343,313819,28854,372,3057,0,0,8368,2036,13833,42687,315369,28854,372,3057,0,0,8368,2036,13833,42687,315369
Greater Manchester,greater-manchester,2025/26,33878,336,4099,0,0,14602,2039,21076,54954,321870,33878,336,4099,0,0,14602,2039,21076,54954,321870,28678,264,3767,0,0,13741,1649,19421,48099,298768,28678,264,3767,0,0,13741,1649,19421,48099,298768
Gwent,gwent,2014/15,6670,292,1649,757,291,632,0,3621,10291,37145,6668,292,1649,757,291,632,0,3621,10289,37142,6318,289,1581,711,278,644,0,3503,9821,36257,6318,289,1581,711,278,644,0,3503,9821,36257
Gwent,gwent,2015/16,5815,261,1339,1055,273,814,0,3742,9557,37033,5815,261,1339,1055,273,814,0,3742,9557,37033,5862,257,1310,544,275,837,0,3223,9085,37545,5862,257,1310,544,275,837,0,3223,9085,37545
Gwent,gwent,2016/17,5089,182,1147,431,169,759,0,2688,7777,39262,5089,182,1147,431,169,759,0,2688,7777,39262,5315,203,1186,445,162,762,0,2758,8073,40211,5315,203,1186,445,162,762,0,2758,8073,40211
Gwent,gwent,2017/18,4966,221,1022,373,191,611,0,2418,7384,45899,4966,221,1022,373,191,611,0,2418,7384,45898,5108,197,1048,367,199,585,0,2396,7504,46624,5108,197,1048,367,199,585,0,2396,7504,46624
Gwent,gwent,2018/19,4509,86,905,298,231,647,0,2167,6676,54432,4509,86,905,298,231,647,0,2167,6676,54432,5088,79,915,308,247,732,8,2289,7377,58193,5088,79,915,308,247,732,8,2289,7377,58193
Gwent,gwent,2019/20,4686,71,725,252,276,557,139,2020,6706,55259,4686,71,725,252,276,557,139,2020,6706,55259,4455,82,679,246,265,570,195,2037,6492,56133,4455,82,679,246,265,570,195,2037,6492,56133
Gwent,gwent,2020/21,4860,83,635,288,381,1125,205,2717,7577,51634,4860,83,635,288,381,1125,205,2717,7577,51634,4519,79,630,297,397,1271,190,2864,7383,47601,4519,79,630,297,397,1271,190,2864,7383,47601
Gwent,gwent,2021/22,3974,60,438,135,189,1190,170,2182,6156,42262,3974,60,438,135,189,1190,170,2182,6156,42262,4007,63,501,104,158,1193,206,2225,6232,53002,4007,63,501,104,158,1193,206,2225,6232,53002
Gwent,gwent,2022/23,3847,71,521,3,5,1245,183,2028,5875,62896,3847,71,521,3,5,1245,183,2028,5875,62896,4205,72,491,0,4,1331,154,2052,6257,57833,4205,72,491,0,4,1331,154,2052,6257,57833
Gwent,gwent,2023/24,4656,76,348,1,0,2282,189,2896,7552,56969,4656,76,348,1,0,2282,189,2896,7552,56969,4449,55,322,0,0,2277,252,2906,7355,55797,4449,55,322,0,0,2277,252,2906,7355,55797
Gwent,gwent,2024/25,4822,45,221,0,0,2270,220,2756,7578,58069,4822,45,221,0,0,2270,220,2756,7578,58069,4503,47,260,0,0,2083,339,2729,7232,56814,4503,47,260,0,0,2083,339,2729,7232,56814
Gwent,gwent,2025/26,4597,36,315,0,0,1931,384,2666,7263,54995,4597,36,315,0,0,1931,384,2666,7263,54995,3955,18,199,0,0,1812,188,2217,6172,49891,3955,18,199,0,0,1812,188,2217,6172,49891
Hampshire,hampshire,2014/15,17145,709,3044,853,1555,4437,0,10598,27743,107224,17145,709,3044,853,1555,4437,0,10598,27743,107224,17631,728,3133,852,1564,4422,0,10699,28330,106859,17631,728,3133,852,1564,4422,0,10699,28330,106859
Hampshire,hampshire,2015/16,15795,682,2805,605,1245,2959,0,8296,24091,133530,15795,682,2805,605,1245,2959,0,8296,24091,133530,14764,694,2685,585,1210,2735,0,7909,22673,130500,14764,694,2685,585,1210,2735,0,7909,22673,130500
Hampshire,hampshire,2016/17,13344,469,2008,372,947,1723,0,5519,18863,132729,13344,469,2008,372,947,1723,0,5519,18863,132729,13938,468,1965,368,934,1847,0,5582,19520,143212,13938,468,1965,368,934,1847,0,5582,19520,143212
Hampshire,hampshire,2017/18,15334,554,2048,377,921,4275,0,8175,23509,160257,15334,554,2048,377,921,4275,0,8175,23509,160257,15606,572,2058,376,917,4420,0,8343,23949,157476,15606,572,2058,376,917,4420,0,8343,23949,157476
Hampshire,hampshire,2018/19,14652,511,1900,42,118,5444,0,8015,22667,157700,14652,511,1900,42,118,5444,0,8015,22667,157700,14903,517,1972,27,92,5553,0,8161,23064,156822,14903,517,1972,27,92,5553,0,8161,23064,156822
Hampshire,hampshire,2019/20,13474,532,1995,0,3,5998,0,8528,22002,156760,13474,532,1995,0,3,5998,0,8528,22002,156760,13047,509,2007,1,0,5917,3,8437,21484,158259,13047,509,2007,1,0,5917,3,8437,21484,158259
Hampshire,hampshire,2020/21,11105,452,1764,2,0,6041,39,8298,19403,134017,11105,452,1764,2,0,6041,39,8298,19403,134017,10969,479,1755,2,0,6114,102,8452,19421,135635,10969,479,1755,2,0,6114,102,8452,19421,135635
Hampshire,hampshire,2021/22,9378,484,2015,0,0,8213,220,10932,20310,147171,9378,484,2015,0,0,8213,220,10932,20310,147171,10253,473,2103,1,0,8446,303,11326,21579,169326,10253,473,2103,1,0,8446,303,11326,21579,169326
Hampshire,hampshire,2022/23,10537,397,1981,2,0,8556,285,11221,21758,190280,10537,397,1981,2,0,8556,285,11221,21758,190280,10757,342,1913,0,0,8646,467,11368,22125,173002,10757,342,1913,0,0,8646,467,11368,22125,173002
Hampshire,hampshire,2023/24,12403,279,1741,0,0,8630,617,11267,23670,161723,12403,279,1741,0,0,8630,617,11267,23670,161723,12967,291,1840,0,0,8845,631,11607,24574,158386,12967,291,1840,0,0,8845,631,11607,24574,158386
Hampshire,hampshire,2024/25,15021,244,1870,1,0,8700,679,11494,26515,156765,15021,244,1870,1,0,8700,679,11494,26515,156765,13857,211,1721,1,0,8306,730,10969,24826,152392,13857,211,1721,1,0,8306,730,10969,24826,152392
Hampshire,hampshire,2025/26,14825,233,1799,0,1,9155,629,11817,26642,154394,14825,233,1799,0,1,9155,629,11817,26642,154394,12456,191,1593,0,1,8780,289,10854,23310,142235,12456,191,1593,0,1,8780,289,10854,23310,142235
Hertfordshire,hertfordshire,2014/15,11570,213,3151,1344,1345,800,0,6853,18423,48403,11560,213,3149,1344,1345,800,0,6851,18411,48385,9306,293,2657,989,1132,670,0,5741,15047,46805,9306,293,2657,989,1132,670,0,5741,15047,46805
Hertfordshire,hertfordshire,2015/16,8630,216,2506,954,1072,707,0,5455,14085,55734,8630,216,2506,954,1072,707,0,5455,14085,55734,9977,276,2711,989,1113,807,0,5896,15873,63326,9977,276,2711,989,1113,807,0,5896,15873,63326
Hertfordshire,hertfordshire,2016/17,9503,272,2401,724,995,951,0,5343,14846,67864,9503,272,2401,724,995,951,0,5343,14846,67864,10191,266,2476,713,996,1259,0,5710,15901,72616,10191,266,2476,713,996,1259,0,5710,15901,72616
Hertfordshire,hertfordshire,2017/18,8649,211,1794,430,974,1443,0,4852,13501,80242,8649,211,1794,430,974,1443,0,4852,13501,80242,9244,212,1869,437,999,1403,0,4920,14164,78611,9244,212,1869,437,999,1403,0,4920,14164,78611
Hertfordshire,hertfordshire,2018/19,9474,210,1961,334,956,1294,0,4755,14229,83945,9474,210,1961,334,956,1294,0,4755,14229,83945,8412,184,1763,321,946,1098,0,4312,12724,82703,8412,184,1763,321,946,1098,0,4312,12724,82703
Hertfordshire,hertfordshire,2019/20,7149,142,1131,111,481,1278,4,3147,10296,79097,7149,142,1131,111,481,1278,4,3147,10296,79097,7735,159,1125,94,434,1626,12,3450,11185,80531,7735,159,1125,94,434,1626,12,3450,11185,80531
Hertfordshire,hertfordshire,2020/21,6221,118,883,3,9,2261,67,3341,9562,70583,6221,118,883,3,9,2261,67,3341,9562,70583,6484,109,936,2,0,2174,83,3304,9788,71182,6484,109,936,2,0,2174,83,3304,9788,71182
Hertfordshire,hertfordshire,2021/22,5420,109,906,0,1,1708,83,2807,8227,71442,5420,109,906,0,1,1708,83,2807,8227,71442,5648,115,924,0,0,1698,72,2809,8457,74384,5648,115,924,0,0,1698,72,2809,8457,74384
Hertfordshire,hertfordshire,2022/23,6010,112,932,0,0,1740,58,2842,8852,76206,6010,112,932,0,0,1740,58,2842,8852,76206,5951,115,967,0,0,1722,66,2870,8821,76044,5951,115,967,0,0,1722,66,2870,8821,76044
Hertfordshire,hertfordshire,2023/24,6587,121,961,0,0,1703,55,2840,9427,76172,6587,121,961,0,0,1703,55,2840,9427,76172,6145,117,906,0,0,1677,63,2763,8908,74172,6145,117,906,0,0,1677,63,2763,8908,74172
Hertfordshire,hertfordshire,2024/25,6485,120,970,0,0,1949,270,3309,9794,81132,6485,120,970,0,0,1949,270,3309,9794,81132,6457,109,959,0,0,1901,320,3289,9746,81299,6457,109,959,0,0,1901,320,3289,9746,81299
Hertfordshire,hertfordshire,2025/26,7415,63,1131,0,0,3231,391,4816,12231,86980,7415,63,1131,0,0,3231,391,4816,12231,86980,5706,44,1011,0,0,3137,365,4557,10263,78135,5706,44,1011,0,0,3137,365,4557,10263,78135
Humberside,humberside,2014/15,11692,278,1337,377,402,2069,0,4463,16155,67394,11662,278,1336,377,402,2069,0,4462,16124,67345,11805,273,1301,380,409,2009,0,4372,16177,66220,11805,273,1301,380,409,2009,0,4372,16177,66220
Humberside,humberside,2015/16,10802,234,1174,226,263,1824,0,3721,14523,69517,10802,234,1174,226,263,1824,0,3721,14523,69517,10442,233,1153,225,267,1779,0,3657,14099,68946,10442,233,1153,225,267,1779,0,3657,14099,68946
Humberside,humberside,2016/17,11691,212,1464,138,193,2157,0,4164,15855,76435,11691,212,1464,138,193,2157,0,4164,15855,76435,11457,196,1437,132,188,2172,0,4125,15582,76096,11457,196,1437,132,188,2172,0,4125,15582,76096
Humberside,humberside,2017/18,10013,190,1176,91,162,1698,0,3317,13330,82421,10013,190,1176,91,162,1698,0,3317,13330,82421,10365,180,1190,85,168,1743,1,3367,13732,84380,10365,180,1190,85,168,1743,1,3367,13732,84380
Humberside,humberside,2018/19,11224,127,1003,128,222,1996,1,3477,14701,101824,11224,127,1003,128,222,1996,1,3477,14701,101824,11404,114,1015,129,218,2005,34,3515,14919,102695,11404,114,1015,129,218,2005,34,3515,14919,102695
Humberside,humberside,2019/20,10502,113,1064,69,330,2311,467,4354,14856,100717,10502,113,1064,69,330,2311,467,4354,14856,100717,10485,125,1069,67,329,2249,487,4326,14811,99546,10485,125,1069,67,329,2249,487,4326,14811,99546
Humberside,humberside,2020/21,9509,96,1179,59,604,4514,597,7049,16558,85869,9509,96,1179,59,604,4514,597,7049,16558,85869,9264,82,1192,64,616,4684,613,7251,16515,85278,9264,82,1192,64,616,4684,613,7251,16515,85278
Humberside,humberside,2021/22,8710,127,1251,87,519,3984,1019,6987,15697,90409,8710,127,1251,87,519,3984,1019,6987,15697,90409,7845,122,1169,86,514,3774,1038,6703,14548,87349,7845,122,1169,86,514,3774,1038,6703,14548,87349
Humberside,humberside,2022/23,8358,116,1123,93,371,2729,1343,5775,14133,96601,8358,116,1123,93,371,2729,1343,5775,14133,96601,6997,65,949,87,353,2357,1064,4875,11872,88181,6997,65,949,87,353,2357,1064,4875,11872,88181
Humberside,humberside,2023/24,10734,83,1277,6,9,6474,414,8263,18997,103441,10734,83,1277,6,9,6474,414,8263,18997,103441,7587,22,854,0,2,4578,235,5691,13278,83430,7587,22,854,0,2,4578,235,5691,13278,83430
Humberside,humberside,2024/25,11620,107,972,0,0,6392,333,7804,19424,96610,11620,107,972,0,0,6392,333,7804,19424,96610,8828,31,588,0,0,5273,192,6084,14912,81787,8828,31,588,0,0,5273,192,6084,14912,81787
Humberside,humberside,2025/26,11458,102,844,0,1,5957,336,7240,18698,93610,11458,102,844,0,1,5957,336,7240,18698,93610,9425,63,677,0,1,5080,240,6061,15486,83746,9425,63,677,0,1,5080,240,6061,15486,83746
Kent,kent,2014/15,15967,790,2867,1024,724,2104,0,7509,23476,111552,15967,790,2867,1024,724,2104,0,7509,23476,111546,15816,732,2855,1019,724,2129,0,7459,23275,109998,15816,732,2855,1019,724,2129,0,7459,23275,109998
Kent,kent,2015/16,11483,367,1694,549,658,2311,0,5579,17062,105921,11483,367,1694,549,658,2311,0,5579,17062,105921,12853,446,1778,565,666,2459,0,5914,18767,111965,12853,446,1778,565,666,2459,0,5914,18767,111965
Kent,kent,2016/17,13070,292,1878,351,658,2163,0,5342,18412,125704,13070,292,1878,351,658,2163,0,5342,18412,125704,13352,261,1924,358,659,2296,0,5498,18850,127391,13352,261,1924,358,659,2296,0,5498,18850,127391
Kent,kent,2017/18,13962,227,1735,309,521,2194,0,4986,18948,172459,13962,227,1735,309,521,2194,0,4986,18948,172459,13993,236,1752,302,526,2195,0,5011,19004,174975,13993,236,1752,302,526,2195,0,5011,19004,174975
Kent,kent,2018/19,10734,174,1673,230,537,1377,0,3991,14725,196550,10734,174,1673,230,537,1377,0,3991,14725,196550,11865,190,1779,244,583,1388,1,4185,16050,199994,11865,190,1779,244,583,1388,1,4185,16050,199994
Kent,kent,2019/20,10830,338,2092,261,758,1947,5,5401,16231,192055,10830,338,2092,261,758,1947,5,5401,16231,192055,11804,355,2055,257,732,1936,29,5364,17168,190636,11804,355,2055,257,732,1936,29,5364,17168,190636
Kent,kent,2020/21,13275,345,2112,448,1124,2845,219,7093,20368,165234,13275,345,2112,448,1124,2845,219,7093,20368,165234,13028,303,2111,454,1119,2887,223,7097,20125,167052,13028,303,2111,454,1119,2887,223,7097,20125,167052
Kent,kent,2021/22,12049,291,1989,291,737,3040,340,6688,18737,180487,12049,291,1989,291,737,3040,340,6688,18737,180487,12479,323,2003,261,716,2995,364,6662,19141,180723,12479,323,2003,261,716,2995,364,6662,19141,180723
Kent,kent,2022/23,13663,378,1861,4,32,2746,250,5271,18934,175836,13663,378,1861,4,32,2746,250,5271,18934,175836,14053,386,1859,1,25,2699,230,5200,19253,174761,14053,386,1859,1,25,2699,230,5200,19253,174761
Kent,kent,2023/24,14344,361,1589,1,2,3568,376,5897,20241,164822,14344,361,1589,1,2,3568,376,5897,20241,164822,14296,349,1739,1,1,3923,439,6452,20748,165666,14296,349,1739,1,1,3923,439,6452,20748,165666
Kent,kent,2024/25,15535,289,1593,0,0,6540,536,8958,24493,162711,15535,289,1593,0,0,6540,536,8958,24493,162711,14784,299,1440,0,0,6460,595,8794,23578,160917,14784,299,1440,0,0,6460,595,8794,23578,160917
Kent,kent,2025/26,16759,309,1375,0,1,7025,663,9373,26132,154985,16759,309,1375,0,1,7025,663,9373,26132,154985,14106,239,1257,0,1,6813,586,8896,23002,147623,14106,239,1257,0,1,6813,586,8896,23002,147623
Lancashire,lancashire,2014/15,16757,414,2872,639,668,4845,0,9438,26195,89656,16739,414,2872,639,668,4845,0,9438,26177,89630,16644,416,2900,635,674,4763,0,9388,26032,89872,16644,416,2900,635,674,4763,0,9388,26032,89872
Lancashire,lancashire,2015/16,13788,346,2698,614,372,3287,0,7317,21105,92690,13788,346,2698,614,372,3287,0,7317,21105,92690,13697,331,2700,615,371,3353,0,7370,21067,93223,13697,331,2700,615,371,3353,0,7370,21067,93223
Lancashire,lancashire,2016/17,11430,285,1866,618,0,4112,0,6881,18311,102094,11430,285,1866,618,0,4112,0,6881,18311,102094,11779,289,1859,618,0,4097,0,6863,18642,104149,11779,289,1859,618,0,4097,0,6863,18642,104149
Lancashire,lancashire,2017/18,12881,238,1510,516,2,3664,0,5930,18811,123824,12881,238,1510,516,2,3664,0,5930,18811,123824,12921,230,1493,512,0,3691,0,5926,18847,124768,12921,230,1493,512,0,3691,0,5926,18847,124768
Lancashire,lancashire,2018/19,11837,183,1420,463,0,3250,0,5316,17153,151027,11837,183,1420,463,0,3250,0,5316,17153,151027,12481,185,1476,506,0,3549,2,5718,18199,161269,12481,185,1476,506,0,3549,2,5718,18199,161269
Lancashire,lancashire,2019/20,11040,170,1328,400,0,2359,1,4258,15298,128646,11040,170,1328,400,0,2359,1,4258,15298,128646,12342,187,1441,468,0,2420,13,4529,16871,142543,12342,187,1441,468,0,2420,13,4529,16871,142543
Lancashire,lancashire,2020/21,10780,154,1271,511,0,1672,95,3703,14483,124854,10780,154,1271,511,0,1672,95,3703,14483,124854,10430,141,1245,512,0,1616,120,3634,14064,118514,10430,141,1245,512,0,1616,120,3634,14064,118514
Lancashire,lancashire,2021/22,9918,116,1412,516,0,2752,194,4990,14908,139939,9918,116,1412,516,0,2752,194,4990,14908,139939,10008,141,1396,436,0,2891,209,5073,15081,136736,10008,141,1396,436,0,2891,209,5073,15081,136736
Lancashire,lancashire,2022/23,10808,185,1489,438,0,4469,233,6814,17622,135054,10808,185,1489,438,0,4469,233,6814,17622,135054,10865,190,1506,441,0,4487,208,6832,17697,130838,10865,190,1506,441,0,4487,208,6832,17697,130838
Lancashire,lancashire,2023/24,11976,212,2033,399,0,7928,146,10718,22694,130440,11976,212,2033,399,0,7928,146,10718,22694,130440,12002,220,2041,393,0,8209,146,11009,23011,128466,12002,220,2041,393,0,8209,146,11009,23011,128466
Lancashire,lancashire,2024/25,13941,189,2228,456,0,10930,163,13966,27907,130330,13941,189,2228,456,0,10930,163,13966,27907,130330,13293,195,2197,450,0,10608,189,13639,26932,128329,13293,195,2197,450,0,10608,189,13639,26932,128329
Lancashire,lancashire,2025/26,14629,195,2475,494,0,8707,331,12202,26831,128723,14629,195,2475,494,0,8707,331,12202,26831,128723,12935,160,2367,481,0,8619,312,11939,24874,123224,12935,160,2367,481,0,8619,312,11939,24874,123224
Leicestershire,leicestershire,2014/15,9360,437,1611,310,402,1992,0,4752,14112,60121,9357,437,1611,310,402,1992,0,4752,14109,60098,0,0,0,0,0,0,0,0,0,0,0,0,0,0,0,0,0,0,0,0
Leicestershire,leicestershire,2015/16,6925,222,828,0,17,1554,0,2621,9546,52531,6925,222,828,0,17,1554,0,2621,9546,52531,7779,246,832,1,11,1751,0,2841,10620,58319,7779,246,832,1,11,1751,0,2841,10620,58319
Leicestershire,leicestershire,2016/17,7963,203,705,0,4,1721,0,2633,10596,70051,7963,203,705,0,4,1721,0,2633,10596,70051,8151,184,697,0,4,1755,0,2640,10791,70389,8151,184,697,0,4,1755,0,2640,10791,70389
Leicestershire,leicestershire,2017/18,8531,202,712,0,11,2024,0,2949,11480,87174,8531,202,712,0,11,2024,0,2949,11480,87174,8107,176,637,0,8,1882,0,2703,10810,83795,8107,176,637,0,8,1882,0,2703,10810,83795
Leicestershire,leicestershire,2018/19,7472,189,679,0,9,2789,0,3666,11138,91576,7472,189,679,0,9,2789,0,3666,11138,91576,7747,202,678,0,9,2914,0,3803,11550,91676,7747,202,678,0,9,2914,0,3803,11550,91676
Leicestershire,leicestershire,2019/20,7218,129,606,0,17,3995,0,4747,11965,93796,7218,129,606,0,17,3995,0,4747,11965,93796,7240,102,629,2,17,3959,0,4709,11949,92805,7240,102,629,2,17,3959,0,4709,11949,92805
Leicestershire,leicestershire,2020/21,6887,95,611,5,10,5142,985,6848,13735,85899,6887,95,611,5,10,5142,985,6848,13735,85899,6688,100,591,3,9,5223,984,6910,13598,86232,6688,100,591,3,9,5223,984,6910,13598,86232
Leicestershire,leicestershire,2021/22,6622,114,813,0,5,6161,910,8003,14625,98314,6622,114,813,0,5,6161,910,8003,14625,98314,7320,137,850,1,6,6324,930,8248,15568,100454,7320,137,850,1,6,6324,930,8248,15568,100454
Leicestershire,leicestershire,2022/23,7579,120,786,0,6,5658,1129,7699,15278,104734,7579,120,786,0,6,5658,1129,7699,15278,104734,7911,90,790,0,5,5643,1186,7714,15625,105690,7911,90,790,0,5,5643,1186,7714,15625,105690
Leicestershire,leicestershire,2023/24,8677,55,689,2,0,4672,1567,6985,15662,100282,8677,55,689,2,0,4672,1567,6985,15662,100282,8465,62,665,1,0,4550,1641,6919,15384,99650,8465,62,665,1,0,4550,1641,6919,15384,99650
Leicestershire,leicestershire,2024/25,9199,72,781,0,0,3581,1360,5794,14993,95687,9199,72,781,0,0,3581,1360,5794,14993,95687,9092,80,810,0,0,3540,1323,5753,14845,94495,9092,80,810,0,0,3540,1323,5753,14845,94495
Leicestershire,leicestershire,2025/26,9977,95,794,0,0,3583,1127,5599,15576,90924,9977,95,794,0,0,3583,1127,5599,15576,90924,8002,61,622,0,0,3408,981,5072,13074,84587,8002,61,622,0,0,3408,981,5072,13074,84587
Lincolnshire,lincolnshire,2014/15,6408,322,1287,421,489,1425,0,3944,10352,35492,6406,322,1287,421,489,1423,0,3942,10348,35472,6355,310,1263,415,490,1334,0,3812,10167,34842,6355,310,1263,415,490,1334,0,3812,10167,34842
Lincolnshire,lincolnshire,2015/16,6668,299,1173,363,481,1183,0,3499,10167,35439,6668,299,1173,363,481,1183,0,3499,10167,35439,6769,317,1178,370,492,1243,0,3600,10369,35971,6769,317,1178,370,492,1243,0,3600,10369,35971
Lincolnshire,lincolnshire,2016/17,6082,289,1109,279,389,1102,0,3168,9250,34759,6082,289,1109,279,389,1102,0,3168,9250,34759,6396,298,1111,273,391,1086,0,3159,9555,35342,6396,298,1111,273,391,1086,0,3159,9555,35342
Lincolnshire,lincolnshire,2017/18,5982,147,1034,180,325,1198,0,2884,8866,36393,5982,147,1034,180,325,1198,0,2884,8866,36392,6389,127,1061,186,339,1335,0,3048,9437,40422,6389,127,1061,186,339,1335,0,3048,9437,40422
Lincolnshire,lincolnshire,2018/19,5964,44,957,185,380,1258,0,2824,8788,50999,5964,44,957,185,380,1258,0,2824,8788,50999,6375,42,984,187,369,1332,0,2914,9289,52747,6375,42,984,187,369,1332,0,2914,9289,52747
Lincolnshire,lincolnshire,2019/20,5784,43,896,216,375,1131,0,2661,8445,60719,5784,43,896,216,375,1131,0,2661,8445,60719,5551,27,870,212,374,1030,0,2513,8064,59791,5551,27,870,212,374,1030,0,2513,8064,59791
Lincolnshire,lincolnshire,2020/21,5737,34,834,142,427,869,0,2306,8043,56414,5737,34,834,142,427,869,0,2306,8043,56414,4072,16,760,129,403,627,0,1935,6007,47483,4072,16,760,129,403,627,0,1935,6007,47483
Lincolnshire,lincolnshire,2021/22,3526,20,704,156,283,465,0,1628,5154,49280,3526,20,704,156,283,465,0,1628,5154,49280,3771,32,727,164,284,532,0,1739,5510,50900,3771,32,727,164,284,532,0,1739,5510,50900
Lincolnshire,lincolnshire,2022/23,4471,41,762,162,194,708,0,1867,6338,56875,4471,41,762,162,194,708,0,1867,6338,56875,4746,38,782,155,186,749,1,1911,6657,57858,4746,38,782,155,186,749,1,1911,6657,57858
Lincolnshire,lincolnshire,2023/24,5006,25,692,49,1,732,1,1500,6506,50679,5006,25,692,49,1,732,1,1500,6506,50679,5190,37,690,51,1,835,0,1614,6804,54701,5190,37,690,51,1,835,0,1614,6804,54701
Lincolnshire,lincolnshire,2024/25,5605,36,586,38,4,828,0,1492,7097,54225,5605,36,586,38,4,828,0,1492,7097,54225,5341,21,590,38,2,725,4,1380,6721,50199,5341,21,590,38,2,725,4,1380,6721,50199
Lincolnshire,lincolnshire,2025/26,6039,44,600,22,0,655,48,1369,7408,53937,6039,44,600,22,0,655,48,1369,7408,53937,5290,35,527,16,0,513,55,1146,6436,50446,5290,35,527,16,0,513,55,1146,6436,50446
Merseyside,merseyside,2014/15,17749,348,2463,2143,2097,3031,0,10082,27831,97592,17749,348,2463,2143,2097,3031,0,10082,27831,97592,17284,352,2428,2123,2059,3067,0,10029,27313,96662,17284,352,2428,2123,2059,3067,0,10029,27313,96662
Merseyside,merseyside,2015/16,15233,183,1497,1333,1471,2818,0,7302,22535,100534,15233,183,1497,1333,1471,2818,0,7302,22535,100534,15284,165,1523,1315,1455,2812,0,7270,22554,101432,15284,165,1523,1315,1455,2812,0,7270,22554,101432
Merseyside,merseyside,2016/17,14146,157,1316,952,1424,2313,0,6162,20308,109401,14146,157,1316,952,1424,2313,0,6162,20308,109401,14103,165,1296,943,1437,2311,0,6152,20255,109179,14103,165,1296,943,1437,2311,0,6152,20255,109179
Merseyside,merseyside,2017/18,14306,166,1217,910,1789,2172,0,6254,20560,125355,14306,166,1217,910,1789,2172,0,6254,20560,125355,14214,164,1201,905,1776,2152,0,6198,20412,125097,14214,164,1201,905,1776,2152,0,6198,20412,125097
Merseyside,merseyside,2018/19,14570,177,1475,899,2112,1995,0,6658,21228,133948,14570,177,1475,899,2112,1995,0,6658,21228,133948,15443,181,1519,920,2164,2023,0,6807,22250,135128,15443,181,1519,920,2164,2023,0,6807,22250,135128
Merseyside,merseyside,2019/20,14575,178,1425,1064,3004,2234,0,7905,22480,135571,14575,178,1425,1064,3004,2234,0,7905,22480,135571,15479,178,1571,1062,3013,2312,54,8190,23669,136948,15479,178,1571,1062,3013,2312,54,8190,23669,136948
Merseyside,merseyside,2020/21,15158,129,1555,646,2319,2433,2395,9477,24635,129793,15158,129,1555,646,2319,2433,2395,9477,24635,129793,14015,118,1436,614,2248,2350,2969,9735,23750,127604,14015,118,1436,614,2248,2350,2969,9735,23750,127604
Merseyside,merseyside,2021/22,12223,69,789,49,162,4102,5471,10642,22865,162622,12223,69,789,49,162,4102,5471,10642,22865,162622,13336,69,709,39,131,4373,5158,10479,23815,165111,13336,69,709,39,131,4373,5158,10479,23815,165111
Merseyside,merseyside,2022/23,13992,74,661,5,43,7027,2353,10163,24155,167085,13992,74,661,5,43,7027,2353,10163,24155,167085,14355,66,714,4,40,7010,2367,10201,24556,168565,14355,66,714,4,40,7010,2367,10201,24556,168565
Merseyside,merseyside,2023/24,15296,64,589,1,15,5745,1600,8014,23310,141865,15296,64,589,1,15,5745,1600,8014,23310,141865,16514,65,648,1,15,5750,1622,8101,24615,144479,16514,65,648,1,15,5750,1622,8101,24615,144479
Merseyside,merseyside,2024/25,17481,51,700,0,1,6369,1389,8510,25991,135159,17481,51,700,0,1,6369,1389,8510,25991,135159,16594,47,693,0,0,6239,1407,8386,24980,133851,16594,47,693,0,0,6239,1407,8386,24980,133851
Merseyside,merseyside,2025/26,18047,37,723,0,0,7451,1185,9396,27443,137849,18047,37,723,0,0,7451,1185,9396,27443,137849,14769,23,570,0,0,7198,924,8715,23484,128446,14769,23,570,0,0,7198,924,8715,23484,128446
Metropolitan Police,metropolitan-police,2014/15,89895,2192,24702,7830,14957,6778,0,56459,146354,178810,89807,2192,24701,7830,14957,6778,0,56458,146265,178700,21272,562,5859,1857,3600,2309,0,14187,35459,169175,21272,562,5859,1857,3600,2309,0,14187,35459,169175
Metropolitan Police,metropolitan-police,2015/16,97434,2350,23014,6545,13927,10115,0,55951,153385,742860,97434,2350,23014,6545,13927,10115,0,55951,153385,742858,94232,2361,22612,6444,14077,9874,0,55368,149600,739614,94232,2361,22612,6444,14077,9874,0,55368,149600,739614
Metropolitan Police,metropolitan-police,2016/17,87539,2260,18201,5499,14035,7773,0,47768,135307,775129,87539,2260,18201,5499,14035,7773,0,47768,135307,775128,84939,2200,17770,5357,13998,7554,0,46879,131818,769244,84939,2200,17770,5357,13998,7554,0,46879,131818,769244
Metropolitan Police,metropolitan-police,2017/18,71571,1712,11973,3922,13020,7694,0,38321,109892,809914,71571,1712,11973,3922,13020,7694,0,38321,109892,809914,72892,1678,12233,4020,13026,8597,0,39554,112446,813656,72892,1678,12233,4020,13026,8597,0,39554,112446,813656
Metropolitan Police,metropolitan-police,2018/19,63314,1241,8971,3861,1876,20872,0,36821,100135,846356,63314,1241,8971,3861,1876,20872,0,36821,100135,846355,64209,1286,8556,3992,1251,23211,0,38296,102505,859570,64209,1286,8556,3992,1251,23211,0,38296,102505,859570
Metropolitan Police,metropolitan-police,2019/20,58057,1074,6614,5208,204,30249,2,43351,101408,788489,58057,1074,6614,5208,204,30249,2,43351,101408,788489,61850,1182,6965,5374,201,30172,29,43923,105773,902342,61850,1182,6965,5374,201,30172,29,43923,105773,902342
Metropolitan Police,metropolitan-police,2020/21,64790,1182,6552,7540,181,33000,7,48462,113252,855072,64790,1182,6552,7540,181,33000,7,48462,113252,855072,61563,995,6106,7479,129,31387,61,46157,107720,737907,61563,995,6106,7479,129,31387,61,46157,107720,737907
Metropolitan Police,metropolitan-police,2021/22,53833,801,6057,5942,40,27274,33,40147,93980,683720,53833,801,6057,5942,40,27274,33,40147,93980,683720,54726,742,6155,5825,36,27260,35,40053,94779,825973,54726,742,6155,5825,36,27260,35,40053,94779,825973
Metropolitan Police,metropolitan-police,2022/23,52423,658,5547,4567,19,22480,90,33361,85784,911868,52423,658,5547,4567,19,22480,90,33361,85784,911868,50408,540,5087,4483,7,22317,19,32453,82861,871711,50408,540,5087,4483,7,22317,19,32453,82861,871711
Metropolitan Police,metropolitan-police,2023/24,45524,406,4105,3251,18,17019,39,24838,70362,977592,45524,406,4105,3251,18,17019,39,24838,70362,977592,46550,385,3567,3191,10,16913,60,24126,70676,909025,46550,385,3567,3191,10,16913,60,24126,70676,909025
Metropolitan Police,metropolitan-police,2024/25,42003,310,2601,2688,1,18520,116,24236,66239,924297,42003,310,2601,2688,1,18520,116,24236,66239,924297,51130,321,2876,2770,0,18325,192,24484,75614,921532,51130,321,2876,2770,0,18325,192,24484,75614,921532
Metropolitan Police,metropolitan-police,2025/26,78174,333,3415,2909,8,19483,254,26402,104576,919293,78174,333,3415,2909,8,19483,254,26402,104576,919293,56411,165,2457,2655,0,18383,178,23838,80249,830557,56411,165,2457,2655,0,18383,178,23838,80249,830557
Norfolk,norfolk,2014/15,9484,614,2461,467,689,2114,0,6345,15829,41927,9484,614,2461,467,689,2114,0,6345,15829,41927,9678,684,2384,462,700,2182,0,6412,16090,43164,9678,684,2384,462,700,2182,0,6412,16090,43164
Norfolk,norfolk,2015/16,8686,499,1933,337,500,2355,0,5624,14310,45447,8686,499,1933,337,500,2355,0,5624,14310,45447,8830,462,1942,330,496,2348,0,5578,14408,47436,8830,462,1942,330,496,2348,0,5578,14408,47436
Norfolk,norfolk,2016/17,9295,293,1719,240,483,2003,0,4738,14033,49653,9295,293,1719,240,483,2003,0,4738,14033,49653,9159,303,1679,236,455,1969,0,4642,13801,50496,9159,303,1679,236,455,1969,0,4642,13801,50496
Norfolk,norfolk,2017/18,8550,273,1589,186,374,1500,0,3922,12472,54884,8550,273,1589,186,374,1500,0,3922,12472,54884,8748,289,1626,186,380,1423,2,3906,12654,56481,8748,289,1626,186,380,1423,2,3906,12654,56481
Norfolk,norfolk,2018/19,8132,224,1672,142,482,1142,11,3673,11805,62301,8132,224,1672,142,482,1142,11,3673,11805,62301,8401,199,1674,137,483,1124,18,3635,12036,61348,8401,199,1674,137,483,1124,18,3635,12036,61348
Norfolk,norfolk,2019/20,8273,212,1447,135,621,830,294,3539,11812,66141,8273,212,1447,135,621,830,294,3539,11812,66141,8391,220,1443,130,618,786,376,3573,11964,65438,8391,220,1443,130,618,786,376,3573,11964,65438
Norfolk,norfolk,2020/21,6845,177,1293,111,765,651,434,3431,10276,62749,6845,177,1293,111,765,651,434,3431,10276,62749,6764,146,1256,121,764,633,412,3332,10096,62516,6764,146,1256,121,764,633,412,3332,10096,62516
Norfolk,norfolk,2021/22,6752,127,1207,121,520,872,381,3228,9980,67271,6752,127,1207,121,520,872,381,3228,9980,67271,6963,120,1223,116,522,963,413,3357,10320,69105,6963,120,1223,116,522,963,413,3357,10320,69105
Norfolk,norfolk,2022/23,7393,68,1124,23,110,1722,463,3510,10903,67824,7393,68,1124,23,110,1722,463,3510,10903,67824,7406,81,1119,17,93,1782,491,3583,10989,67115,7406,81,1119,17,93,1782,491,3583,10989,67115
Norfolk,norfolk,2023/24,7764,69,1100,0,7,2032,419,3627,11391,60471,7764,69,1100,0,7,2032,419,3627,11391,60471,7700,78,1063,0,6,2025,393,3565,11265,59343,7700,78,1063,0,6,2025,393,3565,11265,59343
Norfolk,norfolk,2024/25,8082,71,986,0,3,2792,327,4179,12261,59393,8082,71,986,0,3,2792,327,4179,12261,59393,7994,57,957,0,3,2802,304,4123,12117,58990,7994,57,957,0,3,2802,304,4123,12117,58990
Norfolk,norfolk,2025/26,8508,50,792,0,3,2837,291,3973,12481,57956,8508,50,792,0,3,2837,291,3973,12481,57956,7093,32,732,0,3,2701,221,3689,10782,54066,7093,32,732,0,3,2701,221,3689,10782,54066
North Wales,north-wales,2014/15,7971,326,1300,451,511,1770,0,4358,12329,36144,7969,326,1300,451,511,1770,0,4358,12327,36142,7982,312,1295,449,514,1801,0,4371,12353,36710,7982,312,1295,449,514,1801,0,4371,12353,36710
North Wales,north-wales,2015/16,7705,202,1157,328,346,1731,0,3764,11469,37072,7705,202,1157,328,346,1731,0,3764,11469,37072,7779,199,1183,333,336,1760,0,3811,11590,38646,7779,199,1183,333,336,1760,0,3811,11590,38646
North Wales,north-wales,2016/17,7046,161,968,203,279,1543,0,3154,10200,38560,7046,161,968,203,279,1543,0,3154,10200,38560,7194,150,958,193,293,1498,0,3092,10286,39480,7194,150,958,193,293,1498,0,3092,10286,39480
North Wales,north-wales,2017/18,6835,145,718,138,289,988,0,2278,9113,44255,6835,145,718,138,289,988,0,2278,9113,44255,7086,169,721,141,297,1095,0,2423,9509,51575,7086,169,721,141,297,1095,0,2423,9509,51575
North Wales,north-wales,2018/19,6581,131,617,105,277,1001,0,2131,8712,61446,6581,131,617,105,277,1001,0,2131,8712,61446,6841,144,666,105,271,974,2,2162,9003,59826,6841,144,666,105,271,974,2,2162,9003,59826
North Wales,north-wales,2019/20,6343,142,552,43,139,1303,71,2250,8593,57933,6343,142,552,43,139,1303,71,2250,8593,57933,6460,122,493,29,119,1353,124,2240,8700,60584,6460,122,493,29,119,1353,124,2240,8700,60584
North Wales,north-wales,2020/21,6190,94,261,1,8,1261,446,2071,8261,62545,6190,94,261,1,8,1261,446,2071,8261,62545,5938,89,237,1,8,1174,541,2050,7988,54867,5938,89,237,1,8,1174,541,2050,7988,54867
North Wales,north-wales,2021/22,5459,80,203,0,1,1236,628,2148,7607,56613,5459,80,203,0,1,1236,628,2148,7607,56613,5804,112,199,0,0,1480,687,2478,8282,66446,5804,112,199,0,0,1480,687,2478,8282,66446
North Wales,north-wales,2022/23,5843,109,187,0,0,1558,523,2377,8220,58398,5843,109,187,0,0,1558,523,2377,8220,58398,6056,106,191,0,0,1594,661,2552,8608,60535,6056,106,191,0,0,1594,661,2552,8608,60535
North Wales,north-wales,2023/24,6024,120,180,0,0,1684,704,2688,8712,64780,6024,120,180,0,0,1684,704,2688,8712,64780,5855,128,189,0,0,1563,617,2497,8352,55240,5855,128,189,0,0,1563,617,2497,8352,55240
North Wales,north-wales,2024/25,5975,112,204,0,0,1488,650,2454,8429,52804,5975,112,204,0,0,1488,650,2454,8429,52804,5761,123,203,0,0,1512,703,2541,8302,51872,5761,123,203,0,0,1512,703,2541,8302,51872
North Wales,north-wales,2025/26,6554,140,193,0,1,2323,731,3388,9942,50682,6554,140,193,0,1,2323,731,3388,9942,50682,5728,74,154,0,1,2255,555,3039,8767,47123,5728,74,154,0,1,2255,555,3039,8767,47123
North Yorkshire,north-yorkshire,2014/15,7338,319,1143,183,647,2102,0,4394,11732,34408,7327,319,1143,183,647,2102,0,4394,11721,34385,7404,310,1166,188,644,2173,0,4481,11885,34588,7404,310,1166,188,644,2173,0,4481,11885,34588
North Yorkshire,north-yorkshire,2015/16,6693,304,1129,151,559,1907,0,4050,10743,36810,6693,304,1129,151,559,1907,0,4050,10743,36810,6989,321,1166,153,587,1994,0,4221,11210,38955,6989,321,1166,153,587,1994,0,4221,11210,38955
North Yorkshire,north-yorkshire,2016/17,6954,253,1086,134,435,2020,0,3928,10882,38274,6954,253,1086,134,435,2020,0,3928,10882,38274,6880,263,1062,124,416,1967,0,3832,10712,37549,6880,263,1062,124,416,1967,0,3832,10712,37549
North Yorkshire,north-yorkshire,2017/18,4800,107,711,84,344,1395,0,2641,7441,28362,4800,107,711,84,344,1395,0,2641,7441,28362,6432,168,958,102,374,2083,5,3690,10122,39005,6432,168,958,102,374,2083,5,3690,10122,39005
North Yorkshire,north-yorkshire,2018/19,3336,35,586,38,310,805,0,1774,5110,21559,3336,35,586,38,310,805,0,1774,5110,21559,6521,155,1019,93,384,1890,190,3731,10252,45756,6521,155,1019,93,384,1890,190,3731,10252,45756
North Yorkshire,north-yorkshire,2019/20,3502,53,567,48,274,853,0,1795,5297,26491,3502,53,567,48,274,853,0,1795,5297,26491,5639,145,772,75,356,1734,103,3185,8824,46507,5639,145,772,75,356,1734,103,3185,8824,46507
North Yorkshire,north-yorkshire,2020/21,11192,379,1543,175,622,3532,572,6823,18015,88557,11192,379,1543,175,622,3532,572,6823,18015,88557,4808,144,717,88,477,861,415,2702,7510,39155,4808,144,717,88,477,861,415,2702,7510,39155
North Yorkshire,north-yorkshire,2021/22,3968,131,608,63,247,919,504,2472,6440,43261,3968,131,608,63,247,919,504,2472,6440,43261,4458,103,626,78,328,1091,699,2925,7383,46920,4458,103,626,78,328,1091,699,2925,7383,46920
North Yorkshire,north-yorkshire,2022/23,4102,77,576,82,374,1070,645,2824,6926,45844,4102,77,576,82,374,1070,645,2824,6926,45844,4308,80,556,57,304,877,766,2640,6948,49131,4308,80,556,57,304,877,766,2640,6948,49131
North Yorkshire,north-yorkshire,2023/24,4879,78,489,37,305,836,882,2627,7506,52766,4879,78,489,37,305,836,882,2627,7506,52766,5010,62,481,38,269,820,704,2374,7384,47341,5010,62,481,38,269,820,704,2374,7384,47341
North Yorkshire,north-yorkshire,2024/25,6336,75,367,18,153,960,573,2146,8482,49594,6336,75,367,18,153,960,573,2146,8482,49594,5356,59,273,10,114,988,473,1917,7273,44457,5356,59,273,10,114,988,473,1917,7273,44457
North Yorkshire,north-yorkshire,2025/26,6117,65,192,1,2,1479,378,2117,8234,45053,6117,65,192,1,2,1479,378,2117,8234,45053,4859,34,154,1,1,1344,231,1765,6624,40262,4859,34,154,1,1,1344,231,1765,6624,40262
Northamptonshire,northamptonshire,2014/15,6846,421,1694,166,472,1982,0,4735,11581,45127,6835,421,1694,166,472,1981,0,4734,11569,45091,6749,406,1695,163,462,2035,0,4761,11510,45277,6749,406,1695,163,462,2035,0,4761,11510,45277
Northamptonshire,northamptonshire,2015/16,6504,244,1620,90,288,2089,0,4331,10835,47028,6504,244,1620,90,288,2089,0,4331,10835,47028,6879,255,1654,89,302,2094,0,4394,11273,49182,6879,255,1654,89,302,2094,0,4394,11273,49182
Northamptonshire,northamptonshire,2016/17,5643,184,1224,71,285,1352,0,3116,8759,54548,5643,184,1224,71,285,1352,0,3116,8759,54548,5824,168,1218,71,274,1286,0,3017,8841,54390,5824,168,1218,71,274,1286,0,3017,8841,54390
Northamptonshire,northamptonshire,2017/18,5421,179,983,67,255,942,0,2426,7847,53497,5421,179,983,67,255,942,0,2426,7847,53497,5639,195,988,68,267,907,0,2425,8064,54725,5639,195,988,68,267,907,0,2425,8064,54725
Northamptonshire,northamptonshire,2018/19,5328,154,997,65,381,654,0,2251,7579,59918,5328,154,997,65,381,654,0,2251,7579,59918,5636,149,1015,62,384,676,1,2287,7923,60804,5636,149,1015,62,384,676,1,2287,7923,60804
Northamptonshire,northamptonshire,2019/20,5470,147,815,49,337,675,3,2026,7496,63881,5470,147,815,49,337,675,3,2026,7496,63881,5497,165,771,46,315,682,10,1989,7486,62864,5497,165,771,46,315,682,10,1989,7486,62864
Northamptonshire,northamptonshire,2020/21,4920,173,699,0,5,1351,84,2312,7232,61309,4920,173,699,0,5,1351,84,2312,7232,61309,4667,162,721,0,1,1443,114,2441,7108,61147,4667,162,721,0,1,1443,114,2441,7108,61147
Northamptonshire,northamptonshire,2021/22,4799,214,814,0,0,2716,108,3852,8651,60039,4799,214,814,0,0,2716,108,3852,8651,60039,4937,233,816,0,1,2735,103,3888,8825,61639,4937,233,816,0,1,2735,103,3888,8825,61639
Northamptonshire,northamptonshire,2022/23,5210,141,732,0,1,2725,280,3879,9089,64279,5210,141,732,0,1,2725,280,3879,9089,64279,5032,98,710,0,0,2734,303,3845,8877,63679,5032,98,710,0,0,2734,303,3845,8877,63679
Northamptonshire,northamptonshire,2023/24,5519,74,623,0,0,2268,389,3354,8873,60189,5519,74,623,0,0,2268,389,3354,8873,60189,5648,70,618,0,0,2229,433,3350,8998,59826,5648,70,618,0,0,2229,433,3350,8998,59826
Northamptonshire,northamptonshire,2024/25,6301,88,574,0,0,1708,312,2682,8983,59265,6301,88,574,0,0,1708,312,2682,8983,59265,5936,90,570,0,0,1673,243,2576,8512,58456,5936,90,570,0,0,1673,243,2576,8512,58456
Northamptonshire,northamptonshire,2025/26,6159,78,565,0,0,1410,157,2210,8369,57068,6159,78,565,0,0,1410,157,2210,8369,57068,5039,55,494,0,0,1298,145,1992,7031,52650,5039,55,494,0,0,1298,145,1992,7031,52650
Northumbria,northumbria,2014/15,20000,1013,4762,502,819,2630,0,9726,29726,68362,20000,1013,4762,502,819,2630,0,9726,29726,68362,19862,1035,4749,494,803,2654,0,9735,29597,72594,19862,1035,4749,494,803,2654,0,9735,29597,72594
Northumbria,northumbria,2015/16,18764,857,3681,329,607,3133,0,8607,27371,91618,18764,857,3681,329,607,3133,0,8607,27371,91618,19198,872,3738,332,618,3215,0,8775,27973,93482,19198,872,3738,332,618,3215,0,8775,27973,93482
Northumbria,northumbria,2016/17,16032,756,2912,316,496,3024,0,7504,23536,122737,16032,756,2912,316,496,3024,0,7504,23536,122737,16038,776,2925,320,487,2969,0,7477,23515,123431,16038,776,2925,320,487,2969,0,7477,23515,123431
Northumbria,northumbria,2017/18,15365,783,2646,261,462,2393,0,6545,21910,149268,15365,783,2646,261,462,2393,0,6545,21910,149268,15703,766,2673,256,464,2405,0,6564,22267,151467,15703,766,2673,256,464,2405,0,6564,22267,151467
Northumbria,northumbria,2018/19,14946,560,2738,232,491,1837,1,5859,20805,156465,14946,560,2738,232,491,1837,1,5859,20805,156465,15236,552,2760,231,497,1763,2,5805,21041,156323,15236,552,2760,231,497,1763,2,5805,21041,156323
Northumbria,northumbria,2019/20,13147,494,2526,208,598,1162,134,5122,18269,143369,13147,494,2526,208,598,1162,134,5122,18269,143369,13184,424,2441,201,602,1128,255,5051,18235,146246,13184,424,2441,201,602,1128,255,5051,18235,146246
Northumbria,northumbria,2020/21,12055,110,2013,173,634,552,455,3937,15992,120068,12055,110,2013,173,634,552,455,3937,15992,120068,11615,93,2050,177,632,522,424,3898,15513,120978,11615,93,2050,177,632,522,424,3898,15513,120978
Northumbria,northumbria,2021/22,8851,192,2069,128,379,561,554,3883,12734,131719,8851,192,2069,128,379,561,554,3883,12734,131719,9187,224,2076,127,382,584,633,4026,13213,135205,9187,224,2076,127,382,584,633,4026,13213,135205
Northumbria,northumbria,2022/23,9082,201,1821,104,381,576,571,3654,12736,142216,9082,201,1821,104,381,576,571,3654,12736,142216,9169,202,1811,100,383,555,593,3644,12813,141673,9169,202,1811,100,383,555,593,3644,12813,141673
Northumbria,northumbria,2023/24,11889,197,1584,41,309,560,757,3448,15337,141392,11889,197,1584,41,309,560,757,3448,15337,141392,12580,204,1677,38,276,711,821,3727,16307,143147,12580,204,1677,38,276,711,821,3727,16307,143147
Northumbria,northumbria,2024/25,15383,202,1448,0,6,4211,979,6846,22229,133909,15383,202,1448,0,6,4211,979,6846,22229,133909,15292,218,1577,0,4,4530,994,7323,22615,136290,15292,218,1577,0,4,4530,994,7323,22615,136290
Northumbria,northumbria,2025/26,15810,174,1240,1,1,4030,762,6208,22018,130404,15810,174,1240,1,1,4030,762,6208,22018,130404,13537,106,987,1,2,3662,633,5391,18928,122552,13537,106,987,1,2,3662,633,5391,18928,122552
Nottinghamshire,nottinghamshire,2014/15,14358,432,2258,217,773,3634,0,7314,21672,73003,14356,432,2258,217,773,3634,0,7314,21670,72989,14530,442,2300,220,782,3616,0,7360,21890,72158,14530,442,2300,220,782,3616,0,7360,21890,72158
Nottinghamshire,nottinghamshire,2015/16,13291,372,1625,165,413,2703,0,5278,18569,70400,13291,372,1625,165,413,2703,0,5278,18569,70400,13689,408,1699,187,456,2812,0,5562,19251,72132,13689,408,1699,187,456,2812,0,5562,19251,72132
Nottinghamshire,nottinghamshire,2016/17,11858,280,1214,143,410,2401,0,4448,16306,81630,11858,280,1214,143,410,2401,0,4448,16306,81630,12483,298,1201,130,386,2329,0,4344,16827,82258,12483,298,1201,130,386,2329,0,4344,16827,82258
Nottinghamshire,nottinghamshire,2017/18,12355,340,1132,136,329,1693,0,3630,15985,95228,12355,340,1132,136,329,1693,0,3630,15985,95228,12652,335,1137,138,335,1726,0,3671,16323,97320,12652,335,1137,138,335,1726,0,3671,16323,97320
Nottinghamshire,nottinghamshire,2018/19,12204,250,1257,139,486,1725,0,3857,16061,105446,12204,250,1257,139,486,1725,0,3857,16061,105446,12947,235,1280,137,511,1783,1,3947,16894,107917,12947,235,1280,137,511,1783,1,3947,16894,107917
Nottinghamshire,nottinghamshire,2019/20,12431,189,1151,174,812,1640,0,3966,16397,108034,12431,189,1151,174,812,1640,0,3966,16397,108034,12240,187,1138,175,792,1576,2,3870,16110,107141,12240,187,1138,175,792,1576,2,3870,16110,107141
Nottinghamshire,nottinghamshire,2020/21,9365,190,1200,279,887,1300,58,3914,13279,87245,9365,190,1200,279,887,1300,58,3914,13279,87245,8965,168,1207,286,892,1277,66,3896,12861,85099,8965,168,1207,286,892,1277,66,3896,12861,85099
Nottinghamshire,nottinghamshire,2021/22,8575,215,1306,260,706,2391,237,5115,13690,96680,8575,215,1306,260,706,2391,237,5115,13690,96680,9172,250,1359,257,701,2535,343,5445,14617,99532,9172,250,1359,257,701,2535,343,5445,14617,99532
Nottinghamshire,nottinghamshire,2022/23,9976,205,1315,226,527,2860,691,5824,15800,105417,9976,205,1315,226,527,2860,691,5824,15800,105417,10084,189,1284,223,511,2807,758,5772,15856,105018,10084,189,1284,223,511,2807,758,5772,15856,105018
Nottinghamshire,nottinghamshire,2023/24,11513,151,1264,151,259,2692,1052,5569,17082,103133,11513,151,1264,151,259,2692,1052,5569,17082,103133,11203,121,1287,139,240,2728,1005,5520,16723,101669,11203,121,1287,139,240,2728,1005,5520,16723,101669
Nottinghamshire,nottinghamshire,2024/25,12211,50,1200,70,109,2663,938,5030,17241,98433,12211,50,1200,70,109,2663,938,5030,17241,98433,11760,31,1111,68,102,2633,982,4927,16687,97538,11760,31,1111,68,102,2633,982,4927,16687,97538
Nottinghamshire,nottinghamshire,2025/26,13280,25,1001,0,0,2496,973,4495,17775,101195,13280,25,1001,0,0,2496,973,4495,17775,101195,11261,20,887,0,0,2328,858,4093,15354,95585,11261,20,887,0,0,2328,858,4093,15354,95585
South Wales,south-wales,2014/15,18107,251,2991,1455,843,1027,0,6567,24674,88439,18105,251,2991,1455,843,1027,0,6567,24672,88434,18272,254,2984,1423,859,1003,0,6523,24795,88896,18272,254,2984,1423,859,1003,0,6523,24795,88896
South Wales,south-wales,2015/16,18177,254,2965,1347,789,1270,0,6625,24802,87852,18177,254,2965,1347,789,1270,0,6625,24802,87852,18324,240,2951,1352,747,1393,0,6683,25007,89119,18324,240,2951,1352,747,1393,0,6683,25007,89119
South Wales,south-wales,2016/17,17528,180,2176,792,558,3646,0,7352,24880,93879,17528,180,2176,792,558,3646,0,7352,24880,93879,17434,182,2134,780,559,3791,1,7447,24881,94853,17434,182,2134,780,559,3791,1,7447,24881,94853
South Wales,south-wales,2017/18,16269,164,1735,553,603,3848,0,6903,23172,104845,16269,164,1735,553,603,3848,0,6903,23172,104845,16526,173,1736,550,611,3753,2,6825,23351,104884,16526,173,1736,550,611,3753,2,6825,23351,104884
South Wales,south-wales,2018/19,15660,173,1666,368,773,3182,0,6162,21822,108184,15660,173,1666,368,773,3182,0,6162,21822,108184,16410,184,1694,367,763,3354,21,6383,22793,111535,16410,184,1694,367,763,3354,21,6383,22793,111535
South Wales,south-wales,2019/20,13696,176,1272,311,808,3032,287,5886,19582,104493,13696,176,1272,311,808,3032,287,5886,19582,104493,13769,177,1293,311,867,3079,463,6190,19959,110520,13769,177,1293,311,867,3079,463,6190,19959,110520
South Wales,south-wales,2020/21,11884,122,959,227,949,2492,470,5219,17103,88733,11884,122,959,227,949,2492,470,5219,17103,88733,12289,103,965,248,1046,2624,498,5484,17773,94969,12289,103,965,248,1046,2624,498,5484,17773,94969
South Wales,south-wales,2021/22,11067,106,788,207,755,3505,616,5977,17044,116583,11067,106,788,207,755,3505,616,5977,17044,116583,10435,105,733,167,585,3361,431,5382,15817,103953,10435,105,733,167,585,3361,431,5382,15817,103953
South Wales,south-wales,2022/23,9360,83,393,45,167,2349,184,3221,12581,103968,9360,83,393,45,167,2349,184,3221,12581,103968,9710,88,405,39,155,2319,309,3315,13025,106250,9710,88,405,39,155,2319,309,3315,13025,106250
South Wales,south-wales,2023/24,10994,82,439,0,8,1927,580,3036,14030,112302,10994,82,439,0,8,1927,580,3036,14030,112302,11271,94,443,0,1,1789,527,2854,14125,112714,11271,94,443,0,1,1789,527,2854,14125,112714
South Wales,south-wales,2024/25,13523,105,451,1,2,1767,866,3192,16715,110363,13523,105,451,1,2,1767,866,3192,16715,110363,13479,90,517,1,2,1820,944,3374,16853,109186,13479,90,517,1,2,1820,944,3374,16853,109186
South Wales,south-wales,2025/26,14957,97,538,0,2,2149,1400,4186,19143,107554,14957,97,538,0,2,2149,1400,4186,19143,107554,13337,80,466,0,0,2120,1369,4035,17372,100634,13337,80,466,0,0,2120,1369,4035,17372,100634
South Yorkshire,south-yorkshire,2014/15,15431,771,1844,931,624,3258,0,7428,22859,76699,15427,771,1842,931,624,3258,0,7426,22853,76681,11452,576,1324,669,444,2385,0,5398,16850,71288,11452,576,1324,669,444,2385,0,5398,16850,71288
South Yorkshire,south-yorkshire,2015/16,14346,588,1454,634,410,3450,0,6536,20882,98930,14346,588,1454,634,410,3450,0,6536,20882,98930,14598,570,1480,627,418,3482,0,6577,21175,101969,14598,570,1480,627,418,3482,0,6577,21175,101969
South Yorkshire,south-yorkshire,2016/17,13765,467,1204,450,338,3122,0,5581,19346,117032,13765,467,1204,450,338,3122,0,5581,19346,117031,13972,457,1188,447,337,3111,0,5540,19512,121326,13972,457,1188,447,337,3111,0,5540,19512,121326
South Yorkshire,south-yorkshire,2017/18,13318,374,1143,307,310,2682,1,4817,18135,148682,13318,374,1143,307,310,2682,1,4817,18135,148681,12973,344,1136,305,320,2643,1,4749,17722,142089,12973,344,1136,305,320,2643,1,4749,17722,142089
South Yorkshire,south-yorkshire,2018/19,12932,263,1051,277,388,2670,8,4657,17589,147014,12932,263,1051,277,388,2670,8,4657,17589,147014,12818,238,1079,274,388,2642,18,4639,17457,145655,12818,238,1079,274,388,2642,18,4639,17457,145655
South Yorkshire,south-yorkshire,2019/20,12391,244,1476,310,626,3046,1180,6882,19273,149752,12391,244,1476,310,626,3046,1180,6882,19273,149752,12585,228,1505,303,632,3149,1505,7322,19907,148628,12585,228,1505,303,632,3149,1505,7322,19907,148628
South Yorkshire,south-yorkshire,2020/21,11509,196,2170,242,633,6459,5809,15509,27018,128290,11509,196,2170,242,633,6459,5809,15509,27018,128290,11533,200,2168,243,628,6497,5683,15419,26952,130493,11533,200,2168,243,628,6497,5683,15419,26952,130493
South Yorkshire,south-yorkshire,2021/22,10750,146,1930,125,344,5285,5073,12903,23653,147211,10750,146,1930,125,344,5285,5073,12903,23653,147211,11004,158,1910,123,338,5223,5213,12965,23969,148425,11004,158,1910,123,338,5223,5213,12965,23969,148425
South Yorkshire,south-yorkshire,2022/23,12213,177,1381,100,224,4712,3558,10152,22365,160944,12213,177,1381,100,224,4712,3558,10152,22365,160944,12085,182,1347,103,223,4716,3237,9808,21893,160368,12085,182,1347,103,223,4716,3237,9808,21893,160368
South Yorkshire,south-yorkshire,2023/24,13187,157,1201,80,143,4273,109,5963,19150,155139,13187,157,1201,80,143,4273,109,5963,19150,155139,13266,148,1237,76,132,4253,129,5975,19241,154469,13266,148,1237,76,132,4253,129,5975,19241,154469
South Yorkshire,south-yorkshire,2024/25,14458,165,1148,55,51,4025,431,5875,20333,148988,14458,165,1148,55,51,4025,431,5875,20333,148988,14308,177,1121,53,54,4050,437,5892,20200,148220,14308,177,1121,53,54,4050,437,5892,20200,148220
South Yorkshire,south-yorkshire,2025/26,14298,165,1027,38,21,5041,534,6826,21124,143786,14298,165,1027,38,21,5041,534,6826,21124,143786,12708,127,940,37,16,4984,518,6622,19330,139029,12708,127,940,37,16,4984,518,6622,19330,139029
Staffordshire,staffordshire,2014/15,10511,240,1607,225,393,2630,0,5095,15606,60429,10508,240,1607,225,393,2630,0,5095,15603,60402,10682,222,1690,208,375,2614,0,5109,15791,60570,10682,222,1690,208,375,2614,0,5109,15791,60570
Staffordshire,staffordshire,2015/16,10860,191,1430,1,0,2599,0,4221,15081,66878,10860,191,1430,1,0,2599,0,4221,15081,66878,11026,232,1433,3,0,2667,0,4335,15361,68119,11026,232,1433,3,0,2667,0,4335,15361,68119
Staffordshire,staffordshire,2016/17,11302,233,1512,3,4,2900,0,4652,15954,79427,11302,233,1512,3,4,2900,0,4652,15954,79427,11308,303,1416,0,2,2868,0,4589,15897,77548,11308,303,1416,0,2,2868,0,4589,15897,77548
Staffordshire,staffordshire,2017/18,9553,322,1182,5,0,2998,0,4507,14060,76286,9553,322,1182,5,0,2998,0,4507,14060,76286,9877,237,1207,5,0,2984,0,4433,14310,83696,9877,237,1207,5,0,2984,0,4433,14310,83696
Staffordshire,staffordshire,2018/19,8731,264,1060,1,0,2375,0,3700,12431,88596,8731,264,1060,1,0,2375,0,3700,12431,88596,8785,250,1026,4,0,2279,56,3615,12400,84850,8785,250,1026,4,0,2279,56,3615,12400,84850
Staffordshire,staffordshire,2019/20,7466,210,980,18,0,2101,257,3566,11032,81197,7466,210,980,18,0,2101,257,3566,11032,81197,7546,186,985,14,0,2045,222,3452,10998,79225,7546,186,985,14,0,2045,222,3452,10998,79225
Staffordshire,staffordshire,2020/21,5176,92,567,0,1,1175,1115,2950,8126,60937,5176,92,567,0,1,1175,1115,2950,8126,60937,5846,117,616,0,1,1352,1457,3543,9389,66091,5846,117,616,0,1,1352,1457,3543,9389,66091
Staffordshire,staffordshire,2021/22,5604,109,784,0,0,1608,2670,5171,10775,68030,5604,109,784,0,0,1608,2670,5171,10775,68030,5899,107,784,0,0,1598,2481,4970,10869,69587,5899,107,784,0,0,1598,2481,4970,10869,69587
Staffordshire,staffordshire,2022/23,8196,180,865,0,0,2281,1668,4994,13190,92351,8196,180,865,0,0,2281,1668,4994,13190,92351,8419,199,937,0,0,2254,1644,5034,13453,97054,8419,199,937,0,0,2254,1644,5034,13453,97054
Staffordshire,staffordshire,2023/24,8384,191,682,0,1,2992,727,4593,12977,89836,8384,191,682,0,1,2992,727,4593,12977,89836,8203,198,624,0,1,3210,640,4673,12876,85632,8203,198,624,0,1,3210,640,4673,12876,85632
Staffordshire,staffordshire,2024/25,8874,169,379,0,0,4132,267,4947,13821,86330,8874,169,379,0,0,4132,267,4947,13821,86330,8584,165,429,0,0,4066,265,4925,13509,85177,8584,165,429,0,0,4066,265,4925,13509,85177
Staffordshire,staffordshire,2025/26,9797,164,376,0,0,4526,196,5262,15059,89788,9797,164,376,0,0,4526,196,5262,15059,89788,7906,123,230,0,0,4360,178,4891,12797,81574,7906,123,230,0,0,4360,178,4891,12797,81574
Suffolk,suffolk,2014/15,7020,240,1334,229,522,2826,0,5151,12171,31111,7020,240,1334,229,522,2826,0,5151,12171,31111,6926,249,1320,227,514,2876,0,5186,12112,33286,6926,249,1320,227,514,2876,0,5186,12112,33286
Suffolk,suffolk,2015/16,5654,119,396,196,120,1010,1,1842,7496,39201,5654,119,396,196,120,1010,1,1842,7496,39201,5874,141,461,193,132,1243,2,2172,8046,39310,5874,141,461,193,132,1243,2,2172,8046,39310
Suffolk,suffolk,2016/17,5887,243,1026,122,245,2219,2,3857,9744,44067,5887,243,1026,122,245,2219,2,3857,9744,44067,5825,265,1020,120,257,2209,1,3872,9697,45012,5825,265,1020,120,257,2209,1,3872,9697,45012
Suffolk,suffolk,2017/18,5696,266,901,93,303,1737,0,3300,8996,51917,5696,266,901,93,303,1737,0,3300,8996,51917,5920,243,923,96,297,1684,0,3243,9163,53015,5920,243,923,96,297,1684,0,3243,9163,53015
Suffolk,suffolk,2018/19,5733,173,1029,72,306,1493,0,3073,8806,54598,5733,173,1029,72,306,1493,0,3073,8806,54598,6020,200,1049,68,309,1479,0,3105,9125,54438,6020,200,1049,68,309,1479,0,3105,9125,54438
Suffolk,suffolk,2019/20,5956,197,1074,93,393,993,253,3003,8959,57516,5956,197,1074,93,393,993,253,3003,8959,57516,5972,224,1086,92,385,917,294,2998,8970,56657,5972,224,1086,92,385,917,294,2998,8970,56657
Suffolk,suffolk,2020/21,4835,222,887,103,552,852,246,2862,7697,48051,4835,222,887,103,552,852,246,2862,7697,48051,4863,181,856,105,560,851,257,2810,7673,48135,4863,181,856,105,560,851,257,2810,7673,48135
Suffolk,suffolk,2021/22,4714,144,769,89,433,932,343,2710,7424,49741,4714,144,769,89,433,932,343,2710,7424,49741,4714,142,785,87,419,966,354,2753,7467,50621,4714,142,785,87,419,966,354,2753,7467,50621
Suffolk,suffolk,2022/23,5179,133,647,10,65,1363,344,2562,7741,52300,5179,133,647,10,65,1363,344,2562,7741,52300,5268,118,679,7,58,1440,362,2664,7932,52084,5268,118,679,7,58,1440,362,2664,7932,52084
Suffolk,suffolk,2023/24,4995,102,618,0,6,1420,357,2503,7498,46373,4995,102,618,0,6,1420,357,2503,7498,46373,4864,106,590,0,5,1404,336,2441,7305,45833,4864,106,590,0,5,1404,336,2441,7305,45833
Suffolk,suffolk,2024/25,4957,74,588,1,9,1626,217,2515,7472,44512,4957,74,588,1,9,1626,217,2515,7472,44512,4778,66,564,1,9,1653,206,2499,7277,44209,4778,66,564,1,9,1653,206,2499,7277,44209
Suffolk,suffolk,2025/26,5319,39,527,0,0,1839,211,2616,7935,43268,5319,39,527,0,0,1839,211,2616,7935,43268,4449,28,473,0,0,1730,158,2389,6838,40316,4449,28,473,0,0,1730,158,2389,6838,40316
Surrey,surrey,2014/15,6769,130,1866,876,832,1774,0,5478,12247,48510,6769,130,1866,876,832,1774,0,5478,12247,48510,6932,143,1890,924,881,1837,0,5675,12607,50183,6932,143,1890,924,881,1837,0,5675,12607,50183
Surrey,surrey,2015/16,6615,160,1744,694,616,3227,0,6441,13056,60947,6615,160,1744,694,616,3227,0,6441,13056,60947,6235,140,1639,606,544,3137,0,6066,12301,59231,6235,140,1639,606,544,3137,0,6066,12301,59231
Surrey,surrey,2016/17,5887,89,1165,372,549,3061,0,5236,11123,61775,5887,89,1165,372,549,3061,0,5236,11123,61775,5936,86,1143,365,536,3079,0,5209,11145,64303,5936,86,1143,365,536,3079,0,5209,11145,64303
Surrey,surrey,2017/18,6033,78,1013,334,769,3016,0,5210,11243,74346,6033,78,1013,334,769,3016,0,5210,11243,74346,6058,92,996,332,780,3035,0,5235,11293,73486,6058,92,996,332,780,3035,0,5235,11293,73486
Surrey,surrey,2018/19,5652,69,836,276,845,3476,0,5502,11154,75957,5652,69,836,276,845,3476,0,5502,11154,75957,6002,57,825,272,850,3558,51,5613,11615,76719,6002,57,825,272,850,3558,51,5613,11615,76719
Surrey,surrey,2019/20,5233,84,511,63,187,4580,220,5645,10878,77627,5233,84,511,63,187,4580,220,5645,10878,77627,5211,94,530,56,163,4298,277,5418,10629,76910,5211,94,530,56,163,4298,277,5418,10629,76910
Surrey,surrey,2020/21,4388,61,595,4,5,4569,306,5540,9928,68030,4388,61,595,4,5,4569,306,5540,9928,68030,4311,59,608,3,0,4590,359,5619,9930,66772,4311,59,608,3,0,4590,359,5619,9930,66772
Surrey,surrey,2021/22,3337,95,545,0,1,2985,490,4116,7453,69144,3337,95,545,0,1,2985,490,4116,7453,69144,3476,97,563,0,0,2996,484,4140,7616,72153,3476,97,563,0,0,2996,484,4140,7616,72153
Surrey,surrey,2022/23,3672,104,432,0,1,3056,596,4189,7861,73082,3672,104,432,0,1,3056,596,4189,7861,73082,4072,117,419,0,0,3113,687,4336,8408,73946,4072,117,419,0,0,3113,687,4336,8408,73946
Surrey,surrey,2023/24,5048,139,522,2,3,2112,965,3743,8791,74710,5048,139,522,2,3,2112,965,3743,8791,74710,5341,166,520,0,0,2052,1090,3828,9169,74803,5341,166,520,0,0,2052,1090,3828,9169,74803
Surrey,surrey,2024/25,6618,116,449,0,0,1808,905,3278,9896,75063,6618,116,449,0,0,1808,905,3278,9896,75063,6268,69,437,0,0,1863,892,3261,9529,72608,6268,69,437,0,0,1863,892,3261,9529,72608
Surrey,surrey,2025/26,7821,56,316,0,1,2441,821,3635,11456,75561,7821,56,316,0,1,2441,821,3635,11456,75561,5943,23,213,0,1,2257,553,3047,8990,67082,5943,23,213,0,1,2257,553,3047,8990,67082
Sussex,sussex,2014/15,14097,745,3879,665,837,3603,0,9729,23826,87772,14082,745,3879,665,837,3603,0,9729,23811,87753,14364,716,3872,672,837,3671,0,9768,24132,89252,14364,716,3872,672,837,3671,0,9768,24132,89252
Sussex,sussex,2015/16,12847,583,3243,499,643,3734,0,8702,21549,94281,12847,583,3243,499,643,3734,0,8702,21549,94281,12865,583,3232,496,647,3747,0,8705,21570,94941,12865,583,3232,496,647,3747,0,8705,21570,94941
Sussex,sussex,2016/17,10855,371,2454,366,622,3095,0,6908,17763,105095,10855,371,2454,366,622,3095,0,6908,17763,105095,10926,358,2409,356,616,2958,0,6697,17623,104536,10926,358,2409,356,616,2958,0,6697,17623,104536
Sussex,sussex,2017/18,10462,258,1844,306,497,2195,0,5100,15562,111634,10462,258,1844,306,497,2195,0,5100,15562,111634,10431,200,1905,315,493,2230,0,5143,15574,113255,10431,200,1905,315,493,2230,0,5143,15574,113255
Sussex,sussex,2018/19,8882,164,1979,255,456,1902,0,4756,13638,113661,8882,164,1979,255,456,1902,0,4756,13638,113661,9404,207,2018,266,458,1912,2,4863,14267,116834,9404,207,2018,266,458,1912,2,4863,14267,116834
Sussex,sussex,2019/20,8323,203,2176,284,20,2191,235,5109,13432,128758,8323,203,2176,284,20,2191,235,5109,13432,128758,8768,199,2195,281,0,2170,324,5169,13937,127671,8768,199,2195,281,0,2170,324,5169,13937,127671
Sussex,sussex,2020/21,8262,185,1861,280,3,1911,432,4672,12934,108242,8262,185,1861,280,3,1911,432,4672,12934,108242,7851,232,1828,274,0,2001,462,4797,12648,108104,7851,232,1828,274,0,2001,462,4797,12648,108104
Sussex,sussex,2021/22,7585,250,1806,128,0,2293,493,4970,12555,116665,7585,250,1806,128,0,2293,493,4970,12555,116665,7710,231,1856,98,0,2393,462,5040,12750,119745,7710,231,1856,98,0,2393,462,5040,12750,119745
Sussex,sussex,2022/23,7255,219,1537,2,0,3981,506,6245,13500,126035,7255,219,1537,2,0,3981,506,6245,13500,126035,7794,206,1465,2,0,4206,632,6511,14305,129141,7794,206,1465,2,0,4206,632,6511,14305,129141
Sussex,sussex,2023/24,8204,202,1306,1,0,5295,683,7487,15691,126866,8204,202,1306,1,0,5295,683,7487,15691,126866,9140,209,1425,1,0,5599,750,7984,17124,135346,9140,209,1425,1,0,5599,750,7984,17124,135346
Sussex,sussex,2024/25,11363,207,1552,0,0,5924,854,8537,19900,146093,11363,207,1552,0,0,5924,854,8537,19900,146093,10784,195,1462,0,0,5702,684,8043,18827,133886,10784,195,1462,0,0,5702,684,8043,18827,133886
Sussex,sussex,2025/26,13829,171,1258,0,0,5717,506,7652,21481,135090,13829,171,1258,0,0,5717,506,7652,21481,135090,11336,92,1078,0,0,5286,450,6906,18242,123419,11336,92,1078,0,0,5286,450,6906,18242,123419
Thames Valley,thames-valley,2014/15,18349,718,4685,1638,1232,3226,0,11499,29848,104982,18342,718,4684,1638,1232,3226,0,11498,29840,104958,19035,679,4724,1686,1241,3345,0,11675,30710,119337,19035,679,4724,1686,1241,3345,0,11675,30710,119337
Thames Valley,thames-valley,2015/16,19629,634,3775,1153,991,3431,0,9984,29613,126403,19629,634,3775,1153,991,3431,0,9984,29613,126403,19417,627,3765,1155,980,3385,0,9912,29329,129203,19417,627,3765,1155,980,3385,0,9912,29329,129203
Thames Valley,thames-valley,2016/17,17056,551,2751,723,836,2851,0,7712,24768,137544,17056,551,2751,723,836,2851,0,7712,24768,137543,17080,540,2743,714,872,2827,0,7696,24776,137645,17080,540,2743,714,872,2827,0,7696,24776,137645
Thames Valley,thames-valley,2017/18,14831,489,2037,420,609,1671,0,5226,20057,142653,14831,489,2037,420,609,1671,0,5226,20057,142653,15331,522,2209,436,676,1762,0,5605,20936,148511,15331,522,2209,436,676,1762,0,5605,20936,148511
Thames Valley,thames-valley,2018/19,14008,435,1960,371,690,1409,0,4865,18873,157430,14008,435,1960,371,690,1409,0,4865,18873,157430,14549,454,1984,373,691,1455,0,4957,19506,161289,14549,454,1984,373,691,1455,0,4957,19506,161289
Thames Valley,thames-valley,2019/20,13478,408,2051,436,775,1581,0,5251,18729,175024,13478,408,2051,436,775,1581,0,5251,18729,175024,14300,428,2193,484,859,1884,1,5849,20149,170212,14300,428,2193,484,859,1884,1,5849,20149,170212
Thames Valley,thames-valley,2020/21,12938,405,2264,701,691,6095,0,10156,23094,148617,12938,405,2264,701,691,6095,0,10156,23094,148617,12433,341,2101,632,425,6720,0,10219,22652,149373,12433,341,2101,632,425,6720,0,10219,22652,149373
Thames Valley,thames-valley,2021/22,10328,338,2111,514,33,8879,18,11893,22221,167867,10328,338,2111,514,33,8879,18,11893,22221,167867,10956,370,2224,505,10,9066,18,12193,23149,174560,10956,370,2224,505,10,9066,18,12193,23149,174560
Thames Valley,thames-valley,2022/23,11985,413,2292,429,20,8883,3,12040,24025,184596,11985,413,2292,429,20,8883,3,12040,24025,184596,11677,443,2180,369,2,8577,6,11577,23254,181639,11677,443,2180,369,2,8577,6,11577,23254,181639
Thames Valley,thames-valley,2023/24,12896,385,1707,165,5,8331,4,10597,23493,180329,12896,385,1707,165,5,8331,4,10597,23493,180329,13087,366,1699,171,2,8303,12,10553,23640,173496,13087,366,1699,171,2,8303,12,10553,23640,173496
Thames Valley,thames-valley,2024/25,15251,302,1806,152,2,8280,20,10562,25813,175362,15251,302,1806,152,2,8280,20,10562,25813,175362,14626,261,1814,141,1,8220,127,10564,25190,170273,14626,261,1814,141,1,8220,127,10564,25190,170273
Thames Valley,thames-valley,2025/26,15656,219,1770,156,1,8934,178,11258,26914,170573,15656,219,1770,156,1,8934,178,11258,26914,170573,12274,118,1437,151,0,8427,96,10229,22503,156737,12274,118,1437,151,0,8427,96,10229,22503,156737
Warwickshire,warwickshire,2014/15,3573,113,1114,204,255,796,0,2482,6055,26684,3573,113,1114,204,255,796,0,2482,6055,26684,3609,130,1108,202,247,794,0,2481,6090,27040,3609,130,1108,202,247,794,0,2481,6090,27040
Warwickshire,warwickshire,2015/16,3856,118,1011,185,202,832,0,2348,6204,30722,3856,118,1011,185,202,832,0,2348,6204,30722,3967,118,1035,183,201,834,0,2371,6338,31437,3967,118,1035,183,201,834,0,2371,6338,31437
Warwickshire,warwickshire,2016/17,4319,148,953,146,179,870,0,2296,6615,37354,4319,148,953,146,179,870,0,2296,6615,37354,4261,157,949,142,180,838,0,2266,6527,37184,4261,157,949,142,180,838,0,2266,6527,37184
Warwickshire,warwickshire,2017/18,3726,110,652,105,138,653,0,1658,5384,40093,3726,110,652,105,138,653,0,1658,5384,40093,3773,102,687,113,149,680,2,1733,5506,41437,3773,102,687,113,149,680,2,1733,5506,41437
Warwickshire,warwickshire,2018/19,3177,79,675,70,149,480,1,1454,4631,42494,3177,79,675,70,149,480,1,1454,4631,42494,3225,83,654,64,146,428,26,1401,4626,41971,3225,83,654,64,146,428,26,1401,4626,41971
Warwickshire,warwickshire,2019/20,3028,70,637,63,113,429,141,1453,4481,41633,3028,70,637,63,113,429,141,1453,4481,41633,3126,91,650,60,108,455,145,1509,4635,41848,3126,91,650,60,108,455,145,1509,4635,41848
Warwickshire,warwickshire,2020/21,3421,110,702,82,249,493,172,1808,5229,37263,3421,110,702,82,249,493,172,1808,5229,37263,3331,98,684,85,247,464,173,1751,5082,36552,3331,98,684,85,247,464,173,1751,5082,36552
Warwickshire,warwickshire,2021/22,2781,72,485,48,113,278,214,1210,3991,39180,2781,72,485,48,113,278,214,1210,3991,39180,2749,70,488,48,115,285,218,1224,3973,40075,2749,70,488,48,115,285,218,1224,3973,40075
Warwickshire,warwickshire,2022/23,2614,61,396,33,88,187,93,858,3472,41753,2614,61,396,33,88,187,93,858,3472,41753,2714,48,386,33,86,179,76,808,3522,41779,2714,48,386,33,86,179,76,808,3522,41779
Warwickshire,warwickshire,2023/24,2972,41,346,7,22,384,103,903,3875,37088,2972,41,346,7,22,384,103,903,3875,37088,3363,40,365,4,19,468,156,1052,4415,39604,3363,40,365,4,19,468,156,1052,4415,39604
Warwickshire,warwickshire,2024/25,3236,28,264,0,0,474,149,915,4151,41282,3236,28,264,0,0,474,149,915,4151,41282,3278,28,268,0,0,446,143,885,4163,39133,3278,28,268,0,0,446,143,885,4163,39133
Warwickshire,warwickshire,2025/26,3859,32,248,0,0,438,185,903,4762,40363,3859,32,248,0,0,438,185,903,4762,40363,2779,23,191,0,0,411,139,764,3543,37070,2779,23,191,0,0,411,139,764,3543,37070
West Mercia,west-mercia,2014/15,10164,538,1947,418,695,2951,0,6549,16713,59544,10164,538,1947,418,695,2951,0,6549,16713,59544,10253,569,1976,408,692,2914,0,6559,16812,60654,10253,569,1976,408,692,2914,0,6559,16812,60654
West Mercia,west-mercia,2015/16,10783,559,2327,317,729,2591,0,6523,17306,72152,10783,559,2327,317,729,2591,0,6523,17306,72152,11230,533,2330,321,732,2619,0,6535,17765,73531,11230,533,2330,321,732,2619,0,6535,17765,73531
West Mercia,west-mercia,2016/17,11544,480,2011,201,533,2333,0,5558,17102,80538,11544,480,2011,201,533,2333,0,5558,17102,80538,11166,524,2027,198,535,2277,16,5577,16743,80442,11166,524,2027,198,535,2277,16,5577,16743,80442
West Mercia,west-mercia,2017/18,9783,490,1419,143,456,1578,0,4086,13869,81864,9783,490,1419,143,456,1578,0,4086,13869,81864,9851,503,1453,153,481,1594,9,4193,14044,84212,9851,503,1453,153,481,1594,9,4193,14044,84212
West Mercia,west-mercia,2018/19,8574,449,1405,138,394,1155,1,3542,12116,87471,8574,449,1405,138,394,1155,1,3542,12116,87471,8673,406,1418,130,373,1086,32,3445,12118,86581,8673,406,1418,130,373,1086,32,3445,12118,86581
West Mercia,west-mercia,2019/20,8549,270,1412,94,439,943,370,3528,12077,86609,8549,270,1412,94,439,943,370,3528,12077,86609,8788,253,1374,91,440,939,390,3487,12275,86606,8788,253,1374,91,440,939,390,3487,12275,86606
West Mercia,west-mercia,2020/21,7236,142,1153,113,646,569,378,3001,10237,73067,7236,142,1153,113,646,569,378,3001,10237,73067,6930,121,1169,113,653,538,391,2985,9915,72652,6930,121,1169,113,653,538,391,2985,9915,72652
West Mercia,west-mercia,2021/22,6324,108,942,67,216,513,842,2688,9012,84583,6324,108,942,67,216,513,842,2688,9012,84583,6419,105,938,68,195,538,902,2746,9165,86932,6419,105,938,68,195,538,902,2746,9165,86932
West Mercia,west-mercia,2022/23,6974,108,817,50,63,565,912,2515,9489,94678,6974,108,817,50,63,565,912,2515,9489,94678,7232,108,762,47,62,592,838,2409,9641,94524,7232,108,762,47,62,592,838,2409,9641,94524
West Mercia,west-mercia,2023/24,8319,58,657,6,1,1514,332,2568,10887,84796,8319,58,657,6,1,1514,332,2568,10887,84796,8686,54,699,5,1,1614,409,2782,11468,85990,8686,54,699,5,1,1614,409,2782,11468,85990
West Mercia,west-mercia,2024/25,9205,57,560,0,1,1274,456,2348,11553,80365,9205,57,560,0,1,1274,456,2348,11553,80365,8906,64,535,0,1,1293,485,2378,11284,79853,8906,64,535,0,1,1293,485,2378,11284,79853
West Mercia,west-mercia,2025/26,9508,77,701,0,2,1804,684,3268,12776,80687,9508,77,701,0,2,1804,684,3268,12776,80687,7868,55,622,0,2,1664,541,2884,10752,73912,7868,55,622,0,2,1664,541,2884,10752,73912
West Midlands,west-midlands,2014/15,30317,936,3936,1157,861,8138,0,15028,45345,176137,30307,936,3935,1157,861,8137,0,15026,45333,176100,30267,958,4024,1188,847,8254,0,15271,45538,175406,30267,958,4024,1188,847,8254,0,15271,45538,175406
West Midlands,west-midlands,2015/16,29360,845,3921,947,741,7503,0,13957,43317,183614,29360,845,3921,947,741,7503,0,13957,43317,183614,29753,882,3947,945,749,7388,0,13911,43664,185151,29753,882,3947,945,749,7388,0,13911,43664,185151
West Midlands,west-midlands,2016/17,28059,776,3279,618,542,5137,0,10352,38411,206469,28059,776,3279,618,542,5137,0,10352,38411,206469,27842,767,3461,589,540,5052,0,10409,38251,205769,27842,767,3461,589,540,5052,0,10409,38251,205769
West Midlands,west-midlands,2017/18,24503,646,3058,183,495,3836,0,8218,32721,229397,24503,646,3058,183,495,3836,0,8218,32721,229397,24666,653,3040,164,502,3874,0,8233,32899,232723,24666,653,3040,164,502,3874,0,8233,32899,232723
West Midlands,west-midlands,2018/19,22903,495,2467,93,608,3447,0,7110,30013,255585,22903,495,2467,93,608,3447,0,7110,30013,255585,23154,523,2439,94,647,3514,0,7217,30371,258503,23154,523,2439,94,647,3514,0,7217,30371,258503
West Midlands,west-midlands,2019/20,20061,440,2126,125,834,2902,0,6427,26488,265231,20061,440,2126,125,834,2902,0,6427,26488,265231,19418,426,1965,122,824,2758,0,6095,25513,258381,19418,426,1965,122,824,2758,0,6095,25513,258381
West Midlands,west-midlands,2020/21,14181,300,1356,56,474,2380,0,4566,18747,260618,14181,300,1356,56,474,2380,0,4566,18747,260618,11488,137,1061,48,410,2047,0,3703,15191,251296,11488,137,1061,48,410,2047,0,3703,15191,251296
West Midlands,west-midlands,2021/22,13389,290,1627,0,4,4116,78,6115,19504,358285,13389,290,1627,0,4,4116,78,6115,19504,358285,13523,235,1201,0,1,4338,554,6329,19852,356000,13523,235,1201,0,1,4338,554,6329,19852,356000
West Midlands,west-midlands,2022/23,13272,216,1395,0,0,4869,406,6886,20158,363205,13272,216,1395,0,0,4869,406,6886,20158,363205,15156,193,1338,0,0,4733,565,6829,21985,365620,15156,193,1338,0,0,4733,565,6829,21985,365620
West Midlands,west-midlands,2023/24,17330,203,1668,0,0,5999,829,8699,26029,325111,17330,203,1668,0,0,5999,829,8699,26029,325111,18515,202,1710,0,0,6016,644,8572,27087,327607,18515,202,1710,0,0,6016,644,8572,27087,327607
West Midlands,west-midlands,2024/25,25700,329,2089,0,0,9014,524,11956,37656,311670,25700,329,2089,0,0,9014,524,11956,37656,311670,24870,324,2056,0,0,9226,172,11778,36648,306736,24870,324,2056,0,0,9226,172,11778,36648,306736
West Midlands,west-midlands,2025/26,32439,310,2325,0,0,11943,132,14710,47149,304417,32439,310,2325,0,0,11943,132,14710,47149,304417,27711,210,2076,0,0,11135,41,13462,41173,286399,27711,210,2076,0,0,11135,41,13462,41173,286399
West Yorkshire,west-yorkshire,2014/15,22269,1069,4773,758,790,4912,0,12302,34571,126258,22219,1069,4772,758,790,4912,0,12301,34520,126176,23344,1170,4955,726,770,5385,0,13006,36350,137318,23344,1170,4955,726,770,5385,0,13006,36350,137318
West Yorkshire,west-yorkshire,2015/16,23985,964,3370,13,55,7593,0,11995,35980,199638,23985,964,3370,13,55,7593,0,11995,35980,199638,24062,946,3431,9,47,7426,0,11859,35921,200086,24062,946,3431,9,47,7426,0,11859,35921,200086
West Yorkshire,west-yorkshire,2016/17,22920,712,2754,4,13,7034,0,10517,33437,223153,22920,712,2754,4,13,7034,0,10517,33437,223153,23937,746,2876,4,15,7094,0,10735,34672,234752,23937,746,2876,4,15,7094,0,10735,34672,234752
West Yorkshire,west-yorkshire,2017/18,23253,680,2644,5,10,6104,0,9443,32696,245920,23253,680,2644,5,10,6104,0,9443,32696,245920,24536,700,2658,3,12,6138,1,9512,34048,261000,24536,700,2658,3,12,6138,1,9512,34048,261000
West Yorkshire,west-yorkshire,2018/19,21210,529,2044,0,7,5631,0,8211,29421,275645,21210,529,2044,0,7,5631,0,8211,29421,275645,22650,503,2092,0,4,5999,0,8598,31248,291926,22650,503,2092,0,4,5999,0,8598,31248,291926
West Yorkshire,west-yorkshire,2019/20,22252,512,1977,4,18,6012,0,8523,30775,303586,22252,512,1977,4,18,6012,0,8523,30775,303586,21939,483,1904,0,8,5682,6,8083,30022,286086,21939,483,1904,0,8,5682,6,8083,30022,286086
West Yorkshire,west-yorkshire,2020/21,20932,441,2274,1,8,6152,230,9106,30038,253761,20932,441,2274,1,8,6152,230,9106,30038,253761,20381,377,2212,0,2,6146,328,9065,29446,246914,20381,377,2212,0,2,6146,328,9065,29446,246914
West Yorkshire,west-yorkshire,2021/22,19988,361,2342,1,8,6217,923,9852,29840,287604,19988,361,2342,1,8,6217,923,9852,29840,287604,20326,426,2494,1,0,6357,1153,10431,30757,287947,20326,426,2494,1,0,6357,1153,10431,30757,287947
West Yorkshire,west-yorkshire,2022/23,21391,410,2422,2,2,6619,1346,10801,32192,312597,21391,410,2422,2,2,6619,1346,10801,32192,312597,21499,330,2316,2,2,6413,1481,10544,32043,307293,21499,330,2316,2,2,6413,1481,10544,32043,307293
West Yorkshire,west-yorkshire,2023/24,22992,236,2006,0,2,6146,1520,9910,32902,281072,22992,236,2006,0,2,6146,1520,9910,32902,281072,23197,202,1986,0,2,6066,1777,10033,33230,280826,23197,202,1986,0,2,6066,1777,10033,33230,280826
West Yorkshire,west-yorkshire,2024/25,24009,189,1758,2,0,6063,2479,10491,34500,264241,24009,189,1758,2,0,6063,2479,10491,34500,264241,23601,185,1714,2,0,6065,2628,10594,34195,264316,23601,185,1714,2,0,6065,2628,10594,34195,264316
West Yorkshire,west-yorkshire,2025/26,28496,197,2254,4,2,6820,4480,13757,42253,267863,28496,197,2254,4,2,6820,4480,13757,42253,267863,21804,92,1782,6,2,6364,3917,12163,33967,239223,21804,92,1782,6,2,6364,3917,12163,33967,239223
Wiltshire,wiltshire,2014/15,5001,337,1010,190,338,1039,0,2914,7915,27055,5001,337,1010,190,338,1039,0,2914,7915,27055,5138,353,1053,270,349,1100,0,3125,8263,31144,5138,353,1053,270,349,1100,0,3125,8263,31144
Wiltshire,wiltshire,2015/16,5245,386,965,352,290,977,0,2970,8215,39138,5245,386,965,352,290,977,0,2970,8215,39138,2374,174,443,93,133,414,0,1257,3631,17520,2374,174,443,93,133,414,0,1257,3631,17520
Wiltshire,wiltshire,2016/17,4462,325,845,178,275,706,0,2329,6791,38087,4462,325,845,178,275,706,0,2329,6791,38087,4574,370,827,181,261,735,0,2374,6948,38152,4574,370,827,181,261,735,0,2374,6948,38152
Wiltshire,wiltshire,2017/18,4513,329,756,142,180,609,0,2016,6529,41300,4513,329,756,142,180,609,0,2016,6529,41300,5079,267,791,141,178,522,0,1899,6978,43271,5079,267,791,141,178,522,0,1899,6978,43271
Wiltshire,wiltshire,2018/19,5426,186,665,33,182,424,0,1490,6916,45508,5426,186,665,33,182,424,0,1490,6916,45508,5552,170,658,122,194,481,0,1625,7177,43520,5552,170,658,122,194,481,0,1625,7177,43520
Wiltshire,wiltshire,2019/20,5195,53,714,181,216,598,0,1762,6957,41347,5195,53,714,181,216,598,0,1762,6957,41347,5383,60,716,82,213,564,0,1635,7018,43415,5383,60,716,82,213,564,0,1635,7018,43415
Wiltshire,wiltshire,2020/21,4695,68,679,0,307,347,0,1401,6096,39421,4695,68,679,0,307,347,0,1401,6096,39421,4273,52,677,32,298,346,1,1406,5679,36566,4273,52,677,32,298,346,1,1406,5679,36566
Wiltshire,wiltshire,2021/22,3830,51,460,1,130,417,0,1059,4889,39806,3830,51,460,1,130,417,0,1059,4889,39806,4102,56,470,30,119,464,62,1201,5303,41630,4102,56,470,30,119,464,62,1201,5303,41630
Wiltshire,wiltshire,2022/23,4199,45,393,62,1,556,271,1328,5527,42777,4199,45,393,62,1,556,271,1328,5527,42777,4365,47,380,0,1,548,305,1281,5646,44184,4365,47,380,0,1,548,305,1281,5646,44184
Wiltshire,wiltshire,2023/24,4522,39,379,1,0,1097,222,1738,6260,40475,4522,39,379,1,0,1097,222,1738,6260,40475,4495,20,353,1,0,1329,189,1892,6387,40487,4495,20,353,1,0,1329,189,1892,6387,40487
Wiltshire,wiltshire,2024/25,4446,15,373,0,0,2270,287,2945,7391,40216,4446,15,373,0,0,2270,287,2945,7391,40216,4116,9,381,0,0,2229,299,2918,7034,39637,4116,9,381,0,0,2229,299,2918,7034,39637
Wiltshire,wiltshire,2025/26,4418,14,377,0,0,2298,256,2945,7363,42760,4418,14,377,0,0,2298,256,2945,7363,42760,3364,16,306,0,0,2095,208,2625,5989,38267,3364,16,306,0,0,2095,208,2625,5989,38267
